movieId,userId,rating
1544,1,4.0
2184,1,3.0
3647,1,5.0
557,1,4.0
1729,1,5.0
3353,1,5.0
4780,1,3.0
2371,1,4.0
3236,1,3.0
678,1,4.0
810,1,4.0
3410,1,4.0
676,1,4.0
1814,1,3.0
1821,1,5.0
1839,1,5.0
2281,1,4.0
1361,1,4.0
1362,1,4.0
4273,1,4.0
4274,1,4.0
1110,1,5.0
426,1,3.0
453,1,3.0
384,1,3.0
3843,1,4.0
4222,1,5.0
3017,1,3.0
33,1,5.0
4016,1,4.0
4678,1,4.0
3934,1,5.0
4307,1,5.0
3449,1,4.0
2971,1,5.0
4586,1,5.0
1528,1,4.0
1850,1,5.0
839,1,4.0
3162,1,4.0
2173,1,2.0
3181,1,5.0
2662,1,4.0
2288,1,5.0
2493,1,5.0
3993,1,5.0
4056,1,5.0
1008,1,5.0
429,1,3.0
2568,1,4.0
2327,1,5.0
447,1,4.0
443,1,5.0
380,1,5.0
1377,1,5.0
1755,1,4.0
2408,1,3.0
301,1,3.0
2148,1,4.0
1193,1,4.0
4340,1,5.0
1167,1,4.0
4448,1,5.0
629,1,4.0
1767,1,3.0
1700,1,5.0
432,1,5.0
1912,1,4.0
2533,1,4.0
2111,1,5.0
3061,1,5.0
1971,1,2.0
397,1,5.0
25,1,4.0
3052,1,5.0
2173,1,2.0
3027,1,5.0
2349,1,3.0
1646,1,4.0
3206,1,5.0
4747,1,4.0
3049,1,5.0
3354,1,3.0
279,1,5.0
3429,1,5.0
1026,1,4.0
234,1,4.0
814,1,4.0
871,1,5.0
1169,1,4.0
2317,1,4.0
2519,1,5.0
252,1,5.0
208,1,4.0
3890,1,5.0
4077,1,5.0
4346,1,5.0
663,1,5.0
225,1,4.0
3347,1,5.0
3166,1,5.0
2756,1,4.0
2018,1,5.0
22,1,5.0
3008,1,5.0
2095,1,5.0
1166,1,5.0
1183,1,5.0
1830,1,4.0
2072,1,4.0
656,1,5.0
2730,1,5.0
2178,1,4.0
573,1,4.0
2330,1,4.0
275,1,5.0
2460,1,4.0
4003,1,5.0
4677,1,5.0
874,1,5.0
1921,1,4.0
874,1,4.0
512,1,5.0
2979,2,4.5
275,2,4.0
829,2,4.0
715,2,3.5
555,2,4.0
640,2,5.0
572,2,4.5
1991,2,3.0
440,2,4.0
97,2,4.0
4102,2,5.0
1923,2,5.0
288,2,3.5
96,2,3.0
3871,2,4.0
2755,2,3.5
128,2,5.0
1821,3,0.5
1038,3,0.5
978,3,5.0
2407,3,0.5
2832,3,0.5
2493,3,3.5
1370,3,3.0
380,3,4.5
4448,3,0.5
639,3,0.5
3703,3,0.5
3707,3,0.5
1499,3,0.5
4630,3,5.0
60,3,0.5
1540,4,3.0
2169,4,3.0
3360,4,5.0
1491,4,2.0
4023,4,5.0
2371,4,2.0
3635,4,3.0
3236,4,1.0
2204,4,4.0
3702,4,3.0
3410,4,1.0
1839,4,2.0
1698,4,4.0
426,4,3.0
3603,4,4.0
4012,4,4.0
3990,4,5.0
4336,4,5.0
2407,4,5.0
3819,4,5.0
2220,4,3.0
4678,4,2.0
3934,4,4.0
4079,4,5.0
4586,4,5.0
2608,4,2.0
4609,4,5.0
1850,4,4.0
2173,4,4.0
2331,4,4.0
3243,4,4.0
2662,4,4.0
2667,4,4.0
4056,4,5.0
4486,4,5.0
1008,4,4.0
3451,4,3.0
474,4,1.0
3776,4,5.0
1397,4,4.0
2568,4,4.0
2327,4,4.0
456,4,1.0
1377,4,2.0
2979,4,1.0
1625,4,4.0
3015,4,4.0
353,4,3.0
4092,4,4.0
2021,4,3.0
3454,4,5.0
4579,4,2.0
2533,4,5.0
1878,4,2.0
3484,4,5.0
3027,4,3.0
3220,4,5.0
234,4,1.0
1360,4,4.0
651,4,2.0
830,4,2.0
3831,4,5.0
2519,4,5.0
3535,4,4.0
517,4,5.0
663,4,2.0
2756,4,4.0
2018,4,4.0
1335,4,4.0
1055,4,1.0
1430,4,4.0
1183,4,4.0
910,4,4.0
2151,4,2.0
573,4,1.0
3930,4,2.0
766,4,4.0
3463,4,3.0
3580,4,4.0
1835,4,1.0
1793,4,3.0
478,4,4.0
1007,4,5.0
3577,4,2.0
1584,4,5.0
1834,4,4.0
876,4,1.0
3536,4,1.0
4489,4,5.0
1544,5,4.0
1540,5,4.0
1573,5,4.0
2930,5,4.0
2721,5,3.0
557,5,4.0
636,5,3.0
300,5,3.0
3635,5,5.0
2535,5,4.0
1567,5,1.0
3236,5,5.0
2819,5,3.0
678,5,3.0
3702,5,2.0
283,5,2.0
1821,5,5.0
2035,5,3.0
1698,5,4.0
280,5,3.0
2281,5,5.0
1361,5,3.0
1362,5,3.0
4273,5,3.0
4274,5,3.0
4265,5,5.0
1110,5,5.0
2671,5,3.0
696,6,3.0
341,6,4.0
893,6,4.0
2452,6,4.0
1553,6,2.0
1540,6,2.0
2141,6,5.0
3749,6,3.0
1573,6,4.0
2930,6,5.0
3156,6,4.0
2382,6,4.0
2169,6,3.0
2153,6,4.0
1530,6,4.0
1319,6,5.0
1032,6,4.0
2687,6,4.0
646,6,4.0
1252,6,3.0
2993,6,4.0
557,6,5.0
1994,6,4.0
636,6,4.0
1729,6,4.0
300,6,3.0
821,6,4.0
921,6,5.0
824,6,3.0
3353,6,3.0
356,6,3.0
536,6,5.0
1283,6,3.0
3447,6,2.0
1380,6,3.0
737,6,3.0
76,6,3.0
1893,6,3.0
827,6,4.0
2709,6,3.0
2535,6,4.0
1567,6,3.0
983,6,4.0
930,6,4.0
3236,6,2.0
1939,6,1.0
1305,6,4.0
3471,6,3.0
2950,6,5.0
2819,6,3.0
2204,6,3.0
678,6,5.0
2697,6,3.0
810,6,5.0
3702,6,3.0
1545,6,5.0
283,6,4.0
585,6,3.0
677,6,3.0
645,6,4.0
2545,6,4.0
676,6,5.0
404,6,3.0
3834,6,3.0
835,6,3.0
3254,6,3.0
1814,6,5.0
2486,6,4.0
2685,6,3.0
1246,6,4.0
1821,6,3.0
2765,6,3.0
1136,6,2.0
1839,6,5.0
2020,6,5.0
1698,6,5.0
280,6,3.0
2281,6,5.0
1361,6,3.0
1362,6,3.0
4273,6,3.0
4274,6,3.0
4265,6,4.0
1110,6,3.0
2671,6,4.0
1303,6,4.0
1038,6,4.0
1810,6,4.0
1087,6,2.0
384,6,5.0
966,6,1.0
2751,6,3.0
1498,6,4.0
3514,6,4.0
1067,6,4.0
1924,6,4.0
4016,6,3.0
1107,6,4.0
3934,6,3.0
1544,7,4.5
636,7,4.5
356,7,4.0
810,7,5.0
283,7,3.0
676,7,5.0
2020,7,2.0
1698,7,3.0
280,7,2.5
1361,7,3.0
1362,7,3.0
4273,7,3.0
4274,7,3.0
426,7,4.0
4179,7,4.0
3819,7,3.0
2970,7,4.0
2517,7,4.0
1528,7,4.0
2173,7,5.0
2456,7,1.5
2288,7,5.0
2327,7,3.5
366,7,5.0
1377,7,3.0
905,7,0.5
150,7,4.0
2021,7,1.5
4340,7,4.5
397,7,3.5
279,7,5.0
234,7,1.5
814,7,3.0
1122,7,4.5
1360,7,2.0
71,7,1.5
2519,7,4.0
344,7,4.5
374,7,1.5
910,7,4.5
275,7,1.5
214,7,1.0
512,7,3.5
1548,7,4.0
351,7,2.5
546,7,3.0
631,7,4.0
402,7,2.0
1834,7,2.0
900,7,4.0
111,7,0.5
364,7,4.5
279,7,1.0
535,7,1.5
1017,7,3.0
232,7,4.0
389,7,4.0
632,7,3.5
160,7,3.5
231,7,0.5
276,7,4.0
445,7,3.0
565,7,1.5
277,7,4.5
884,7,4.0
1541,7,4.5
166,7,0.5
200,7,4.5
2102,7,4.5
725,7,4.0
566,7,3.5
192,7,2.5
1551,7,4.5
31,7,4.5
304,7,1.0
715,7,4.5
608,7,1.0
526,7,1.0
717,7,4.5
2410,7,4.0
4298,7,4.0
1178,7,3.5
1845,7,2.5
292,7,2.5
248,7,4.0
539,7,2.0
442,7,1.5
746,7,2.0
1179,7,3.5
268,7,3.5
230,7,1.0
120,7,2.0
186,7,3.0
3352,7,3.5
34,7,4.0
567,7,4.5
577,7,0.5
11,7,1.0
879,7,4.5
673,7,2.5
278,7,4.5
527,7,3.0
696,8,2.0
1540,8,4.0
1573,8,5.0
2721,8,3.0
557,8,3.0
636,8,4.0
300,8,2.0
76,8,3.0
2371,8,3.0
930,8,3.0
3236,8,4.0
810,8,3.0
3702,8,5.0
1545,8,4.0
283,8,5.0
676,8,4.0
1814,8,2.0
1821,8,5.0
2514,8,3.0
2020,8,3.0
2281,8,5.0
1361,8,3.0
1362,8,3.0
4273,8,3.0
4274,8,3.0
2671,8,3.0
3156,9,3.0
4780,9,4.0
2795,9,4.0
2288,9,5.0
2821,9,4.0
2332,9,2.0
1154,9,3.0
1167,9,4.0
713,9,2.0
4104,9,3.0
2521,9,1.0
632,9,4.0
231,9,3.0
276,9,4.0
3525,9,4.0
674,9,5.0
569,9,1.0
2957,9,1.0
148,9,3.0
4070,9,4.0
2310,9,5.0
317,9,4.0
3236,10,1.0
810,10,3.5
1698,10,4.0
2671,10,3.5
4336,10,4.0
3452,10,0.5
2458,10,3.0
905,10,3.5
353,10,4.0
1122,10,3.5
2519,10,1.0
663,10,0.5
275,10,4.0
2983,10,3.0
1834,10,3.5
900,10,4.5
2319,10,4.5
1759,10,3.5
1301,10,3.0
823,10,3.0
704,10,3.0
911,10,3.0
1868,10,3.0
329,10,3.5
1836,10,4.0
1063,10,4.0
439,10,4.0
2862,10,3.0
649,10,4.0
1658,10,4.5
516,10,3.5
2333,10,3.5
146,10,5.0
31,10,3.5
958,10,3.5
1845,10,1.0
2400,10,3.5
816,10,4.5
249,10,3.0
120,10,5.0
1727,10,3.0
1687,10,4.0
2572,10,2.5
278,10,5.0
688,10,3.0
2453,10,1.5
3338,10,3.5
1563,10,3.0
3349,10,3.5
1209,10,2.5
4593,10,2.0
887,10,3.0
2476,10,2.0
12,10,3.5
1339,10,4.5
914,10,0.5
1164,10,3.5
67,10,4.0
9,10,3.0
1170,10,0.5
1568,10,2.5
1,10,2.5
357,10,3.0
888,10,3.0
615,10,5.0
3267,10,3.5
1234,10,2.5
7,10,3.5
227,10,2.0
1838,10,3.5
1307,10,3.0
138,10,3.5
926,10,4.0
56,10,4.0
3345,10,4.0
30,10,5.0
217,10,1.0
507,10,4.0
141,10,4.0
2865,10,4.0
3266,10,2.5
125,10,4.5
1389,10,2.0
96,10,0.5
2028,10,4.5
3029,10,3.5
3,10,5.0
2663,10,4.0
1175,10,5.0
696,11,3.0
2930,11,4.0
2103,11,2.0
646,11,3.0
557,11,5.0
636,11,5.0
300,11,3.0
356,11,3.0
1283,11,4.0
76,11,3.0
930,11,4.0
678,11,5.0
810,11,5.0
1545,11,3.0
283,11,4.0
645,11,3.0
676,11,4.0
3834,11,3.0
280,11,4.0
426,11,4.0
384,11,4.0
707,11,3.0
2517,11,5.0
3680,11,4.0
574,11,3.0
474,11,1.0
241,11,3.0
1344,11,4.0
447,11,4.0
443,11,3.0
366,11,5.0
946,11,4.0
456,11,4.0
1857,11,4.0
388,11,4.0
1213,11,5.0
2979,11,4.0
26,11,5.0
905,11,5.0
1892,11,4.0
150,11,4.0
165,11,4.0
2021,11,4.0
1364,11,2.0
629,11,5.0
2721,12,4.0
536,12,5.0
2535,12,4.5
3702,12,3.5
3514,12,5.0
3819,12,4.5
2662,12,3.5
3533,12,5.0
2824,12,3.0
26,12,5.0
433,12,3.5
3241,12,3.5
2985,12,5.0
2742,12,5.0
1542,12,4.0
3580,12,4.5
631,12,4.5
1301,12,4.0
1063,12,5.0
1727,12,5.0
1339,12,5.0
2671,13,3.0
771,13,4.0
593,13,3.0
4638,13,4.0
26,13,4.0
2533,13,3.0
2931,13,2.0
1998,13,4.0
1996,13,2.0
275,13,5.0
834,13,4.0
512,13,4.0
347,13,4.0
644,13,4.0
1974,13,3.0
766,13,4.0
351,13,3.0
2909,13,5.0
1553,14,1.0
3749,14,4.0
2721,14,3.0
646,14,5.0
557,14,5.0
636,14,4.0
300,14,2.0
1253,14,3.0
1567,14,5.0
3236,14,3.0
2950,14,5.0
2819,14,2.0
810,14,4.0
1545,14,3.0
677,14,4.0
645,14,4.0
2545,14,4.0
676,14,3.0
2486,14,3.0
1821,14,3.0
1839,14,4.0
2514,14,3.0
2281,14,4.0
1361,14,2.0
1362,14,2.0
4273,14,2.0
4274,14,2.0
2671,14,3.0
1544,15,2.5
2103,15,1.0
821,15,1.0
3236,15,4.0
810,15,5.0
1821,15,5.0
1698,15,3.0
280,15,5.0
1110,15,2.0
978,15,2.0
2406,15,5.0
839,15,5.0
3162,15,5.0
2662,15,3.5
2288,15,5.0
1354,15,4.5
1154,15,5.0
1167,15,4.0
629,15,3.5
841,15,2.5
3061,15,4.5
2519,15,4.0
208,15,4.5
663,15,2.5
376,15,5.0
1538,15,5.0
3261,15,3.5
681,15,4.0
275,15,5.0
2460,15,1.5
3707,15,4.0
546,15,3.0
631,15,4.0
385,15,3.5
3577,15,1.5
900,15,3.0
364,15,4.0
232,15,3.5
276,15,4.0
884,15,5.0
329,15,3.0
3244,15,3.5
829,15,3.0
2746,15,3.5
831,15,3.0
566,15,2.5
267,15,3.5
230,15,5.0
1201,15,4.5
511,15,3.0
119,15,3.0
117,15,3.5
69,15,2.0
58,15,3.5
131,15,3.0
1816,15,4.0
3628,15,3.0
67,15,3.5
3343,15,4.0
1557,15,3.5
1620,15,4.0
348,15,2.5
1,15,3.0
97,15,3.5
1509,15,3.5
427,15,3.0
221,15,3.0
1571,15,3.0
217,15,4.0
288,15,1.0
229,15,4.0
46,15,3.5
240,15,4.5
819,15,4.0
96,15,4.0
86,15,1.5
75,15,4.5
694,15,4.5
95,15,1.5
2755,15,2.0
1010,15,2.5
128,15,2.0
789,15,2.0
65,15,1.0
271,15,4.0
78,15,4.5
1189,15,3.0
3560,15,5.0
1685,15,3.5
4344,16,4.5
737,16,2.0
3236,16,3.0
810,16,3.5
1821,16,4.0
1728,16,4.5
4179,16,4.5
978,16,4.0
4336,16,3.5
4307,16,4.0
4586,16,4.0
4297,16,3.5
3725,16,4.0
2608,16,5.0
4609,16,4.0
4082,16,4.0
1528,16,4.0
1850,16,3.5
839,16,4.0
3162,16,4.0
2173,16,3.0
3745,16,4.0
1377,16,3.5
3470,16,3.5
2979,16,3.5
3061,16,3.5
920,16,3.0
871,16,3.0
2066,16,3.5
619,16,3.5
2519,16,3.5
663,16,3.5
892,16,3.5
3707,16,4.0
2909,16,3.0
3577,16,4.5
3712,16,3.5
2155,16,3.5
3946,16,4.0
58,16,4.0
67,16,4.0
43,16,4.5
97,16,3.0
1544,17,4.5
2103,17,3.5
557,17,4.5
4344,17,4.0
636,17,3.5
3236,17,5.0
810,17,5.0
676,17,4.5
1821,17,4.5
1728,17,3.5
280,17,4.5
2281,17,4.5
1361,17,4.5
1362,17,4.5
4273,17,4.5
4274,17,4.5
4179,17,4.5
4012,17,3.5
3990,17,3.5
33,17,4.5
1705,17,4.0
4307,17,4.0
3449,17,4.5
707,17,3.5
3725,17,4.5
1850,17,4.5
2347,17,4.5
3243,17,4.0
2288,17,4.5
1008,17,4.0
3680,17,3.0
2320,17,3.5
2824,17,4.0
1397,17,3.0
629,17,4.5
3061,17,4.5
3049,17,4.5
2519,17,4.0
663,17,4.5
3178,17,4.5
4677,17,3.5
3707,17,4.5
3577,17,4.0
2995,17,4.0
1559,17,3.5
3946,17,4.0
120,17,4.0
58,17,3.5
572,17,4.0
159,17,4.5
43,17,4.0
97,17,4.5
1368,17,4.0
1544,18,3.5
893,18,4.5
1573,18,2.5
2930,18,4.0
2184,18,3.5
2993,18,2.5
557,18,4.5
4344,18,4.0
1994,18,3.5
3353,18,4.0
356,18,4.0
3447,18,4.0
76,18,3.0
4780,18,4.0
2371,18,4.5
3236,18,4.0
1305,18,4.0
2950,18,4.0
2819,18,2.5
810,18,4.5
1545,18,2.5
283,18,2.5
676,18,3.5
1814,18,3.5
2486,18,4.0
1821,18,4.5
1728,18,4.0
2793,18,4.0
2514,18,3.5
1698,18,3.5
280,18,4.5
2281,18,4.0
426,18,3.0
804,18,3.0
453,18,3.0
3893,18,4.5
978,18,3.5
2970,18,4.0
2675,18,3.5
1705,18,4.0
4307,18,4.0
2795,18,4.0
4586,18,4.5
3725,18,4.5
4609,18,5.0
4082,18,4.5
1528,18,3.5
1850,18,4.5
839,18,4.0
3162,18,4.0
2173,18,4.5
1666,18,4.5
2456,18,4.0
2288,18,4.0
2493,18,3.5
1008,18,4.0
1036,18,4.5
574,18,3.5
1370,18,4.0
2818,18,4.5
2320,18,3.5
474,18,3.0
1397,18,4.0
2327,18,2.5
388,18,3.0
1377,18,4.0
1354,18,3.5
301,18,3.5
2979,18,4.0
26,18,4.0
2825,18,4.0
905,18,3.5
2148,18,3.5
150,18,3.0
165,18,3.5
4340,18,4.0
1815,18,4.0
1364,18,3.5
1154,18,3.5
1167,18,3.0
629,18,4.0
1700,18,4.0
841,18,3.5
2111,18,4.0
3061,18,4.0
3206,18,3.0
920,18,3.5
1360,18,2.5
2813,18,3.5
2089,18,3.0
663,18,4.5
2756,18,4.0
3008,18,4.5
2095,18,3.0
4244,18,4.0
275,18,4.5
4677,18,3.5
1123,18,3.5
512,18,4.0
3707,18,4.5
546,18,2.5
2451,18,4.0
2909,18,4.5
3577,18,4.5
1584,18,4.0
1853,18,4.0
900,18,4.0
279,18,3.0
1016,18,3.0
1719,18,3.0
232,18,4.0
389,18,4.0
632,18,4.0
1012,18,3.5
160,18,4.0
276,18,4.0
445,18,4.0
674,18,3.0
3897,18,3.5
277,18,3.5
2256,18,3.5
756,18,2.5
317,18,4.0
884,18,4.0
424,18,3.5
329,18,4.0
166,18,3.0
200,18,4.5
187,18,2.0
1704,18,3.0
2102,18,3.5
1559,18,4.0
829,18,3.5
1044,18,0.5
584,18,4.5
2746,18,4.5
516,18,3.0
1899,18,3.0
3444,18,3.0
2155,18,4.0
729,18,3.5
831,18,3.5
566,18,3.5
192,18,3.5
1849,18,2.5
267,18,3.5
4022,18,3.5
715,18,4.0
2139,18,3.5
3639,18,4.0
4298,18,3.5
1178,18,4.0
248,18,3.0
3946,18,3.5
3435,18,3.5
118,18,4.0
816,18,2.0
1179,18,3.5
510,18,3.5
120,18,4.5
243,18,3.5
1296,18,3.5
1516,18,3.0
1137,18,4.0
1597,18,4.0
3352,18,4.0
2628,18,4.0
1687,18,4.0
933,18,4.5
919,18,4.5
1761,18,4.5
34,18,4.0
567,18,3.5
13,18,4.0
3242,18,3.5
1487,18,1.0
2856,18,3.0
1963,18,3.5
119,18,3.5
422,18,4.5
688,18,3.5
2,18,3.5
262,18,3.0
112,18,3.0
985,18,4.5
2181,18,3.5
2064,18,4.0
282,18,4.5
421,18,3.5
2619,18,4.0
69,18,4.0
54,18,2.5
182,18,4.0
116,18,2.5
164,18,3.5
640,18,3.0
1973,18,3.5
1706,18,3.5
1816,18,3.5
572,18,3.5
751,18,4.0
123,18,4.0
159,18,3.5
67,18,4.0
281,18,4.0
3343,18,4.0
1557,18,3.5
1568,18,3.5
60,18,3.0
1,18,4.0
357,18,4.5
2160,18,3.5
440,18,4.5
33,18,3.5
3336,18,4.0
1346,18,3.0
207,18,2.5
1723,18,4.5
80,18,4.0
43,18,4.0
97,18,4.5
189,18,3.0
412,18,4.0
2806,18,3.5
1509,18,3.5
1613,18,3.5
130,18,3.5
18,18,3.0
102,18,4.0
2561,18,3.0
170,18,4.0
427,18,4.0
206,18,4.0
904,18,2.5
1571,18,3.0
4028,18,4.0
302,18,3.5
217,18,3.0
288,18,4.0
748,18,3.5
3860,18,4.0
32,18,3.5
48,18,4.0
520,18,4.0
223,18,3.5
1743,18,3.0
1053,18,3.0
127,18,3.5
184,18,4.0
1479,18,4.0
96,18,4.5
86,18,3.5
47,18,4.0
75,18,3.5
3871,18,4.5
95,18,4.5
2755,18,4.5
2525,18,4.5
201,18,3.5
2550,18,4.0
2555,18,3.5
8,18,3.5
183,18,4.0
789,18,3.5
27,18,3.0
65,18,4.0
271,18,4.5
78,18,3.5
57,18,3.5
177,18,3.5
1912,18,4.0
2126,18,4.5
371,18,3.5
219,18,3.0
1544,19,4.0
696,19,2.0
341,19,2.0
1553,19,2.0
1573,19,4.0
2103,19,3.0
813,19,1.0
2184,19,2.0
1032,19,2.0
2993,19,2.0
300,19,2.0
821,19,3.0
824,19,2.0
356,19,3.0
1283,19,3.0
1380,19,2.0
76,19,2.0
4780,19,3.0
2371,19,4.0
1305,19,2.0
3471,19,3.0
1628,19,2.0
2819,19,2.0
2204,19,2.0
810,19,2.0
3702,19,4.0
1545,19,4.0
1718,19,2.0
283,19,3.0
953,19,2.0
645,19,3.0
676,19,2.0
404,19,2.0
835,19,2.0
3254,19,3.0
1814,19,2.0
1728,19,4.0
1136,19,2.0
2514,19,3.0
2020,19,3.0
1698,19,3.0
280,19,5.0
1361,19,5.0
1362,19,5.0
4273,19,5.0
4274,19,5.0
2671,19,3.0
3154,19,3.0
1303,19,2.0
426,19,3.0
804,19,2.0
453,19,1.0
3218,19,4.0
1810,19,3.0
1087,19,2.0
384,19,2.0
2695,19,3.0
2341,19,2.0
966,19,1.0
1886,19,2.0
479,19,2.0
571,19,2.0
978,19,2.0
1067,19,4.0
3706,19,2.0
3990,19,4.0
2970,19,3.0
4227,19,4.0
2675,19,3.0
3452,19,2.0
33,19,1.0
2220,19,3.0
3934,19,4.0
4079,19,3.0
4307,19,3.0
2971,19,5.0
3464,19,3.0
4586,19,3.0
3725,19,4.0
2406,19,3.0
839,19,4.0
3162,19,4.0
2948,19,3.0
2173,19,4.0
3243,19,3.0
2662,19,4.0
2288,19,4.0
3993,19,4.0
1008,19,5.0
2458,19,3.0
3605,19,2.0
1616,19,3.0
2797,19,2.0
3739,19,2.0
1036,19,3.0
728,19,3.0
1370,19,3.0
1753,19,5.0
1586,19,1.0
2818,19,5.0
2320,19,3.0
1962,19,4.0
429,19,3.0
2739,19,3.0
3448,19,3.0
474,19,3.0
2824,19,2.0
2285,19,3.0
857,19,1.0
1039,19,3.0
1524,19,2.0
1061,19,1.0
2568,19,2.0
2327,19,3.0
447,19,3.0
260,19,1.0
211,19,1.0
305,19,4.0
1033,19,3.0
443,19,4.0
366,19,3.0
817,19,2.0
771,19,1.0
1194,19,2.0
456,19,2.0
1379,19,2.0
1377,19,4.0
2408,19,2.0
802,19,2.0
1354,19,4.0
2982,19,3.0
301,19,2.0
3393,19,2.0
1614,19,3.0
875,19,3.0
741,19,1.0
451,19,3.0
1964,19,3.0
246,19,3.0
2540,19,2.0
1765,19,3.0
550,19,2.0
905,19,2.0
2148,19,3.0
4371,19,1.0
462,19,2.0
3638,19,3.0
1248,19,1.0
1578,19,2.0
458,19,2.0
3015,19,2.0
353,19,3.0
150,19,2.0
165,19,3.0
1193,19,3.0
4745,19,3.0
2021,19,4.0
3171,19,2.0
1399,19,3.0
1364,19,3.0
2915,19,3.0
954,19,3.0
1154,19,2.0
1167,19,3.0
1781,19,2.0
2584,19,2.0
1721,19,2.0
3241,19,3.0
1700,19,3.0
432,19,4.0
1912,19,3.0
1058,19,3.0
2693,19,2.0
4365,19,2.0
2533,19,4.0
4646,19,3.0
2679,19,2.0
705,19,3.0
2923,19,3.0
2172,19,2.0
1971,19,1.0
3052,19,3.0
582,19,3.0
1783,19,4.0
2349,19,3.0
639,19,2.0
1654,19,2.0
1646,19,2.0
3206,19,3.0
2985,19,3.0
920,19,3.0
3487,19,4.0
1417,19,3.0
3049,19,2.0
2911,19,1.0
3354,19,2.0
1561,19,2.0
2749,19,1.0
2742,19,3.0
626,19,2.0
2629,19,4.0
234,19,3.0
814,19,3.0
871,19,3.0
1298,19,1.0
2436,19,1.0
1360,19,3.0
1542,19,2.0
1537,19,3.0
71,19,1.0
2813,19,3.0
1979,19,2.0
519,19,1.0
719,19,2.0
619,19,5.0
1612,19,3.0
3831,19,2.0
2317,19,3.0
1214,19,2.0
3372,19,3.0
1504,19,2.0
2519,19,4.0
1341,19,2.0
1651,19,3.0
1695,19,3.0
3257,19,3.0
208,19,3.0
2089,19,3.0
663,19,5.0
2829,19,5.0
225,19,3.0
2289,19,2.0
2756,19,4.0
418,19,3.0
3835,19,2.0
2018,19,2.0
22,19,3.0
3178,19,3.0
2177,19,2.0
3008,19,3.0
1500,19,3.0
2670,19,1.0
1610,19,2.0
297,19,2.0
344,19,2.0
2322,19,1.0
376,19,1.0
1055,19,4.0
776,19,1.0
3174,19,3.0
2587,19,1.0
2095,19,2.0
833,19,2.0
1166,19,2.0
1998,19,3.0
1348,19,2.0
2481,19,2.0
1996,19,2.0
3889,19,4.0
3542,19,2.0
2072,19,2.0
2730,19,3.0
2614,19,2.0
2090,19,4.0
2178,19,3.0
2151,19,2.0
573,19,2.0
1538,19,3.0
1115,19,2.0
3261,19,2.0
1688,19,2.0
275,19,3.0
2353,19,2.0
214,19,2.0
834,19,3.0
4003,19,3.0
1789,19,3.0
2999,19,2.0
2589,19,2.0
1921,19,2.0
2478,19,2.0
874,19,2.0
540,19,4.0
1123,19,3.0
896,19,3.0
512,19,4.0
347,19,2.0
1062,19,3.0
367,19,1.0
3926,19,1.0
1573,20,4.0
813,20,5.0
821,20,3.0
2514,20,3.0
1698,20,5.0
4265,20,5.0
1110,20,4.5
2751,20,2.5
4012,20,4.0
2407,20,4.5
327,20,4.5
3452,20,4.5
3017,20,3.0
33,20,3.5
3934,20,5.0
2971,20,5.0
4056,20,4.5
3448,20,5.0
1524,20,4.0
305,20,4.5
875,20,4.5
246,20,3.0
433,20,2.0
353,20,5.0
3454,20,5.0
4448,20,4.0
3241,20,3.5
564,20,5.0
432,20,4.5
1058,20,2.0
705,20,3.5
468,20,2.0
71,20,1.0
1979,20,5.0
1612,20,4.5
830,20,2.5
22,20,5.0
344,20,5.0
269,20,3.0
466,20,5.0
3348,20,3.5
1998,20,3.0
910,20,3.5
239,20,4.0
1538,20,3.0
1972,20,3.0
3261,20,1.0
1688,20,1.5
681,20,3.0
2552,20,3.0
275,20,4.5
195,20,2.5
214,20,3.0
834,20,2.0
874,20,1.0
1123,20,5.0
512,20,3.5
2983,20,2.5
766,20,4.5
812,20,3.5
3580,20,4.5
351,20,3.5
1565,20,0.5
546,20,2.5
524,20,2.0
1835,20,4.0
1114,20,4.0
385,20,3.5
1045,20,3.5
1793,20,4.0
652,20,5.0
2735,20,2.5
2998,20,4.0
3577,20,3.5
1366,20,0.5
1834,20,5.0
900,20,5.0
876,20,3.5
111,20,4.0
469,20,3.5
359,20,1.5
333,20,0.5
364,20,3.0
3732,20,3.5
169,20,3.5
2319,20,3.0
335,20,1.5
3536,20,3.0
279,20,3.0
1543,20,3.0
2042,20,1.0
1054,20,3.5
1719,20,3.5
2001,20,0.5
2630,20,1.5
1065,20,3.0
232,20,4.0
373,20,3.5
1828,20,4.0
2335,20,4.5
2030,20,4.0
3747,20,4.0
4299,20,3.0
632,20,5.0
865,20,3.0
1060,20,3.5
3597,20,4.0
716,20,0.5
160,20,3.0
939,20,4.0
231,20,4.0
1035,20,4.0
415,20,0.5
276,20,4.5
747,20,2.0
674,20,1.0
565,20,3.0
1304,20,0.5
569,20,0.5
498,20,3.5
3561,20,4.0
277,20,4.5
884,20,4.5
1541,20,5.0
934,20,3.0
2106,20,4.0
1544,21,3.5
696,21,5.0
1553,21,2.5
2103,21,1.0
813,21,3.0
1994,21,3.0
356,21,3.5
1283,21,2.0
3236,21,3.5
810,21,4.5
676,21,4.0
1814,21,2.5
1728,21,3.5
2514,21,2.5
1698,21,4.0
280,21,3.5
1361,21,3.5
1362,21,3.5
4273,21,3.5
4274,21,3.5
2671,21,4.0
426,21,4.5
1087,21,3.5
2341,21,4.0
1705,21,3.5
2406,21,2.0
839,21,1.5
3162,21,1.5
3745,21,2.5
2662,21,3.5
2288,21,5.0
1008,21,4.0
574,21,3.5
474,21,0.5
443,21,2.5
2979,21,3.5
26,21,3.5
246,21,5.0
165,21,3.5
1364,21,3.5
1154,21,5.0
1167,21,5.0
1721,21,3.0
1700,21,4.0
1058,21,3.5
2533,21,1.0
3700,21,2.5
1108,21,3.0
639,21,4.0
279,21,4.0
2931,21,4.0
234,21,4.0
1122,21,4.0
1360,21,2.5
2813,21,5.0
568,21,3.0
2519,21,2.0
208,21,4.0
3890,21,4.5
4077,21,4.5
4346,21,4.5
2089,21,3.0
663,21,2.0
225,21,3.5
1716,21,4.5
1133,21,4.5
3347,21,4.5
3166,21,4.5
344,21,3.5
2095,21,4.0
4244,21,3.0
573,21,3.5
275,21,2.5
2460,21,2.0
214,21,4.0
3255,21,4.5
1534,21,4.5
1415,21,2.5
512,21,3.5
812,21,3.5
3340,21,4.5
2513,21,3.5
900,21,4.0
169,21,3.5
335,21,4.0
346,21,3.5
1543,21,4.5
232,21,3.5
389,21,4.5
632,21,4.0
1398,21,3.0
865,21,3.0
1012,21,1.0
160,21,3.0
231,21,4.0
276,21,4.5
674,21,3.0
278,21,2.0
277,21,4.0
148,21,5.0
884,21,3.5
911,21,3.5
424,21,3.0
220,21,3.5
200,21,4.0
187,21,3.5
829,21,1.5
1063,21,4.0
729,21,3.0
831,21,1.5
3147,21,4.5
1746,21,4.5
1345,21,5.0
566,21,4.0
192,21,4.0
31,21,3.0
267,21,4.0
715,21,4.0
292,21,4.0
248,21,4.5
118,21,3.5
689,21,3.5
816,21,3.5
746,21,3.5
1179,21,3.0
230,21,4.5
510,21,4.0
249,21,4.0
120,21,3.5
186,21,3.5
243,21,3.0
1516,21,3.5
1727,21,1.5
115,21,4.0
933,21,2.5
140,21,3.5
34,21,3.5
417,21,3.0
244,21,3.5
4045,21,5.0
278,21,4.0
119,21,3.5
1218,21,3.5
688,21,3.5
1747,21,3.5
107,21,4.5
2,21,4.0
399,21,4.5
262,21,3.0
112,21,3.5
1722,21,3.5
421,21,3.0
420,21,2.0
1575,21,4.5
69,21,4.0
1818,21,3.0
54,21,4.0
182,21,3.5
362,21,3.0
116,21,3.5
887,21,3.5
2669,21,3.5
12,21,3.5
131,21,3.5
441,21,2.5
44,21,3.5
122,21,3.5
67,21,4.5
36,21,3.5
349,21,4.0
9,21,4.0
1557,21,3.5
60,21,3.5
1,21,4.0
357,21,2.5
2302,21,3.0
33,21,2.5
93,21,3.5
1723,21,2.5
80,21,4.0
43,21,4.0
97,21,3.5
521,21,2.0
228,21,4.0
189,21,3.5
712,21,3.5
197,21,2.5
2733,21,1.0
102,21,3.5
53,21,3.5
170,21,3.5
1387,21,2.5
336,21,3.0
258,21,3.5
427,21,3.5
154,21,4.0
1121,21,3.0
56,21,3.5
904,21,3.5
30,21,4.0
2425,21,3.5
90,21,2.0
217,21,3.5
288,21,3.5
229,21,4.5
32,21,3.5
35,21,4.0
52,21,3.5
223,21,3.0
507,21,4.0
141,21,3.5
4540,21,0.5
434,21,3.5
4154,21,1.5
701,21,3.5
1342,21,4.0
2865,21,3.5
240,21,4.0
3534,21,2.0
610,21,4.0
2108,21,2.0
3228,21,3.5
127,21,3.5
184,21,4.0
85,21,3.5
2037,21,2.5
125,21,4.0
1151,21,3.0
2000,21,2.5
1389,21,4.0
1833,21,3.0
401,21,3.5
745,21,1.0
225,21,3.0
96,21,3.0
86,21,3.5
39,21,3.0
2315,21,2.5
47,21,3.5
1073,21,4.0
1231,21,3.5
75,21,4.5
135,21,4.5
912,21,3.5
161,21,3.5
95,21,4.0
89,21,4.0
2525,21,2.5
201,21,3.5
29,21,4.0
1199,21,3.5
180,21,3.0
1140,21,0.5
196,21,3.5
128,21,3.5
8,21,3.5
183,21,3.5
789,21,3.5
3222,21,3.0
144,21,3.0
1312,21,2.5
1686,21,3.0
1374,21,2.5
78,21,4.0
103,21,3.5
73,21,3.5
617,21,0.5
547,21,4.5
55,21,3.0
3,21,4.0
532,21,3.5
1600,21,0.5
2218,21,2.5
502,21,1.5
1189,21,4.0
2984,21,1.0
810,22,5.0
1728,22,5.0
4016,22,3.0
3725,22,5.0
3829,22,5.0
3883,22,4.0
2931,22,3.5
619,22,2.0
663,22,3.5
2829,22,3.0
3703,22,3.5
2151,22,0.5
573,22,5.0
275,22,4.0
1123,22,4.0
3463,22,4.0
3707,22,0.5
3476,22,4.0
1793,22,2.5
1007,22,4.5
3269,22,4.5
3577,22,3.0
900,22,3.0
2630,22,4.5
3712,22,1.5
232,22,3.5
4200,22,4.0
2335,22,0.5
3747,22,0.5
1035,22,3.0
445,22,2.0
3773,22,3.5
3897,22,4.5
1898,22,0.5
277,22,0.5
2310,22,3.5
329,22,3.5
3244,22,1.5
200,22,2.5
3744,22,4.0
1559,22,4.0
829,22,4.0
584,22,0.5
2155,22,3.5
831,22,5.0
4749,22,0.5
3450,22,0.5
4022,22,2.0
715,22,4.0
1178,22,2.0
1845,22,3.5
1560,22,2.0
2400,22,0.5
120,22,2.5
1137,22,2.5
3352,22,3.5
2720,22,2.5
529,22,3.0
933,22,0.5
1606,22,1.0
278,22,5.0
119,22,1.5
422,22,0.5
881,22,0.5
2395,22,3.5
282,22,1.0
1832,22,4.0
3338,22,0.5
1858,22,4.0
525,22,1.0
69,22,0.5
58,22,2.0
4173,22,0.5
2476,22,1.0
1332,22,0.5
2669,22,0.5
2138,22,3.5
723,22,2.0
572,22,4.0
159,22,0.5
67,22,2.0
3343,22,0.5
1557,22,0.5
1,22,3.5
33,22,0.5
4223,23,3.0
3236,23,3.5
1728,23,5.0
4179,23,3.0
3893,23,4.0
3706,23,3.0
4336,23,3.5
2970,23,4.0
1705,23,3.0
4307,23,4.0
4586,23,3.0
3725,23,3.5
2608,23,4.0
2406,23,3.0
4609,23,3.0
1528,23,4.0
1850,23,3.0
839,23,4.0
3162,23,4.0
2667,23,4.0
3300,23,4.0
1377,23,3.5
1421,23,4.0
1765,23,3.5
2313,23,3.0
3829,23,3.0
2940,23,2.0
3542,23,3.0
4244,23,3.0
3707,23,5.0
1793,23,3.0
3577,23,4.5
2335,23,3.0
829,23,3.0
831,23,3.0
31,23,3.0
356,24,3.5
3236,24,4.0
810,24,4.5
2456,24,4.0
2662,24,4.5
574,24,3.5
4638,24,3.0
1354,24,3.0
2982,24,3.5
2979,24,4.0
905,24,4.0
629,24,4.0
1700,24,4.0
639,24,4.0
208,24,3.5
275,24,4.0
1793,24,4.0
1853,24,4.0
346,24,3.5
1195,24,4.5
276,24,3.0
1898,24,4.0
2839,24,4.0
2256,24,3.0
823,24,2.0
516,24,3.5
4022,24,3.0
3946,24,4.5
816,24,3.5
249,24,3.5
2628,24,4.0
933,24,4.0
417,24,3.0
1606,24,4.0
278,24,3.5
688,24,4.0
1747,24,3.5
1829,24,3.5
1575,24,4.0
54,24,3.5
1786,24,3.5
354,24,3.0
12,24,3.0
914,24,3.0
572,24,3.0
159,24,4.0
1557,24,4.0
1568,24,4.0
97,24,4.0
1582,24,4.0
206,24,3.5
30,24,3.5
1571,24,3.0
75,24,3.5
271,24,4.0
1374,24,2.5
78,24,4.0
177,24,3.0
1821,25,5.0
629,25,5.0
275,25,5.0
69,25,4.0
58,25,5.0
572,25,5.0
67,25,5.0
440,25,4.5
97,25,5.0
2525,25,5.0
696,26,3.0
1573,26,3.0
636,26,3.0
300,26,3.0
356,26,4.0
76,26,2.0
827,26,3.0
3236,26,4.0
2819,26,3.0
678,26,3.0
810,26,3.0
283,26,3.0
645,26,2.0
1361,26,4.0
1362,26,4.0
4273,26,4.0
4274,26,4.0
1544,27,3.0
1573,27,5.0
813,27,4.0
1530,27,5.0
821,27,2.0
810,27,5.0
676,27,4.0
2281,27,4.0
426,27,4.0
453,27,2.0
384,27,3.0
2751,27,2.0
3819,27,4.0
2970,27,2.0
327,27,4.0
2971,27,5.0
2517,27,4.0
2406,27,1.0
4082,27,5.0
2288,27,5.0
358,27,5.0
3451,27,3.0
1036,27,3.0
2812,27,2.0
305,27,2.0
366,27,4.0
817,27,2.0
3906,27,3.0
26,27,5.0
433,27,4.0
353,27,4.0
1193,27,2.0
3454,27,5.0
1167,27,4.0
3241,27,4.0
1700,27,4.0
2533,27,2.0
705,27,2.0
279,27,4.0
3905,27,3.0
4199,27,3.0
234,27,5.0
814,27,4.0
1979,27,3.0
225,27,1.0
2018,27,2.0
1610,27,4.0
344,27,4.0
269,27,3.0
2730,27,4.0
2090,27,4.0
2178,27,4.0
573,27,5.0
3622,27,3.0
681,27,4.0
1415,27,1.0
1123,27,3.0
1968,27,3.0
893,28,2.5
1540,28,3.0
970,28,1.5
1530,28,3.5
646,28,2.0
557,28,3.5
1994,28,1.5
824,28,3.0
1893,28,3.0
3236,28,4.5
2950,28,3.5
678,28,3.0
810,28,4.0
1545,28,1.5
676,28,2.5
2486,28,3.5
1821,28,3.0
1728,28,4.0
1839,28,3.0
2793,28,3.0
280,28,4.5
2281,28,4.0
1361,28,2.5
1362,28,2.5
4273,28,2.5
4274,28,2.5
1038,28,2.5
384,28,2.5
3893,28,3.5
3940,28,2.0
4012,28,2.0
2970,28,3.0
1705,28,2.0
4016,28,2.5
4307,28,3.0
2795,28,3.0
2517,28,3.0
3464,28,2.5
4586,28,3.5
2608,28,2.0
2406,28,4.0
1528,28,3.0
1850,28,4.0
839,28,3.5
3162,28,3.5
2948,28,3.5
3745,28,2.0
2667,28,4.5
2493,28,2.0
1036,28,3.5
3680,28,4.0
1370,28,4.0
2818,28,2.5
945,28,2.5
1397,28,3.0
1460,28,3.0
2327,28,2.5
366,28,3.5
380,28,2.5
771,28,3.0
388,28,2.0
1377,28,3.0
802,28,2.5
1354,28,3.5
2979,28,3.0
2825,28,2.5
1765,28,3.5
2313,28,2.5
4745,28,4.0
1399,28,2.5
1167,28,2.5
1081,28,5.0
629,28,3.5
2842,28,2.5
4646,28,2.0
1627,28,2.5
841,28,4.0
3061,28,2.5
397,28,2.5
920,28,4.5
3049,28,2.0
1561,28,1.5
3429,28,3.5
234,28,4.0
1360,28,2.5
71,28,1.5
2813,28,3.0
2845,28,2.5
2519,28,4.0
4085,28,3.0
208,28,3.0
663,28,3.5
2829,28,4.0
225,28,3.0
2756,28,2.5
2018,28,3.0
3008,28,3.0
376,28,2.5
713,28,2.0
892,28,2.5
1055,28,1.5
1390,28,2.5
1510,28,4.0
1051,28,2.5
3274,28,3.0
1998,28,4.0
1430,28,2.5
4104,28,4.0
1183,28,2.5
910,28,3.0
1538,28,3.0
3261,28,4.0
3606,28,2.5
681,28,3.5
275,28,4.0
4677,28,3.5
512,28,3.5
3463,28,3.0
1548,28,3.5
3707,28,2.0
3580,28,4.0
1505,28,3.0
546,28,3.0
2909,28,3.5
3476,28,3.0
1114,28,3.0
385,28,3.5
1793,28,3.5
1007,28,3.0
1925,28,3.5
402,28,4.0
3577,28,3.5
1702,28,2.5
475,28,2.5
469,28,1.0
364,28,3.0
3732,28,3.0
169,28,3.5
4117,28,3.5
1054,28,2.0
1017,28,3.0
3712,28,4.0
265,28,2.5
321,28,4.5
580,28,4.5
160,28,3.5
231,28,4.0
276,28,3.5
3374,28,3.0
445,28,3.0
565,28,3.0
3185,28,2.0
3773,28,2.0
498,28,2.5
4572,28,3.0
2256,28,3.0
1569,28,3.0
2791,28,3.0
317,28,2.0
884,28,3.5
2928,28,1.5
3244,28,3.0
166,28,2.5
94,28,4.0
200,28,2.0
187,28,1.5
3056,28,2.5
383,28,3.5
1788,28,4.0
3744,28,2.5
3424,28,2.0
1559,28,3.0
829,28,4.0
2443,28,3.5
172,28,3.5
2190,28,3.0
2326,28,3.0
1424,28,3.0
1709,28,3.0
2155,28,2.5
831,28,4.0
725,28,2.0
146,28,4.0
1081,28,5.0
275,28,4.0
31,28,3.0
1849,28,3.0
267,28,4.0
715,28,3.5
578,28,3.0
3601,28,2.0
4803,28,2.0
2410,28,2.5
3639,28,4.0
2952,28,3.0
1845,28,3.0
113,28,2.5
2164,28,3.5
1684,28,2.5
3435,28,3.5
1560,28,4.0
2400,28,4.0
1059,28,3.0
1637,28,2.5
1179,28,3.5
3079,28,2.0
230,28,4.0
381,28,4.0
249,28,2.0
120,28,4.5
186,28,3.5
243,28,3.0
1296,28,4.5
788,28,2.5
1137,28,4.0
3352,28,2.0
2628,28,4.5
558,28,3.0
941,28,2.5
1727,28,2.0
1687,28,2.5
25,28,2.5
529,28,3.0
4353,28,2.5
2438,28,3.0
1636,28,3.0
1084,28,2.5
933,28,3.0
3315,28,4.5
919,28,2.0
3942,28,3.0
1761,28,3.0
3242,28,2.0
2136,28,2.5
2532,28,2.0
873,28,2.5
2318,28,4.0
511,28,3.0
879,28,2.5
2707,28,2.5
278,28,3.5
298,28,4.5
1963,28,2.5
1751,28,3.0
2760,28,3.0
2474,28,1.0
422,28,2.0
688,28,4.5
742,28,2.5
881,28,2.5
1277,28,2.5
4047,28,3.5
4711,28,5.0
399,28,1.5
3072,28,2.5
2017,28,1.0
262,28,2.5
2395,28,3.5
1021,28,3.5
2011,28,3.5
985,28,4.0
2181,28,3.5
854,28,2.5
2064,28,2.5
282,28,2.5
1832,28,4.5
117,28,4.0
3338,28,2.5
1858,28,3.0
1829,28,2.0
421,28,4.0
2619,28,4.0
1373,28,3.0
69,28,4.5
1818,28,4.0
58,28,4.0
2635,28,2.5
164,28,4.0
4656,28,2.5
4369,28,4.5
1786,28,2.0
354,28,2.0
659,28,2.0
1332,28,2.5
1085,28,3.5
2171,28,3.0
623,28,2.5
1324,28,2.5
1401,28,2.0
1647,28,2.5
2374,28,3.5
1941,28,3.5
850,28,3.0
2669,28,4.0
12,28,3.0
2138,28,2.5
1816,28,4.0
866,28,4.0
361,28,2.5
186,28,3.5
1393,28,2.5
2203,28,3.0
3628,28,3.0
123,28,3.5
159,28,3.5
44,28,4.5
1557,28,4.5
77,28,1.5
1273,28,3.5
60,28,2.0
1,28,5.0
636,29,4.0
356,29,4.0
1283,29,3.0
3236,29,3.5
810,29,4.5
4179,29,4.5
2407,29,4.0
2970,29,5.0
3892,29,5.0
707,29,3.5
4586,29,4.0
2553,29,4.5
1528,29,4.0
1850,29,4.0
3181,29,4.0
1665,29,4.0
2288,29,4.0
2832,29,5.0
1377,29,5.0
4439,29,4.5
629,29,5.0
2933,29,4.0
4474,29,4.5
656,29,3.5
275,29,5.0
402,29,4.0
2130,29,2.0
321,29,4.0
445,29,4.5
3244,29,4.5
339,29,3.5
511,29,4.5
422,29,4.0
1832,29,4.0
117,29,4.0
1690,29,4.5
3628,29,5.0
1557,29,4.0
1368,29,5.0
102,29,3.5
909,29,4.5
885,29,4.5
288,29,4.5
240,29,4.0
47,29,4.5
75,29,4.0
557,30,5.0
280,30,3.5
1705,30,4.0
2406,30,3.0
1008,30,5.0
120,30,5.0
69,30,5.0
58,30,5.0
159,30,5.0
67,30,5.0
97,30,5.0
1121,30,5.0
90,30,4.0
745,30,4.0
96,30,5.0
75,30,5.0
95,30,5.0
89,30,5.0
201,30,4.0
789,30,5.0
1544,31,5.0
696,31,4.0
2452,31,3.0
3749,31,2.0
1530,31,4.0
356,31,4.0
2819,31,3.0
1545,31,5.0
1698,31,5.0
426,31,5.0
384,31,4.0
1067,31,4.0
4336,31,5.0
1705,31,5.0
2220,31,5.0
3934,31,4.0
4586,31,3.0
2406,31,3.0
839,31,4.0
3162,31,4.0
2456,31,3.0
2662,31,2.0
2288,31,4.0
3993,31,5.0
4056,31,5.0
1036,31,4.0
474,31,5.0
903,31,3.0
2824,31,1.0
1544,32,3.0
1540,32,4.0
3749,32,4.0
2930,32,4.0
2721,32,3.0
1530,32,3.0
646,32,3.0
1252,32,4.0
300,32,3.0
1893,32,4.0
4487,32,4.0
3236,32,5.0
1939,32,3.0
2950,32,3.0
3702,32,3.0
3254,32,5.0
1821,32,4.0
1839,32,3.0
1361,32,5.0
1362,32,5.0
4273,32,5.0
4274,32,5.0
426,32,3.0
804,32,3.0
1087,32,3.0
384,32,3.0
287,32,3.0
1498,32,4.0
978,32,2.0
1067,32,4.0
4336,32,5.0
1705,32,5.0
1107,32,4.0
3934,32,5.0
3181,32,3.0
1036,32,4.0
474,32,5.0
903,32,4.0
2285,32,2.0
241,32,3.0
945,32,4.0
1544,33,3.0
2452,33,4.0
1540,33,4.0
3749,33,3.0
1573,33,3.0
2930,33,5.0
2721,33,5.0
2382,33,2.0
557,33,5.0
636,33,3.0
1729,33,4.0
824,33,3.0
4780,33,4.0
2535,33,4.0
3236,33,5.0
2950,33,5.0
810,33,5.0
2545,33,3.0
3254,33,4.0
2486,33,3.0
1821,33,5.0
4461,33,5.0
1698,33,5.0
280,33,4.0
3893,33,4.0
3603,33,4.0
3514,33,5.0
3706,33,4.0
2407,33,5.0
902,33,3.0
4678,33,5.0
2795,33,4.0
1850,33,3.0
3533,33,4.0
3680,33,4.0
903,33,4.0
2007,33,2.0
2134,33,3.0
2568,33,4.0
1379,33,2.0
1377,33,5.0
3312,33,2.0
3996,33,4.0
4638,33,5.0
1354,33,5.0
2575,33,5.0
2979,33,5.0
26,33,4.0
905,33,2.0
2148,33,2.0
1578,33,4.0
165,33,3.0
2021,33,5.0
629,33,5.0
1627,33,3.0
2111,33,2.0
705,33,3.0
2923,33,3.0
3844,33,4.0
1878,33,2.0
1783,33,4.0
2985,33,2.0
920,33,3.0
1561,33,4.0
3429,33,5.0
568,33,3.0
696,34,5.0
2184,34,3.5
557,34,0.5
1994,34,1.0
3353,34,3.0
810,34,4.0
3702,34,0.5
1545,34,4.5
280,34,3.5
1705,34,2.5
474,34,1.0
1964,34,3.5
26,34,0.5
462,34,3.0
639,34,1.0
234,34,3.5
1122,34,3.0
2089,34,2.0
663,34,4.0
3008,34,2.5
573,34,3.0
2460,34,1.5
834,34,4.0
512,34,5.0
812,34,3.0
351,34,4.5
3577,34,4.5
1834,34,4.0
900,34,3.5
111,34,0.5
333,34,4.5
169,34,5.0
2319,34,4.0
279,34,4.0
1017,34,1.0
160,34,5.0
231,34,4.0
908,34,2.0
200,34,5.0
2645,34,3.5
3744,34,5.0
829,34,5.0
831,34,4.5
2333,34,4.5
3450,34,2.0
31,34,5.0
4298,34,2.0
816,34,2.0
4443,34,4.5
34,34,5.0
1540,35,5.0
2721,35,3.0
1530,35,5.0
636,35,5.0
2371,35,4.0
2535,35,5.0
1567,35,2.0
2281,35,5.0
1361,35,4.0
1362,35,4.0
4273,35,4.0
4274,35,4.0
3749,36,2.5
3449,36,2.5
3993,36,2.5
3680,36,2.5
1753,36,3.0
1962,36,2.0
1039,36,0.5
2568,36,2.0
456,36,2.0
1377,36,4.5
2979,36,3.0
1167,36,2.0
2923,36,1.5
1880,36,3.5
4474,36,4.5
347,36,3.0
766,36,4.5
1045,36,2.0
2513,36,2.0
409,36,2.5
969,36,4.0
445,36,1.5
317,36,2.0
636,37,5.0
300,37,3.0
356,37,5.0
930,37,4.0
3236,37,5.0
1305,37,3.0
2819,37,5.0
678,37,4.0
810,37,4.0
283,37,2.0
2281,37,4.0
1361,37,3.0
1362,37,3.0
4273,37,3.0
4274,37,3.0
1107,37,5.0
3934,37,4.0
2452,38,3.0
1540,38,3.0
2721,38,3.0
813,38,3.0
1530,38,3.0
557,38,5.0
636,38,4.0
1729,38,5.0
300,38,3.0
824,38,4.0
3353,38,1.0
536,38,4.0
1253,38,1.0
76,38,1.0
4780,38,5.0
1893,38,4.0
2371,38,4.0
4487,38,5.0
1567,38,1.0
930,38,3.0
3236,38,3.0
1305,38,3.0
2950,38,3.0
810,38,3.0
3702,38,5.0
1545,38,3.0
283,38,3.0
645,38,2.0
676,38,3.0
404,38,3.0
3254,38,5.0
1814,38,3.0
2486,38,3.0
1821,38,5.0
2793,38,2.0
2514,38,3.0
1698,38,3.0
2281,38,4.0
1361,38,4.0
1362,38,4.0
4273,38,4.0
4274,38,4.0
2671,38,2.0
426,38,4.0
384,38,2.0
3236,39,5.0
1698,39,4.0
280,39,4.0
1361,39,4.0
1362,39,4.0
4273,39,4.0
4274,39,4.0
4265,39,3.0
1110,39,3.0
3154,39,4.0
2970,39,2.0
327,39,3.0
902,39,4.0
33,39,3.0
1705,39,4.0
3934,39,3.0
4307,39,5.0
2971,39,4.0
4586,39,4.0
2406,39,5.0
1850,39,4.0
839,39,5.0
3162,39,5.0
2948,39,5.0
2173,39,5.0
2288,39,4.0
4056,39,1.0
358,39,4.0
1008,39,5.0
2812,39,5.0
2568,39,4.0
366,39,5.0
1377,39,2.0
2825,39,5.0
353,39,2.0
4745,39,5.0
4340,39,2.0
1399,39,4.0
4448,39,3.0
432,39,1.0
2533,39,3.0
25,39,5.0
279,39,4.0
3429,39,5.0
3220,39,5.0
2519,39,5.0
3890,39,3.0
2756,39,5.0
22,39,3.0
4104,39,5.0
2151,39,5.0
540,39,4.0
512,39,4.0
3463,39,5.0
1544,40,5.0
2452,40,5.0
1553,40,2.0
1540,40,4.0
1573,40,5.0
2103,40,3.0
813,40,2.0
1530,40,5.0
2993,40,1.0
557,40,4.0
4344,40,5.0
636,40,5.0
1729,40,4.0
300,40,3.0
821,40,4.0
3353,40,5.0
356,40,4.0
536,40,2.0
76,40,2.0
4780,40,5.0
1893,40,4.0
2371,40,4.0
1567,40,4.0
930,40,3.0
3236,40,5.0
1939,40,4.0
1305,40,3.0
3471,40,3.0
2950,40,5.0
2819,40,4.0
283,40,3.0
677,40,3.0
645,40,3.0
1839,40,5.0
1698,40,4.0
2281,40,4.0
1361,40,4.0
1362,40,4.0
4273,40,4.0
4274,40,4.0
3154,40,4.0
4344,41,2.0
4023,41,2.0
3236,41,5.0
810,41,2.0
3702,41,4.0
283,41,0.5
1728,41,2.0
2671,41,3.0
4179,41,2.0
3893,41,4.0
3819,41,3.0
2970,41,2.0
4307,41,2.0
2971,41,3.0
2406,41,2.0
1528,41,2.0
1850,41,2.0
839,41,0.5
3162,41,0.5
2173,41,4.0
2331,41,4.5
3243,41,5.0
2662,41,3.0
2458,41,3.5
1039,41,3.0
1033,41,2.0
366,41,2.0
2979,41,3.0
26,41,5.0
905,41,4.0
2313,41,3.0
1815,41,4.0
629,41,2.0
1700,41,2.0
3883,41,5.0
3061,41,4.0
1122,41,3.0
651,41,5.0
568,41,2.0
2519,41,4.0
663,41,4.0
1335,41,4.0
910,41,3.0
275,41,4.0
1548,41,0.5
812,41,5.0
3707,41,4.0
1019,41,4.0
2909,41,3.0
1835,41,3.5
385,41,5.0
1793,41,4.0
1007,41,3.5
3577,41,4.0
1834,41,4.0
1853,41,2.0
900,41,3.0
1719,41,5.0
2630,41,5.0
3712,41,5.0
1182,41,3.0
389,41,3.0
2030,41,3.0
1759,41,4.0
908,41,3.0
277,41,1.0
884,41,4.0
424,41,4.0
329,41,4.0
200,41,3.0
3744,41,3.5
1269,41,5.0
1559,41,3.0
829,41,5.0
2190,41,3.5
439,41,4.5
1124,41,5.0
516,41,5.0
2155,41,4.0
831,41,5.0
1581,41,2.5
725,41,2.0
1849,41,3.5
3601,41,2.0
2410,41,4.0
1411,41,4.0
1560,41,4.0
689,41,3.0
816,41,3.0
3079,41,4.0
1597,41,3.5
2572,41,4.0
3242,41,4.0
2136,41,4.0
298,41,4.0
119,41,4.0
688,41,2.0
1747,41,3.5
114,41,0.5
2181,41,4.0
2800,41,4.0
282,41,2.0
1832,41,5.0
3338,41,2.5
1591,41,3.5
2619,41,4.5
1575,41,4.0
362,41,2.5
2476,41,3.0
354,41,3.0
1332,41,3.0
914,41,3.0
690,41,3.5
723,41,4.0
572,41,4.0
67,41,4.0
3343,41,3.5
1170,41,3.0
97,41,0.5
4102,41,2.0
2733,41,3.5
3418,41,4.0
1582,41,3.5
1367,41,5.0
2561,41,3.5
926,41,4.0
2074,41,4.0
288,41,4.0
3924,41,1.5
2338,41,3.0
1053,41,5.0
2000,41,3.0
82,41,1.0
2841,41,4.0
3759,41,3.5
3871,41,4.0
694,41,3.0
3238,41,4.0
2755,41,0.5
2555,41,4.0
128,41,2.5
789,41,0.5
1156,41,0.5
685,41,4.0
547,41,3.0
10,41,0.5
532,41,2.0
177,41,4.0
1175,41,3.5
696,42,5.0
893,42,5.0
1553,42,2.0
1540,42,4.0
2141,42,5.0
1319,42,4.0
646,42,3.0
2993,42,4.0
557,42,4.0
1125,42,3.0
636,42,5.0
300,42,2.0
824,42,3.0
3353,42,3.0
356,42,2.0
536,42,3.0
1253,42,3.0
4780,42,5.0
827,42,4.0
930,42,3.0
3236,42,5.0
2819,42,2.0
678,42,4.0
810,42,5.0
1718,42,2.0
283,42,3.0
677,42,4.0
953,42,3.0
645,42,4.0
404,42,3.0
1821,42,4.0
1839,42,5.0
2793,42,5.0
2514,42,2.0
2281,42,4.0
1361,42,3.0
1362,42,3.0
4273,42,3.0
4274,42,3.0
2671,42,5.0
2876,42,3.0
1038,42,2.0
426,42,5.0
1886,42,3.0
4336,42,5.0
2970,42,5.0
2675,42,2.0
902,42,4.0
1705,42,4.0
4016,42,2.0
4678,42,5.0
1107,42,4.0
4307,42,5.0
3449,42,5.0
2971,42,4.0
707,42,4.0
2517,42,5.0
1850,42,5.0
2456,42,5.0
2662,42,5.0
2667,42,3.0
2288,42,4.0
2458,42,4.0
1372,42,3.0
574,42,2.0
1586,42,4.0
2818,42,4.0
2739,42,5.0
474,42,2.0
903,42,4.0
1397,42,4.0
1039,42,4.0
1061,42,2.0
2568,42,5.0
2327,42,5.0
447,42,3.0
443,42,4.0
456,42,4.0
388,42,4.0
1379,42,4.0
1377,42,2.0
593,42,3.0
2408,42,2.0
802,42,4.0
1354,42,5.0
2982,42,4.0
990,42,2.0
2575,42,5.0
2821,42,3.0
2979,42,5.0
246,42,5.0
2825,42,4.0
905,42,5.0
2148,42,4.0
657,42,3.0
462,42,2.0
828,42,4.0
433,42,4.0
1625,42,2.0
458,42,4.0
165,42,2.0
2021,42,4.0
1815,42,4.0
4289,42,2.0
1364,42,3.0
1154,42,4.0
629,42,5.0
3241,42,4.0
1700,42,4.0
2693,42,2.0
2179,42,3.0
841,42,5.0
705,42,3.0
471,42,4.0
2923,42,4.0
790,42,3.0
3061,42,5.0
397,42,2.0
795,42,2.0
639,42,4.0
920,42,4.0
4747,42,1.0
1585,42,4.0
3939,42,2.0
3049,42,5.0
1222,42,4.0
1561,42,4.0
2931,42,5.0
3429,42,4.0
1492,42,4.0
626,42,4.0
234,42,3.0
871,42,2.0
1122,42,4.0
1360,42,4.0
1542,42,4.0
2041,42,4.0
2813,42,5.0
2066,42,4.0
651,42,5.0
1760,42,3.0
719,42,3.0
568,42,3.0
1612,42,3.0
830,42,2.0
1928,42,4.0
3831,42,5.0
2530,42,4.0
1227,42,4.0
965,42,4.0
1014,42,4.0
671,42,4.0
4085,42,3.0
663,42,3.0
2829,42,4.0
1716,42,5.0
1133,42,5.0
2756,42,4.0
2018,42,4.0
3008,42,3.0
2670,42,3.0
1610,42,3.0
2322,42,3.0
713,42,4.0
3145,42,2.0
1977,42,4.0
3703,42,4.0
2095,42,4.0
1051,42,4.0
3177,42,4.0
1348,42,2.0
1001,42,2.0
910,42,4.0
239,42,1.0
656,42,4.0
2730,42,5.0
2151,42,4.0
2330,42,2.0
1115,42,3.0
3261,42,4.0
3455,42,4.0
275,42,3.0
2460,42,4.0
1483,42,3.0
896,42,4.0
1968,42,3.0
512,42,2.0
1217,42,2.0
2983,42,2.0
1256,42,4.0
812,42,3.0
1019,42,2.0
351,42,3.0
1505,42,2.0
2451,42,5.0
2674,42,4.0
631,42,4.0
385,42,4.0
1793,42,4.0
1007,42,5.0
3469,42,4.0
2092,42,4.0
2513,42,4.0
1572,42,3.0
1243,42,3.0
1853,42,5.0
2344,42,4.0
309,42,5.0
2516,42,3.0
333,42,3.0
1902,42,5.0
2926,42,4.0
3011,42,3.0
1544,43,5.0
696,43,4.0
970,43,5.0
1573,43,5.0
813,43,5.0
2186,43,5.0
646,43,4.0
557,43,3.0
636,43,5.0
300,43,5.0
821,43,5.0
824,43,4.0
356,43,5.0
536,43,5.0
1253,43,4.0
76,43,4.0
827,43,4.0
1255,43,4.0
2535,43,5.0
930,43,5.0
3236,43,3.0
1305,43,5.0
2819,43,4.0
678,43,3.0
810,43,5.0
1545,43,3.0
283,43,3.0
585,43,5.0
953,43,5.0
645,43,5.0
676,43,4.0
1814,43,5.0
2049,43,5.0
2765,43,4.0
1839,43,4.0
2020,43,5.0
1698,43,5.0
280,43,5.0
2281,43,4.0
1361,43,5.0
1362,43,5.0
4273,43,5.0
4274,43,5.0
4265,43,5.0
1110,43,5.0
2671,43,5.0
3154,43,5.0
426,43,5.0
1810,43,5.0
3934,43,5.0
1036,43,5.0
1544,44,3.0
3772,44,4.0
2930,44,4.0
646,44,4.0
2993,44,4.0
835,44,4.0
426,44,3.0
453,44,1.0
384,44,2.0
1886,44,3.0
287,44,2.0
479,44,2.0
851,44,3.0
978,44,3.0
1067,44,4.0
474,44,2.0
903,44,4.0
2824,44,4.0
2327,44,4.0
447,44,4.0
4638,44,5.0
1544,45,4.0
1553,45,4.5
1540,45,4.0
2721,45,3.0
1530,45,4.0
3833,45,3.0
2184,45,4.0
2993,45,5.0
557,45,5.0
636,45,5.0
356,45,5.0
3447,45,4.0
4780,45,5.0
2535,45,3.0
930,45,4.0
3236,45,5.0
1305,45,4.0
1628,45,3.0
2819,45,4.0
810,45,5.0
3702,45,4.0
283,45,4.0
3410,45,3.0
676,45,4.0
1814,45,4.0
1728,45,3.0
1136,45,2.0
2514,45,3.0
2020,45,2.0
1698,45,5.0
280,45,5.0
2281,45,4.0
4265,45,4.0
2671,45,3.0
2876,45,2.0
426,45,4.0
3893,45,4.0
1886,45,4.0
571,45,4.5
978,45,3.0
1067,45,4.0
2970,45,4.0
2675,45,3.0
3452,45,4.0
1705,45,3.0
4016,45,3.0
4678,45,5.0
3934,45,4.0
2971,45,5.0
2517,45,4.0
4586,45,5.0
1850,45,5.0
2331,45,4.0
1665,45,5.0
2456,45,5.0
3243,45,3.0
2662,45,3.0
2288,45,3.5
4056,45,5.0
1008,45,5.0
2458,45,3.0
1036,45,4.0
574,45,4.5
1370,45,3.0
1753,45,5.0
2818,45,3.0
2320,45,4.0
1962,45,3.0
429,45,2.0
2065,45,2.0
474,45,3.0
903,45,5.0
2285,45,4.5
3283,45,4.0
1039,45,4.0
2568,45,3.0
2327,45,5.0
305,45,4.0
1033,45,4.0
443,45,5.0
366,45,5.0
1194,45,4.0
388,45,4.0
4638,45,4.0
1354,45,4.0
301,45,4.0
875,45,4.0
2979,45,5.0
26,45,4.0
2825,45,4.0
3259,45,4.0
905,45,4.0
1625,45,3.0
4745,45,5.0
2021,45,5.0
4206,45,3.0
1815,45,4.0
1154,45,3.0
1167,45,3.0
1081,45,3.0
629,45,5.0
1721,45,2.0
4720,45,4.0
1700,45,4.5
2533,45,3.0
2764,45,4.0
2842,45,5.0
2923,45,3.0
3061,45,5.0
1783,45,4.0
906,45,5.0
3206,45,1.0
2985,45,4.0
4747,45,4.0
3049,45,5.0
3477,45,4.0
3354,45,4.0
2931,45,4.0
3429,45,5.0
1492,45,4.0
626,45,2.0
2629,45,3.0
1026,45,4.0
234,45,4.0
1360,45,4.0
1542,45,5.0
2813,45,4.0
2066,45,4.0
651,45,3.0
3050,45,3.0
1612,45,3.0
1928,45,5.0
3831,45,4.0
2317,45,4.0
2845,45,4.0
2519,45,5.0
1014,45,5.0
208,45,4.0
3890,45,4.0
663,45,5.0
225,45,2.0
2756,45,4.0
2018,45,4.0
3008,45,4.0
1500,45,3.0
344,45,5.0
1055,45,3.0
3145,45,4.0
2095,45,4.0
833,45,3.0
1166,45,4.0
3177,45,4.0
910,45,4.0
3889,45,4.0
1830,45,1.0
2151,45,4.0
573,45,3.0
1538,45,4.0
1115,45,4.0
1688,45,4.0
3455,45,5.0
681,45,4.0
2552,45,4.0
275,45,5.0
2460,45,4.0
896,45,4.0
512,45,5.0
347,45,5.0
766,45,3.0
3463,45,3.0
2909,45,5.0
385,45,5.0
478,45,4.0
1007,45,4.0
900,45,5.0
876,45,5.0
2926,45,3.0
335,45,3.0
1543,45,5.0
2042,45,5.0
232,45,5.0
373,45,5.0
1190,45,4.0
389,45,5.0
2547,45,4.0
2130,45,2.0
2417,45,4.0
632,45,3.5
3460,45,5.0
2515,45,3.0
716,45,3.0
160,45,5.0
231,45,5.0
276,45,4.0
674,45,4.0
565,45,5.0
2833,45,5.0
1301,45,3.0
498,45,5.0
884,45,5.0
424,45,4.0
329,45,5.0
200,45,5.0
1124,45,5.0
1804,45,4.0
566,45,5.0
1551,45,5.0
31,45,3.5
230,45,5.0
1069,45,3.0
249,45,5.0
119,45,5.0
107,45,4.0
2,45,4.0
399,45,5.0
74,45,4.5
112,45,4.5
1544,46,5.0
696,46,3.0
2721,46,3.0
557,46,5.0
4344,46,4.0
300,46,4.0
921,46,4.0
824,46,3.0
356,46,4.0
76,46,3.0
827,46,3.0
1567,46,5.0
930,46,5.0
2819,46,3.0
678,46,3.0
283,46,5.0
645,46,4.0
1698,46,5.0
2281,46,5.0
1361,46,3.0
1362,46,3.0
4273,46,3.0
4274,46,3.0
1530,47,3.0
636,47,3.0
810,47,4.5
1814,47,1.0
2486,47,4.0
2020,47,4.0
2281,47,3.5
2671,47,3.0
2971,47,4.0
4609,47,2.5
3243,47,3.0
2662,47,2.0
903,47,2.5
26,47,3.5
1815,47,4.0
629,47,4.0
2111,47,2.5
1122,47,2.0
2317,47,2.0
4085,47,3.5
3342,47,2.5
663,47,2.0
910,47,3.0
3707,47,1.0
1228,47,3.5
631,47,2.5
385,47,3.0
1054,47,3.5
3712,47,0.5
576,47,3.0
2030,47,3.0
1340,47,4.0
1060,47,3.0
3897,47,4.0
823,47,2.0
884,47,2.0
1541,47,2.0
911,47,3.0
424,47,2.0
2334,47,3.0
1559,47,3.5
3571,47,3.0
4749,47,3.0
1178,47,3.5
2947,47,4.0
1560,47,4.0
2400,47,3.0
118,47,3.0
816,47,3.0
3079,47,4.5
1687,47,3.5
4492,47,5.0
2318,47,0.5
298,47,3.0
527,47,2.5
2180,47,5.0
3172,47,3.5
2181,47,4.0
2669,47,4.0
2144,47,3.0
1748,47,4.0
1318,47,3.5
1,47,2.5
2733,47,1.5
3642,47,3.5
1387,47,1.0
2425,47,1.5
2548,47,4.0
2074,47,3.5
1533,47,4.0
217,47,3.5
1621,47,3.5
240,47,2.0
819,47,3.5
3575,47,4.0
2841,47,3.5
3871,47,5.0
694,47,2.0
4386,47,5.0
3593,47,4.0
1475,47,2.5
177,47,0.5
2763,47,2.5
3046,47,1.0
1699,47,4.0
1427,47,3.5
1329,47,3.5
813,48,4.0
536,48,3.5
804,48,4.0
3725,48,3.0
1036,48,4.5
1039,48,4.0
366,48,4.5
1354,48,4.5
741,48,4.5
1700,48,5.0
397,48,3.0
3831,48,2.5
2317,48,4.0
214,48,2.5
512,48,3.5
232,48,5.0
160,48,4.0
276,48,4.5
306,48,4.0
2256,48,4.0
31,48,4.5
557,49,4.0
810,49,4.0
1821,49,4.5
2971,49,4.5
2406,49,4.5
839,49,4.0
3162,49,4.0
629,49,4.5
385,49,4.5
632,49,4.0
329,49,4.0
1557,49,4.0
615,49,4.0
97,49,4.5
507,49,4.0
96,49,4.5
27,49,4.0
177,49,4.5
1544,50,3.0
4344,50,4.0
356,50,3.0
3236,50,4.0
810,50,3.0
1728,50,4.0
1110,50,2.0
4179,50,4.0
4012,50,4.0
2407,50,3.0
2970,50,4.5
3452,50,3.0
1705,50,3.5
2517,50,2.5
4586,50,4.0
2608,50,4.0
2553,50,4.5
1528,50,4.5
2331,50,3.5
3745,50,3.5
3300,50,4.0
3993,50,3.5
1008,50,3.0
574,50,3.0
429,50,3.0
3448,50,2.5
2812,50,3.0
474,50,3.0
305,50,2.5
26,50,3.0
4745,50,3.0
4448,50,2.5
3883,50,4.0
651,50,3.5
3890,50,3.5
663,50,3.0
22,50,3.0
344,50,3.0
4244,50,3.5
3707,50,3.0
3577,50,3.0
900,50,2.0
232,50,3.0
632,50,2.0
3897,50,2.5
1143,50,2.0
277,50,2.5
1046,50,2.5
329,50,3.0
200,50,3.0
3744,50,3.0
829,50,3.5
2638,50,3.5
831,50,3.5
4622,50,4.0
192,50,3.0
3946,50,3.0
118,50,1.5
442,50,2.0
3233,50,2.5
120,50,2.5
567,50,2.0
1254,50,2.5
3737,50,1.0
3242,50,3.0
2318,50,3.0
278,50,2.5
119,50,3.0
2181,50,2.5
117,50,1.5
54,50,2.0
182,50,2.5
887,50,2.5
2669,50,2.5
349,50,1.0
348,50,2.0
60,50,1.0
1,50,2.0
440,50,2.5
43,50,2.0
97,50,2.5
412,50,2.0
2351,50,2.0
3948,50,2.0
138,50,2.0
1923,50,2.5
1102,50,1.5
654,50,1.0
221,50,1.5
30,50,2.5
3782,50,2.5
1571,50,2.0
391,50,2.0
1104,50,3.5
1533,50,2.5
217,50,2.0
288,50,3.0
52,50,2.0
507,50,1.5
240,50,1.5
1334,50,2.5
745,50,2.5
96,50,2.5
86,50,2.0
2841,50,2.5
3871,50,2.5
2525,50,2.5
2550,50,2.0
29,50,1.5
128,50,3.0
789,50,1.5
685,50,2.5
547,50,1.0
878,50,2.0
3,50,2.0
10,50,1.5
79,50,2.0
1455,50,2.5
177,50,2.5
1599,50,3.0
739,50,2.5
672,50,2.0
465,50,2.0
2044,50,2.0
153,50,2.0
238,50,1.0
2930,51,3.0
2184,51,5.0
2687,51,3.0
4344,51,5.0
1283,51,4.0
3635,51,5.0
1939,51,1.5
2819,51,3.0
1545,51,3.0
283,51,4.0
677,51,3.0
4236,51,3.5
3254,51,5.0
1821,51,3.0
2793,51,4.5
280,51,5.0
2671,51,3.5
3154,51,4.0
804,51,4.0
1087,51,4.5
3843,51,5.0
978,51,4.5
4336,51,3.0
2970,51,5.0
3892,51,5.0
3449,51,3.0
4297,51,4.5
2406,51,5.0
839,51,5.0
3162,51,5.0
2948,51,5.0
3181,51,5.0
2832,51,5.0
358,51,3.5
3451,51,5.0
1370,51,5.0
1586,51,5.0
474,51,4.5
2285,51,0.5
1061,51,0.5
2568,51,5.0
1194,51,1.0
388,51,3.0
4638,51,5.0
802,51,5.0
2982,51,5.0
2821,51,5.0
875,51,3.0
741,51,3.0
1765,51,4.0
3259,51,3.5
905,51,5.0
2148,51,0.5
3638,51,5.0
165,51,3.0
3171,51,3.0
1399,51,4.0
1154,51,3.5
3241,51,4.0
432,51,3.0
1058,51,4.0
2693,51,4.0
2679,51,1.5
2111,51,4.0
2933,51,5.0
2923,51,5.0
542,51,4.0
2873,51,3.5
582,51,0.5
1108,51,1.0
3206,51,4.0
920,51,3.0
4018,51,3.5
3429,51,5.0
1492,51,3.5
626,51,4.0
871,51,1.5
1169,51,3.5
1360,51,0.5
71,51,0.5
568,51,3.5
1612,51,3.0
3831,51,4.0
2317,51,5.0
3372,51,4.0
208,51,1.5
3342,51,2.0
2217,51,4.0
2289,51,3.5
1775,51,5.0
1977,51,4.5
2095,51,0.5
4474,51,4.5
3889,51,5.0
2090,51,5.0
2151,51,5.0
573,51,5.0
834,51,2.5
1534,51,3.5
4003,51,5.0
4348,51,5.0
3707,51,5.0
1019,51,3.0
1228,51,5.0
546,51,5.0
1835,51,5.0
631,51,3.0
1007,51,5.0
2735,51,2.0
1702,51,4.5
2592,51,4.0
1853,51,5.0
876,51,0.5
469,51,3.0
2319,51,3.0
1065,51,5.0
3712,51,4.0
232,51,4.0
1018,51,4.5
2346,51,3.0
865,51,2.5
1759,51,5.0
231,51,1.5
674,51,4.0
1301,51,3.5
2362,51,3.5
277,51,5.0
317,51,5.0
1714,51,4.5
3244,51,5.0
3034,51,4.0
3744,51,4.5
757,51,5.0
665,51,5.0
1785,51,3.0
584,51,4.0
3571,51,5.0
733,51,2.5
2746,51,4.5
831,51,5.0
3147,51,5.0
4749,51,5.0
4022,51,4.0
3601,51,5.0
3079,51,2.5
510,51,3.5
2720,51,5.0
3318,51,4.0
3682,51,5.0
1501,51,3.5
4045,51,5.0
511,51,5.0
2981,51,5.0
688,51,5.0
6,51,3.5
1747,51,4.5
2017,51,3.5
114,51,5.0
3338,51,5.0
1609,51,3.5
2332,51,0.5
54,51,5.0
362,51,3.0
116,51,5.0
636,52,4.0
810,52,5.0
1698,52,5.0
2979,52,5.0
905,52,4.0
2021,52,5.0
663,52,4.5
373,52,5.0
321,52,4.0
1195,52,5.0
3897,52,4.5
829,52,4.5
2155,52,3.5
831,52,4.5
725,52,5.0
4749,52,4.0
3601,52,5.0
2400,52,5.0
816,52,3.0
1296,52,4.5
1137,52,5.0
2720,52,4.0
941,52,5.0
933,52,5.0
1761,52,4.0
1606,52,5.0
2856,52,5.0
4045,52,5.0
1201,52,5.0
511,52,3.5
278,52,5.0
298,52,5.0
1963,52,4.5
2415,52,4.5
119,52,4.0
218,52,3.0
2474,52,5.0
688,52,5.0
686,52,4.0
881,52,4.0
1277,52,5.0
1747,52,4.5
2395,52,4.0
1021,52,5.0
985,52,5.0
2064,52,5.0
282,52,4.0
1829,52,5.0
2619,52,5.0
1575,52,5.0
1818,52,4.0
182,52,4.0
362,52,3.0
58,52,4.0
164,52,4.0
354,52,5.0
623,52,4.0
2669,52,5.0
12,52,4.0
1690,52,4.0
159,52,5.0
67,52,4.0
1557,52,5.0
1991,52,4.5
1,52,4.5
357,52,5.0
440,52,4.5
93,52,5.0
615,52,4.0
97,52,5.0
7,52,4.0
56,52,5.0
30,52,3.0
2548,52,5.0
912,52,5.0
161,52,4.5
95,52,5.0
128,52,5.0
183,52,5.0
789,52,5.0
271,52,5.0
78,52,5.0
707,53,5.0
2412,53,5.0
1026,53,5.0
1114,53,5.0
1544,54,3.0
2452,54,3.0
1540,54,3.0
557,54,3.0
636,54,3.0
824,54,3.0
3236,54,3.0
1305,54,3.0
810,54,4.0
1545,54,3.0
953,54,2.0
676,54,3.0
1814,54,3.0
2514,54,2.0
1698,54,3.0
280,54,3.0
2281,54,3.0
1361,54,3.0
1362,54,3.0
4273,54,3.0
4274,54,3.0
2876,54,3.0
453,55,0.5
2493,55,4.0
2027,55,4.0
3533,55,0.5
3454,55,0.5
3241,55,0.5
841,55,3.0
582,55,0.5
920,55,3.5
3429,55,2.5
1014,55,4.0
2670,55,1.0
2909,55,5.0
3435,55,5.0
3079,55,4.5
1761,55,4.5
696,56,4.0
1553,56,5.0
2721,56,4.0
3833,56,4.0
557,56,4.0
300,56,4.0
921,56,3.0
824,56,4.0
356,56,3.0
1380,56,3.0
76,56,4.0
827,56,4.0
930,56,4.0
3236,56,4.0
1305,56,3.0
2819,56,5.0
678,56,4.0
810,56,5.0
283,56,4.0
953,56,3.0
645,56,3.0
676,56,5.0
3834,56,4.0
280,56,4.0
1361,56,3.0
1362,56,3.0
4273,56,3.0
4274,56,3.0
287,56,4.0
1544,57,5.0
696,57,3.0
1540,57,3.0
2721,57,3.0
3833,57,4.0
2184,57,1.0
646,57,3.0
2993,57,2.0
557,57,4.0
636,57,3.0
1729,57,3.0
300,57,2.0
821,57,1.0
921,57,1.0
76,57,1.0
1893,57,4.0
2371,57,5.0
3236,57,3.0
1305,57,4.0
678,57,4.0
810,57,4.0
3702,57,4.0
1545,57,2.0
1718,57,1.0
283,57,4.0
585,57,2.0
645,57,2.0
676,57,5.0
404,57,3.0
835,57,4.0
3254,57,3.0
1814,57,3.0
1246,57,2.0
1821,57,5.0
1728,57,5.0
1839,57,4.0
2020,57,2.0
1698,57,4.0
280,57,4.0
2281,57,3.0
1361,57,4.0
1362,57,4.0
4273,57,4.0
4274,57,4.0
4265,57,4.0
1110,57,4.0
2671,57,3.0
3154,57,3.0
426,57,4.0
804,57,3.0
453,57,1.0
3218,57,4.0
384,57,2.0
4179,57,5.0
966,57,2.0
3893,57,4.0
287,57,2.0
3514,57,3.0
978,57,2.0
3940,57,1.0
3706,57,4.0
4012,57,5.0
4336,57,5.0
3819,57,4.0
2970,57,5.0
1924,57,3.0
902,57,1.0
3452,57,4.0
3017,57,3.0
33,57,4.0
1705,57,4.0
4678,57,3.0
707,57,2.0
2517,57,4.0
3464,57,3.0
4586,57,5.0
3725,57,4.0
2406,57,4.0
2553,57,5.0
1528,57,4.0
1665,57,4.0
2662,57,5.0
2667,57,4.0
2288,57,4.0
3300,57,3.0
2493,57,5.0
3993,57,4.0
4056,57,4.0
4486,57,5.0
358,57,5.0
1008,57,4.0
3451,57,5.0
1036,57,4.0
574,57,2.0
1370,57,2.0
1753,57,4.0
1586,57,2.0
2818,57,5.0
2320,57,3.0
1962,57,4.0
429,57,2.0
2739,57,3.0
2097,57,2.0
474,57,4.0
2285,57,3.0
840,57,3.0
1061,57,1.0
2568,57,3.0
2327,57,4.0
1344,57,3.0
447,57,1.0
211,57,2.0
443,57,2.0
366,57,3.0
771,57,2.0
456,57,3.0
388,57,3.0
1379,57,2.0
1377,57,5.0
1755,57,2.0
1354,57,5.0
2575,57,4.0
2821,57,3.0
301,57,4.0
875,57,3.0
741,57,2.0
2979,57,3.0
1421,57,3.0
26,57,2.0
246,57,2.0
2540,57,4.0
1765,57,3.0
905,57,4.0
462,57,2.0
2313,57,2.0
353,57,4.0
1023,57,2.0
4340,57,4.0
1364,57,3.0
1081,57,2.0
629,57,5.0
2918,57,5.0
3241,57,3.0
1700,57,3.0
2533,57,3.0
4646,57,1.0
2111,57,4.0
471,57,4.0
2933,57,3.0
2923,57,2.0
1878,57,3.0
397,57,2.0
3484,57,4.0
582,57,2.0
1783,57,5.0
468,57,1.0
3206,57,3.0
920,57,4.0
279,57,4.0
3905,57,3.0
4199,57,3.0
3429,57,3.0
3220,57,4.0
626,57,2.0
1026,57,2.0
234,57,3.0
814,57,4.0
871,57,2.0
1298,57,2.0
1360,57,3.0
71,57,1.0
2813,57,4.0
1979,57,3.0
619,57,3.0
2766,57,4.0
830,57,4.0
3831,57,5.0
2317,57,3.0
2519,57,5.0
208,57,4.0
3535,57,5.0
4189,57,4.0
3890,57,4.0
4346,57,3.0
2829,57,4.0
225,57,3.0
1716,57,4.0
1133,57,2.0
2756,57,4.0
2018,57,3.0
1880,57,5.0
1610,57,4.0
344,57,4.0
466,57,3.0
1335,57,3.0
1055,57,4.0
2095,57,3.0
1051,57,4.0
833,57,3.0
3274,57,3.0
1183,57,3.0
656,57,4.0
2090,57,5.0
2178,57,4.0
573,57,3.0
1368,57,5.0
2330,57,3.0
3606,57,3.0
3455,57,4.0
275,57,4.0
481,57,1.0
834,57,4.0
1534,57,2.0
4003,57,4.0
1789,57,3.0
1415,57,2.0
2999,57,3.0
1921,57,4.0
3582,57,1.0
644,57,4.0
2490,57,3.0
1553,58,1.0
1540,58,4.0
2141,58,3.0
2930,58,4.0
2721,58,5.0
2103,58,2.0
813,58,3.0
1530,58,3.0
557,58,5.0
636,58,4.0
300,58,3.0
824,58,4.0
356,58,4.0
536,58,5.0
1380,58,2.0
76,58,4.0
4780,58,3.0
1893,58,3.0
827,58,3.0
2535,58,4.0
1567,58,3.0
930,58,4.0
3236,58,5.0
1939,58,4.0
2950,58,5.0
2819,58,1.0
678,58,3.0
810,58,4.0
3702,58,3.0
1545,58,5.0
283,58,3.0
2545,58,4.0
676,58,4.0
3254,58,5.0
1814,58,3.0
2486,58,5.0
1821,58,5.0
2793,58,3.0
2020,58,4.0
1698,58,5.0
280,58,4.0
2281,58,3.0
1361,58,3.0
1362,58,3.0
4273,58,3.0
4274,58,3.0
4265,58,5.0
1110,58,4.0
2671,58,5.0
426,58,5.0
384,58,3.0
3934,58,5.0
696,59,3.0
3156,59,5.0
557,59,2.0
4344,59,5.0
676,59,3.0
1821,59,5.0
1728,59,5.0
280,59,4.0
1038,59,4.0
426,59,5.0
4179,59,5.0
4336,59,5.0
2970,59,5.0
4288,59,5.0
3449,59,4.0
2971,59,5.0
1528,59,5.0
2173,59,5.0
3181,59,5.0
1460,59,4.0
447,59,3.0
443,59,5.0
1377,59,4.0
2821,59,5.0
246,59,3.0
672,59,5.0
165,59,3.0
4207,59,4.0
1960,59,5.0
629,59,5.0
2918,59,5.0
3883,59,5.0
2533,59,2.0
705,59,3.0
1026,59,2.0
1122,59,3.0
2829,59,5.0
1051,59,5.0
1183,59,4.0
2730,59,5.0
4244,59,5.0
2090,59,4.0
2178,59,4.0
573,59,2.0
3818,59,4.0
813,60,3.0
1821,60,5.0
571,60,3.0
4609,60,3.0
1665,60,4.0
211,60,3.0
2918,60,3.0
568,60,3.0
1183,60,4.0
3542,60,4.0
893,61,4.0
2371,61,4.0
1567,61,4.0
2793,61,4.5
4307,61,4.5
3449,61,4.0
2517,61,1.5
1528,61,4.5
1850,61,4.0
839,61,4.5
3162,61,4.5
3451,61,5.0
1354,61,4.5
150,61,3.0
1167,61,2.0
2533,61,3.5
3707,61,4.5
2909,61,4.5
3577,61,4.5
3712,61,4.0
3244,61,4.0
3424,61,4.0
829,61,4.0
2155,61,4.0
831,61,4.0
3435,61,4.0
1560,61,4.5
557,62,4.5
3236,62,4.5
2819,62,3.0
810,62,5.0
1821,62,4.5
2514,62,4.0
3893,62,4.5
4307,62,5.0
2971,62,4.5
3725,62,4.0
4609,62,5.0
2456,62,4.5
2662,62,4.0
2288,62,4.5
1008,62,4.5
802,62,5.0
1354,62,5.0
2979,62,5.0
26,62,4.0
1815,62,5.0
1154,62,5.0
1167,62,4.5
629,62,4.0
1700,62,4.5
3061,62,4.5
234,62,4.5
2089,62,3.5
663,62,5.0
344,62,3.0
275,62,4.5
896,62,3.5
512,62,3.0
812,62,4.0
3707,62,4.5
1228,62,4.5
351,62,2.5
546,62,4.5
2909,62,4.5
402,62,4.5
1853,62,5.0
900,62,1.0
333,62,3.5
3712,62,4.0
389,62,4.5
865,62,3.0
160,62,4.0
231,62,4.5
1035,62,4.5
276,62,4.0
565,62,4.0
498,62,5.0
277,62,4.5
2256,62,4.5
884,62,4.5
1792,62,3.5
424,62,4.0
166,62,3.5
200,62,4.0
370,62,3.5
2102,62,3.0
829,62,5.0
2746,62,4.0
516,62,4.0
2155,62,4.5
729,62,3.0
831,62,5.0
146,62,4.0
566,62,1.0
192,62,4.5
31,62,4.0
1849,62,4.0
4803,62,4.5
3639,62,4.5
292,62,3.5
248,62,5.0
533,62,4.0
3435,62,4.5
118,62,4.5
1179,62,4.5
268,62,4.0
230,62,4.5
381,62,4.0
249,62,3.5
120,62,5.0
243,62,3.0
1137,62,4.0
1597,62,4.0
2628,62,4.0
115,62,4.5
25,62,4.0
933,62,5.0
34,62,3.0
567,62,3.0
13,62,4.5
2136,62,3.0
244,62,4.0
1606,62,4.0
2318,62,4.0
278,62,4.5
298,62,4.5
293,62,1.5
971,62,5.0
422,62,4.5
688,62,4.5
6,62,4.0
107,62,1.0
2,62,4.5
399,62,5.0
114,62,4.5
2395,62,4.0
1021,62,4.5
1832,62,5.0
117,62,4.0
3349,62,3.5
1373,62,4.0
69,62,3.5
58,62,4.5
513,62,3.5
116,62,3.0
438,62,3.0
164,62,4.5
640,62,3.5
1786,62,4.0
12,62,4.5
1339,62,1.0
914,62,4.5
3143,62,4.0
572,62,4.0
3628,62,2.0
123,62,3.5
129,62,4.0
67,62,5.0
3343,62,4.5
9,62,4.5
1991,62,3.5
1568,62,3.5
1,62,4.0
357,62,5.0
2906,62,3.5
440,62,4.0
33,62,5.0
80,62,3.5
51,62,3.5
97,62,5.0
412,62,4.0
3280,62,4.0
197,62,3.5
40,62,2.0
1509,62,4.5
130,62,4.0
18,62,4.0
102,62,4.0
42,62,3.5
53,62,2.0
170,62,4.0
926,62,4.0
1387,62,3.5
929,62,4.0
3249,62,4.5
70,62,3.5
427,62,4.0
206,62,5.0
221,62,3.5
30,62,4.5
1571,62,4.0
1043,62,3.5
2074,62,4.0
217,62,4.5
288,62,5.0
229,62,4.0
1503,62,4.0
32,62,3.5
520,62,4.0
15,62,3.5
1342,62,3.5
2865,62,4.5
1053,62,3.0
261,62,3.0
127,62,3.5
184,62,4.0
907,62,4.0
1288,62,4.0
401,62,3.0
96,62,5.0
86,62,4.0
1155,62,4.0
47,62,4.0
82,62,3.5
1231,62,3.5
75,62,4.0
3871,62,4.0
694,62,4.0
4386,62,4.5
95,62,4.0
791,62,4.0
457,62,4.5
3238,62,4.5
2755,62,4.0
2525,62,4.5
201,62,4.0
2550,62,4.5
20,62,4.0
1140,62,3.0
128,62,4.0
8,62,4.0
183,62,3.5
789,62,4.5
27,62,4.0
65,62,4.0
685,62,5.0
2850,62,3.5
103,62,3.5
1811,62,3.5
73,62,4.0
57,62,2.5
3,62,4.5
10,62,4.0
79,62,3.0
177,62,4.0
1175,62,4.0
371,62,3.5
1544,63,5.0
696,63,3.0
1573,63,3.0
557,63,2.5
4344,63,3.0
636,63,3.0
300,63,1.0
356,63,4.0
76,63,2.0
3236,63,5.0
2819,63,5.0
810,63,3.5
3702,63,4.0
1545,63,2.5
676,63,2.5
1814,63,3.0
1821,63,4.0
2793,63,2.5
2514,63,2.5
1698,63,4.0
280,63,4.0
1361,63,4.0
1362,63,4.0
4273,63,4.0
4274,63,4.0
426,63,4.0
3893,63,4.0
4336,63,4.0
2970,63,3.5
3892,63,4.0
1705,63,4.0
3934,63,3.0
4307,63,3.0
2971,63,2.5
4586,63,5.0
3725,63,4.0
2406,63,2.5
4609,63,4.0
1528,63,5.0
1850,63,4.0
839,63,2.5
3162,63,2.5
2662,63,3.0
2288,63,5.0
3993,63,3.0
4056,63,4.0
1008,63,4.0
2812,63,3.0
903,63,3.5
1377,63,4.0
2979,63,3.5
2021,63,2.0
4439,63,2.5
4231,63,4.5
629,63,3.5
1700,63,4.0
3061,63,4.0
1360,63,3.0
3831,63,4.0
2519,63,5.0
663,63,5.0
2756,63,3.0
1996,63,2.0
3889,63,2.5
2151,63,4.0
3261,63,4.0
3455,63,2.0
681,63,3.0
275,63,3.0
2460,63,1.0
214,63,2.5
1123,63,4.0
896,63,2.0
512,63,3.5
766,63,2.5
812,63,2.5
3707,63,5.0
2909,63,3.5
1835,63,2.5
385,63,3.0
1793,63,1.0
402,63,3.5
3577,63,3.5
1834,63,3.0
1853,63,2.5
900,63,2.5
111,63,0.5
469,63,4.0
2042,63,3.5
1719,63,2.5
1017,63,3.5
3712,63,3.0
232,63,3.5
1182,63,2.0
389,63,4.0
321,63,4.0
632,63,4.0
160,63,0.5
1759,63,2.5
231,63,2.5
276,63,4.0
445,63,4.0
674,63,2.5
3897,63,5.0
148,63,3.0
2256,63,3.5
1569,63,1.0
884,63,4.0
3244,63,4.0
200,63,4.0
829,63,3.5
1063,63,2.5
2746,63,2.5
2155,63,5.0
1710,63,2.0
831,63,2.5
4582,63,2.5
4749,63,4.0
3601,63,5.0
2139,63,4.0
118,63,2.5
1179,63,5.0
120,63,3.5
13,63,4.0
3579,63,4.0
2318,63,3.0
511,63,5.0
278,63,4.0
119,63,2.5
2474,63,5.0
2564,63,2.0
2,63,3.5
262,63,4.0
592,63,3.5
2619,63,5.0
54,63,4.0
58,63,4.0
1332,63,3.5
159,63,3.5
67,63,4.0
1991,63,4.0
357,63,4.0
440,63,4.0
80,63,2.5
3823,63,5.0
43,63,4.0
97,63,3.5
412,63,5.0
712,63,4.0
1509,63,4.0
102,63,4.0
170,63,4.0
2083,63,5.0
2462,63,5.0
427,63,0.5
154,63,4.0
30,63,3.5
1571,63,4.5
90,63,5.0
48,63,4.5
184,63,0.5
125,63,5.0
745,63,5.0
86,63,4.0
47,63,3.5
75,63,4.0
135,63,5.0
95,63,4.0
89,63,5.0
8,63,4.0
78,63,5.0
1544,64,4.0
893,64,5.0
1553,64,3.5
2141,64,3.5
3749,64,3.5
1573,64,4.5
2930,64,4.0
2721,64,4.0
2169,64,3.5
813,64,3.0
2184,64,4.0
2993,64,3.0
557,64,4.0
4344,64,4.0
1729,64,3.0
300,64,2.5
921,64,2.5
3353,64,3.5
4780,64,3.0
1567,64,5.0
3236,64,4.5
2819,64,3.5
810,64,4.0
3702,64,4.5
1545,64,3.0
676,64,4.0
1814,64,3.5
1821,64,5.0
1839,64,4.0
2793,64,4.0
2514,64,3.0
2020,64,4.0
1698,64,4.0
280,64,4.0
2281,64,5.0
1110,64,4.0
2671,64,3.5
1038,64,3.5
384,64,3.5
966,64,3.0
3893,64,5.0
1886,64,3.5
287,64,3.0
2970,64,1.0
3743,64,3.5
3452,64,4.0
1705,64,3.0
4016,64,3.0
4678,64,3.5
1107,64,3.5
3934,64,4.0
4307,64,4.0
3449,64,5.0
2971,64,4.5
2517,64,3.0
4586,64,4.0
3725,64,5.0
4609,64,5.0
2553,64,5.0
4082,64,4.0
1528,64,5.0
1850,64,5.0
839,64,4.0
3162,64,4.0
2948,64,4.0
2331,64,4.0
2347,64,4.0
2662,64,4.0
2667,64,3.5
4056,64,3.5
358,64,4.5
2027,64,5.0
1372,64,4.0
1616,64,4.5
3680,64,4.0
2812,64,5.0
474,64,3.5
2824,64,4.0
2285,64,3.5
1397,64,4.0
1039,64,3.0
2327,64,4.0
447,64,2.0
1033,64,2.5
1377,64,4.0
4638,64,3.5
2408,64,2.5
802,64,2.5
2575,64,4.5
741,64,3.0
2979,64,4.5
1964,64,3.0
2825,64,4.0
1765,64,3.5
1095,64,4.0
905,64,3.0
2148,64,3.0
1625,64,2.5
1035,64,3.5
353,64,4.0
1023,64,5.0
150,64,2.5
3454,64,4.0
1815,64,4.0
1399,64,4.5
2915,64,4.5
4448,64,3.5
629,64,4.0
4720,64,4.0
3241,64,3.5
1700,64,3.0
1058,64,3.5
2533,64,3.5
841,64,5.0
2111,64,4.0
705,64,3.0
2923,64,3.5
3061,64,4.0
3027,64,5.0
1783,64,4.0
1646,64,2.0
3206,64,3.0
3049,64,4.5
1561,64,3.0
2931,64,3.5
3429,64,3.0
3220,64,3.5
814,64,4.5
1360,64,4.0
1542,64,3.0
1537,64,3.5
2813,64,2.5
651,64,3.0
719,64,3.0
619,64,3.5
1612,64,4.0
830,64,4.0
2317,64,4.0
2519,64,2.5
4085,64,4.5
208,64,3.0
663,64,4.5
2756,64,4.0
2018,64,3.5
3008,64,4.0
2670,64,3.5
344,64,4.0
1335,64,4.0
1055,64,3.5
3703,64,4.0
2095,64,4.5
1166,64,2.0
1998,64,4.0
374,64,0.5
1183,64,4.5
910,64,2.0
3889,64,4.5
2151,64,4.0
573,64,3.0
1538,64,3.0
3261,64,5.0
3455,64,3.0
2460,64,3.0
4003,64,3.5
896,64,3.0
512,64,3.5
644,64,3.0
766,64,4.0
1548,64,3.0
3707,64,4.0
1228,64,0.5
546,64,4.0
2909,64,4.5
385,64,3.5
1045,64,2.5
1793,64,4.0
1007,64,4.0
402,64,3.5
3577,64,4.5
1584,64,3.5
1834,64,4.0
1853,64,3.5
900,64,3.5
876,64,3.0
111,64,3.0
475,64,2.5
364,64,3.5
2995,64,4.0
3536,64,3.5
346,64,3.0
2042,64,2.0
1054,64,4.0
1719,64,3.5
1065,64,4.0
3712,64,4.0
232,64,4.0
576,64,3.0
2130,64,4.0
321,64,5.0
3747,64,4.0
1195,64,3.5
580,64,3.5
632,64,3.5
865,64,3.0
1012,64,4.0
3597,64,4.5
2515,64,3.0
1035,64,3.5
276,64,4.0
674,64,3.5
565,64,4.5
2833,64,3.5
3773,64,4.0
498,64,3.5
3897,64,3.5
1898,64,5.0
1143,64,4.0
277,64,3.5
2310,64,4.5
2256,64,3.5
3705,64,4.5
317,64,4.0
1541,64,3.5
911,64,0.5
1969,64,5.0
3524,64,4.0
2928,64,4.0
1714,64,3.5
4227,64,4.5
424,64,3.5
329,64,5.0
3734,64,5.0
3244,64,4.5
200,64,4.0
3034,64,4.5
3744,64,4.0
3424,64,4.0
2102,64,3.5
1559,64,3.5
829,64,4.0
1497,64,3.5
2326,64,4.0
2638,64,4.0
1785,64,3.0
584,64,4.0
3571,64,4.0
449,64,4.0
2746,64,3.0
516,64,3.0
1710,64,4.5
2155,64,4.5
831,64,4.0
725,64,3.5
2333,64,4.0
566,64,3.5
192,64,3.5
4582,64,5.0
4749,64,4.0
1551,64,3.5
3450,64,4.0
1849,64,4.0
4022,64,4.5
715,64,4.0
3601,64,5.0
2139,64,5.0
2410,64,3.0
3639,64,4.5
4298,64,3.5
1411,64,4.0
2888,64,4.5
3946,64,5.0
1560,64,3.5
118,64,4.0
1179,64,4.5
3079,64,2.5
120,64,4.0
2720,64,4.0
115,64,4.0
1687,64,4.0
25,64,4.0
3242,64,4.5
1821,65,4.0
1705,65,3.0
2456,65,4.0
629,65,4.0
3061,65,4.5
663,65,4.5
3577,65,4.0
146,65,3.5
715,65,3.5
381,65,4.0
1137,65,4.0
933,65,4.5
1606,65,3.5
2181,65,5.0
1816,65,4.5
440,65,4.5
97,65,4.5
170,65,3.0
1923,65,4.0
206,65,4.5
302,65,4.0
2074,65,3.0
96,65,4.5
75,65,4.0
2525,65,4.5
789,65,3.0
1544,66,4.0
3772,66,4.0
1553,66,3.0
1540,66,4.0
557,66,5.0
4344,66,4.5
76,66,4.0
4780,66,3.5
1893,66,5.0
3236,66,5.0
2950,66,4.0
810,66,5.0
3702,66,5.0
283,66,3.5
676,66,3.0
404,66,2.5
1246,66,3.0
4462,66,4.0
1728,66,5.0
2793,66,3.5
2514,66,3.0
280,66,4.0
2281,66,4.5
1361,66,4.0
1362,66,4.0
4273,66,4.0
4274,66,4.0
1303,66,3.0
966,66,2.5
978,66,3.5
4336,66,4.5
3892,66,4.0
4222,66,4.0
902,66,3.5
1705,66,4.0
3934,66,4.5
4307,66,4.0
3449,66,4.0
707,66,3.5
4586,66,5.0
4297,66,4.5
2406,66,5.0
4609,66,4.5
1850,66,3.5
839,66,4.0
3162,66,4.0
2948,66,4.5
3181,66,4.5
1665,66,4.0
2456,66,4.5
3243,66,3.5
2662,66,3.5
2667,66,5.0
2288,66,3.0
2493,66,4.5
2797,66,4.0
1036,66,3.5
3680,66,5.0
574,66,3.5
2739,66,4.0
2285,66,4.5
3776,66,4.5
2568,66,4.5
2327,66,4.0
1033,66,4.5
4638,66,4.5
2979,66,5.0
1765,66,5.0
905,66,5.0
3638,66,4.0
1023,66,4.5
150,66,3.0
165,66,3.5
2021,66,4.0
3829,66,5.0
3453,66,5.0
1815,66,4.0
1364,66,3.0
1154,66,3.0
1960,66,4.0
629,66,4.5
1700,66,3.0
2111,66,3.5
2923,66,3.5
744,66,3.5
3408,66,4.0
3206,66,4.0
3049,66,5.0
3429,66,3.5
3220,66,4.5
234,66,3.0
1360,66,4.5
2813,66,4.0
2530,66,4.0
2317,66,4.0
1227,66,3.0
2519,66,5.0
663,66,5.0
3595,66,3.5
2018,66,3.5
3178,66,4.0
3008,66,4.0
2670,66,4.0
3889,66,3.5
4221,66,4.5
2151,66,4.5
3455,66,4.0
275,66,3.5
1789,66,4.0
1415,66,3.5
1921,66,4.0
540,66,3.5
3463,66,4.0
1793,66,4.0
2513,66,3.0
544,66,4.0
2010,66,4.0
3577,66,5.0
1999,66,3.5
900,66,5.0
1595,66,4.0
3011,66,3.5
232,66,4.5
998,66,4.5
3460,66,4.0
3597,66,5.0
160,66,4.0
276,66,3.5
445,66,5.0
674,66,4.0
3773,66,5.0
1898,66,5.0
2310,66,5.0
704,66,4.0
1969,66,3.5
329,66,4.5
200,66,3.5
1788,66,4.5
3744,66,5.0
2032,66,4.5
829,66,5.0
1497,66,4.5
172,66,4.5
2820,66,4.0
1785,66,3.5
1798,66,4.0
1854,66,4.0
584,66,5.0
1124,66,3.5
516,66,4.5
727,66,3.0
2155,66,4.5
729,66,4.0
831,66,5.0
1334,66,4.0
566,66,4.5
31,66,5.0
4022,66,4.5
715,66,4.5
3601,66,5.0
2474,66,4.0
3236,67,4.5
810,67,4.5
280,67,3.5
1705,67,4.0
2288,67,4.5
1008,67,3.5
1154,67,4.0
1167,67,3.5
629,67,4.5
3061,67,3.0
2519,67,4.0
663,67,4.5
2909,67,4.5
900,67,3.5
232,67,4.5
2511,67,4.0
329,67,4.0
200,67,4.5
58,67,3.5
572,67,4.0
97,67,4.0
288,67,4.0
1544,68,2.5
696,68,4.5
893,68,3.5
2452,68,3.5
3772,68,2.0
1553,68,1.5
3749,68,3.5
1573,68,1.0
2721,68,4.0
2103,68,3.0
813,68,4.0
1530,68,3.5
2184,68,4.0
646,68,3.5
2993,68,4.5
557,68,2.5
636,68,3.0
300,68,3.0
821,68,3.0
921,68,2.5
3353,68,4.5
356,68,3.5
536,68,3.0
1283,68,2.5
3447,68,2.5
1253,68,2.0
76,68,4.0
4780,68,1.0
3635,68,2.5
2535,68,2.0
1567,68,4.0
930,68,2.5
3236,68,2.0
2950,68,3.5
2819,68,2.5
810,68,3.5
3702,68,1.0
1545,68,5.0
1718,68,3.0
283,68,3.5
953,68,1.0
645,68,3.0
3410,68,4.5
676,68,3.5
404,68,2.5
1814,68,3.0
2486,68,3.0
1821,68,4.0
1728,68,2.0
1136,68,2.0
1839,68,3.0
2793,68,2.0
4461,68,2.5
2514,68,1.0
2020,68,2.0
1698,68,3.5
280,68,3.5
2281,68,4.0
1361,68,4.0
1362,68,4.0
4273,68,4.0
4274,68,4.0
4265,68,3.0
1110,68,2.0
2671,68,4.5
1303,68,2.5
1038,68,3.5
426,68,4.0
804,68,4.0
384,68,4.0
966,68,3.0
1886,68,2.0
287,68,2.5
1498,68,3.0
571,68,3.5
3514,68,3.5
1067,68,3.5
1854,68,3.5
3990,68,2.5
4336,68,4.5
3819,68,5.0
2970,68,1.5
3892,68,2.5
3572,68,2.0
2675,68,2.5
327,68,3.5
902,68,3.0
3452,68,2.5
33,68,2.5
1705,68,3.0
4016,68,2.5
4678,68,2.0
3934,68,0.5
4307,68,3.5
3449,68,2.5
2971,68,1.5
2517,68,3.5
3464,68,3.0
4586,68,3.5
3725,68,3.0
2406,68,2.5
4082,68,3.0
1528,68,3.0
1850,68,3.5
839,68,2.0
3162,68,2.0
2948,68,2.5
2173,68,4.5
2347,68,2.0
2662,68,2.5
2288,68,3.0
2493,68,2.5
3993,68,4.0
4056,68,3.5
358,68,2.5
1008,68,5.0
2458,68,3.5
1616,68,3.0
574,68,2.5
429,68,3.5
2739,68,2.5
3448,68,3.5
2812,68,3.5
2097,68,2.5
474,68,3.0
903,68,4.5
2285,68,2.5
840,68,1.5
241,68,3.0
1397,68,3.5
1039,68,3.5
1061,68,2.5
2568,68,2.5
377,68,3.0
2327,68,4.0
447,68,3.5
260,68,3.0
211,68,3.5
1033,68,3.0
443,68,3.0
366,68,2.5
946,68,3.5
380,68,3.5
817,68,3.0
771,68,2.0
456,68,3.0
388,68,3.0
1379,68,2.5
1377,68,3.5
593,68,3.0
1755,68,3.0
2408,68,4.0
802,68,4.0
1354,68,2.5
2982,68,3.0
2575,68,3.0
2821,68,3.5
301,68,2.0
3470,68,3.0
875,68,3.0
741,68,2.5
2979,68,4.5
1421,68,2.0
1964,68,2.5
26,68,3.0
246,68,4.0
2825,68,3.0
550,68,3.0
905,68,4.0
2148,68,3.0
462,68,4.0
828,68,3.0
433,68,2.5
1625,68,2.0
2313,68,2.5
1578,68,2.0
458,68,4.0
3015,68,3.0
1023,68,3.0
150,68,3.0
165,68,3.5
2021,68,4.0
4340,68,3.5
1815,68,2.5
2412,68,3.0
1399,68,2.5
1364,68,3.0
2915,68,2.0
1154,68,1.0
1167,68,1.0
4448,68,3.0
629,68,4.0
2918,68,3.0
3241,68,3.0
1700,68,4.0
1787,68,4.5
1058,68,3.5
2533,68,2.5
2842,68,2.0
4646,68,2.0
841,68,3.5
2111,68,3.0
705,68,3.0
2933,68,3.5
2923,68,3.0
3061,68,2.5
1971,68,3.0
408,68,3.5
397,68,3.0
2606,68,2.0
3027,68,1.5
1783,68,3.5
639,68,3.5
906,68,3.5
3206,68,3.5
2672,68,3.0
2985,68,3.5
920,68,3.0
3487,68,4.5
1417,68,3.0
3049,68,5.0
1561,68,2.0
2931,68,4.0
2883,68,2.5
781,68,2.5
2742,68,4.5
3220,68,1.5
626,68,3.5
2629,68,2.5
1026,68,3.0
234,68,3.0
814,68,3.5
1122,68,3.0
1360,68,3.5
1542,68,3.5
1537,68,0.5
71,68,3.0
2813,68,4.0
2066,68,2.5
1760,68,3.0
719,68,3.0
568,68,3.5
1612,68,3.0
3831,68,4.0
2317,68,3.0
1504,68,3.5
2519,68,5.0
1153,68,3.5
3257,68,3.5
1014,68,3.0
4085,68,1.0
208,68,2.0
3890,68,3.5
4077,68,4.0
4346,68,3.5
2089,68,0.5
663,68,2.5
225,68,3.0
1716,68,4.5
3166,68,4.0
2289,68,2.0
2756,68,4.5
2018,68,3.5
22,68,3.0
3178,68,3.0
3008,68,3.5
2670,68,4.0
344,68,3.0
2322,68,3.0
1335,68,2.0
713,68,3.5
892,68,2.0
1055,68,3.0
1977,68,2.5
3703,68,3.0
2095,68,4.5
1166,68,2.0
3177,68,4.0
1998,68,2.5
910,68,3.0
1996,68,3.0
3889,68,3.0
239,68,3.5
4221,68,4.0
2730,68,4.0
1840,68,2.5
2090,68,1.5
2151,68,2.0
573,68,4.0
1538,68,3.0
2330,68,3.5
1115,68,2.5
3261,68,3.0
1688,68,4.0
3455,68,4.0
2705,68,2.0
681,68,3.5
275,68,4.0
481,68,0.5
2460,68,3.5
214,68,4.5
1534,68,2.0
4003,68,3.5
1415,68,3.0
4677,68,2.5
2999,68,3.5
1921,68,2.5
896,68,2.0
4305,68,1.0
1968,68,4.0
512,68,4.5
347,68,4.0
1217,68,2.0
1062,68,3.5
367,68,3.0
2983,68,4.5
766,68,3.5
3463,68,4.5
1548,68,4.0
812,68,4.0
3707,68,3.0
1019,68,3.0
1228,68,3.0
351,68,3.0
488,68,2.5
3340,68,4.0
546,68,3.5
2909,68,3.0
1835,68,4.0
2738,68,2.0
631,68,4.5
1114,68,4.0
385,68,2.0
1045,68,4.0
1793,68,2.0
1007,68,3.5
1925,68,3.0
2735,68,3.5
2092,68,2.0
2513,68,2.0
2006,68,2.0
2701,68,3.0
402,68,2.5
3577,68,4.0
1584,68,4.0
1834,68,4.0
1853,68,5.0
900,68,5.0
876,68,1.5
111,68,2.5
475,68,3.5
469,68,3.5
309,68,3.0
359,68,3.0
333,68,3.0
2759,68,3.0
3732,68,2.0
1863,68,3.5
1056,68,2.0
2319,68,4.0
2521,68,2.5
2995,68,3.5
335,68,2.0
1034,68,2.5
279,68,2.0
346,68,2.0
1543,68,4.5
2042,68,3.0
1054,68,4.5
1719,68,4.0
1717,68,3.0
1065,68,2.5
3712,68,2.5
232,68,4.5
1182,68,4.5
373,68,2.5
1190,68,3.0
389,68,3.5
576,68,3.5
321,68,4.0
3747,68,4.0
1195,68,4.5
4299,68,1.0
2417,68,3.5
580,68,4.0
632,68,3.5
1398,68,4.0
865,68,3.5
1012,68,2.0
3597,68,3.5
2515,68,3.5
969,68,2.5
716,68,4.0
160,68,4.5
231,68,3.0
415,68,4.5
431,68,4.5
276,68,3.0
445,68,2.0
674,68,2.5
565,68,3.5
569,68,3.0
3773,68,3.5
1301,68,3.5
498,68,2.5
3897,68,3.5
1898,68,3.0
1143,68,4.0
277,68,5.0
148,68,3.5
823,68,3.5
2791,68,3.5
884,68,3.5
1541,68,3.5
911,68,5.0
1969,68,4.5
3786,68,3.5
3524,68,2.0
1868,68,2.5
2928,68,2.0
2106,68,3.5
1714,68,2.5
424,68,3.5
329,68,4.5
3244,68,4.5
220,68,2.0
166,68,2.5
1836,68,2.5
94,68,3.0
200,68,5.0
370,68,3.0
383,68,3.0
575,68,4.0
3034,68,3.0
4219,68,2.0
1704,68,3.0
3744,68,5.0
1603,68,3.0
2032,68,3.5
4375,68,1.5
2102,68,4.5
1559,68,2.0
757,68,2.5
829,68,3.0
1044,68,1.0
1497,68,3.5
1063,68,4.5
2190,68,2.5
1785,68,3.5
2862,68,3.0
649,68,2.5
3571,68,3.5
449,68,2.0
2746,68,2.5
4099,68,4.0
516,68,2.5
727,68,4.5
1710,68,4.5
2155,68,4.5
729,68,3.5
831,68,3.0
725,68,4.0
2333,68,3.5
146,68,4.0
275,68,4.5
566,68,3.5
3618,68,3.0
192,68,5.0
4582,68,3.0
4749,68,4.5
1551,68,4.0
3450,68,3.0
31,68,4.5
1849,68,4.5
267,68,3.0
4022,68,4.5
715,68,2.5
578,68,2.5
957,68,3.0
1438,68,4.5
3601,68,4.0
526,68,2.5
2048,68,1.0
2139,68,2.0
2410,68,3.0
1178,68,3.5
805,68,5.0
958,68,3.0
1845,68,4.0
292,68,3.0
1411,68,4.5
248,68,3.0
655,68,3.5
3946,68,1.0
3435,68,3.0
2400,68,3.5
1796,68,3.5
689,68,4.5
2941,68,2.5
816,68,4.5
442,68,2.5
1179,68,5.0
1229,68,4.0
3079,68,3.5
230,68,3.0
510,68,3.5
1919,68,1.5
249,68,2.5
120,68,2.5
186,68,2.0
243,68,3.5
4605,68,4.0
1296,68,4.5
1516,68,3.5
1597,68,2.5
2628,68,3.5
2720,68,2.0
558,68,2.0
1727,68,4.0
115,68,5.0
2572,68,3.0
25,68,4.5
405,68,3.5
4256,68,4.5
529,68,3.5
2214,68,0.5
1112,68,3.0
924,68,3.0
933,68,3.0
3315,68,5.0
919,68,4.0
1761,68,4.0
3258,68,4.0
140,68,2.0
430,68,4.5
34,68,2.0
567,68,4.5
13,68,4.5
870,68,2.5
4373,68,4.0
11,68,4.5
3242,68,3.0
2136,68,3.5
534,68,3.5
1487,68,3.5
555,68,3.0
244,68,3.0
1606,68,4.0
2856,68,2.0
4136,68,2.5
4045,68,3.0
1201,68,2.0
4574,68,3.0
2318,68,1.0
2704,68,4.0
511,68,3.5
278,68,5.0
386,68,3.0
298,68,3.0
1963,68,3.0
1751,68,4.0
2760,68,3.0
4220,68,4.5
119,68,4.0
1218,68,3.5
2474,68,4.0
422,68,3.0
688,68,4.0
2453,68,3.0
742,68,3.5
686,68,4.5
212,68,3.5
1282,68,4.5
6,68,3.0
1747,68,5.0
517,68,3.5
2564,68,4.5
2,68,4.5
3316,68,1.5
3172,68,3.5
2017,68,3.0
262,68,3.0
74,68,2.5
112,68,5.0
114,68,5.0
646,68,3.0
592,68,4.0
2884,68,3.5
2395,68,3.5
2454,68,3.5
1021,68,4.5
1593,68,2.5
985,68,5.0
1072,68,3.0
2181,68,2.5
1607,68,4.0
282,68,3.5
1832,68,3.5
2213,68,4.0
392,68,3.0
117,68,3.5
3338,68,3.0
1591,68,2.0
1563,68,4.0
1829,68,2.0
421,68,3.5
2619,68,4.0
552,68,3.0
420,68,3.0
3349,68,3.5
2398,68,2.5
3068,68,2.5
796,68,1.0
1575,68,5.0
4031,68,4.0
1577,68,3.0
69,68,4.5
1209,68,2.5
1818,68,5.0
4593,68,3.5
3878,68,3.5
54,68,1.0
182,68,3.5
362,68,1.0
58,68,4.5
513,68,2.5
116,68,3.0
438,68,3.5
1046,68,3.0
164,68,3.5
640,68,2.5
2476,68,3.0
1786,68,3.0
354,68,2.5
3007,68,3.0
1973,68,4.0
2374,68,3.5
121,68,3.5
2669,68,4.5
12,68,3.0
1706,68,4.5
131,68,3.5
2138,68,3.5
914,68,5.0
186,68,2.5
723,68,3.0
1164,68,2.0
2080,68,3.0
1181,68,3.5
3609,68,3.5
68,68,3.0
572,68,4.5
123,68,3.5
159,68,4.0
129,68,3.0
44,68,3.5
1601,68,4.0
67,68,3.0
349,68,3.0
3343,68,4.0
9,68,4.0
1557,68,4.0
1170,68,4.0
77,68,2.0
4363,68,4.5
1991,68,5.0
1568,68,4.0
964,68,4.5
1,68,5.0
357,68,3.0
3215,68,3.5
440,68,3.0
33,68,4.0
2161,68,5.0
93,68,5.0
1723,68,4.0
80,68,4.0
1037,68,2.0
43,68,3.5
1203,68,3.5
615,68,3.0
97,68,5.0
412,68,4.0
3267,68,4.0
4102,68,4.0
197,68,4.5
2733,68,3.5
1234,68,4.0
7,68,4.0
1368,68,3.5
1219,68,4.5
1613,68,3.0
130,68,3.5
1502,68,3.5
18,68,1.5
1582,68,2.0
102,68,4.5
909,68,3.0
42,68,3.5
2561,68,3.0
170,68,3.5
926,68,4.0
336,68,4.0
1247,68,2.0
721,68,3.5
929,68,4.5
1923,68,3.0
3249,68,3.5
2200,68,4.5
427,68,5.0
154,68,3.0
2827,68,2.0
654,68,3.5
1121,68,5.0
221,68,3.0
2464,68,3.5
56,68,3.0
904,68,3.5
3345,68,3.5
208,68,4.0
30,68,4.5
90,68,4.0
2074,68,3.5
288,68,2.5
48,68,5.0
15,68,4.5
46,68,3.5
240,68,3.0
184,68,4.0
1288,68,1.5
47,68,3.0
75,68,4.5
161,68,4.5
95,68,4.5
2525,68,3.5
201,68,4.0
29,68,4.0
20,68,3.0
128,68,5.0
789,68,4.0
271,68,5.0
177,68,3.0
2126,68,4.5
3236,69,5.0
810,69,4.0
1728,69,5.0
1839,69,5.0
280,69,4.0
2970,69,5.0
2517,69,5.0
3725,69,5.0
2667,69,5.0
802,69,4.0
26,69,4.0
150,69,4.0
234,69,4.0
1055,69,5.0
3455,69,5.0
4003,69,5.0
512,69,4.0
644,69,4.0
546,69,4.0
385,69,4.0
1793,69,5.0
364,69,2.0
279,69,4.0
2994,69,2.0
2630,69,4.0
1017,69,5.0
2356,69,5.0
389,69,3.0
2930,70,5.0
636,70,4.0
4487,70,4.5
810,70,4.0
2486,70,4.5
1821,70,5.0
3892,70,5.0
2971,70,4.5
3725,70,5.0
2456,70,5.0
3243,70,4.5
2288,70,4.0
2832,70,4.0
2027,70,5.0
3451,70,4.0
2979,70,4.5
4092,70,4.0
4340,70,4.5
1532,70,4.5
3311,70,4.0
25,70,4.5
2519,70,4.0
3606,70,4.0
900,70,4.0
3897,70,4.5
2155,70,4.5
2410,70,5.0
3352,70,4.5
1832,70,4.0
2669,70,5.0
3343,70,4.0
1568,70,4.5
929,70,4.5
1544,71,5.0
2452,71,1.0
1530,71,4.0
1319,71,5.0
646,71,4.0
921,71,3.0
356,71,5.0
76,71,2.0
835,71,4.0
280,71,3.0
1038,71,4.0
426,71,4.0
384,71,5.0
2751,71,4.0
1498,71,5.0
1067,71,4.0
1705,71,4.0
3934,71,3.0
2517,71,5.0
1036,71,5.0
574,71,4.0
557,72,4.5
636,72,4.0
356,72,4.0
3236,72,4.5
2819,72,3.5
810,72,4.0
1545,72,3.5
1821,72,4.5
280,72,4.5
2281,72,4.0
426,72,4.0
4336,72,4.5
3725,72,4.0
2288,72,4.0
3533,72,4.0
946,72,3.0
3311,72,3.5
3061,72,4.5
920,72,4.0
1227,72,3.5
2519,72,4.5
689,72,4.0
117,72,4.5
1544,73,4.5
636,73,2.0
2970,73,4.0
3725,73,5.0
2313,73,3.5
629,73,5.0
3049,73,3.0
2813,73,3.5
2519,73,5.0
3261,73,5.0
4003,73,4.5
1123,73,2.5
512,73,5.0
3463,73,3.5
1228,73,4.0
1045,73,2.0
3577,73,4.0
900,73,2.5
2319,73,3.5
3712,73,5.0
232,73,4.0
3597,73,3.0
911,73,3.5
424,73,3.0
329,73,4.5
200,73,4.5
2102,73,3.0
829,73,5.0
1497,73,5.0
831,73,4.0
2333,73,3.0
566,73,2.0
4582,73,2.0
31,73,4.0
1849,73,3.5
1845,73,2.0
292,73,5.0
118,73,3.5
1069,73,4.0
1873,73,4.5
2167,73,4.0
34,73,5.0
13,73,4.0
3242,73,4.0
2318,73,3.0
400,73,3.0
278,73,5.0
1844,73,4.0
4220,73,3.5
2474,73,4.5
422,73,4.5
686,73,4.0
6,73,5.0
1747,73,4.0
517,73,3.5
2,73,4.5
319,73,3.5
112,73,4.0
2395,73,1.5
137,73,4.0
3338,73,3.5
3349,73,4.5
1575,73,3.5
1577,73,4.5
69,73,4.0
182,73,2.5
438,73,3.5
164,73,5.0
640,73,4.5
1786,73,4.0
1332,73,4.0
1973,73,4.0
1339,73,2.0
914,73,4.0
690,73,3.5
723,73,1.5
1186,73,3.5
572,73,5.0
123,73,4.0
159,73,5.0
67,73,4.0
307,73,1.0
349,73,1.0
3343,73,4.0
1557,73,3.5
1170,73,3.5
2598,73,4.0
1991,73,5.0
1259,73,3.5
60,73,2.0
1,73,3.5
357,73,5.0
440,73,4.5
3122,73,1.0
820,73,3.5
43,73,5.0
615,73,3.5
97,73,2.5
2351,73,4.0
2733,73,4.0
130,73,5.0
1502,73,5.0
18,73,3.5
102,73,5.0
42,73,1.0
2282,73,3.0
1367,73,3.5
170,73,4.5
929,73,4.0
427,73,4.0
206,73,5.0
654,73,3.5
1121,73,4.5
904,73,3.5
30,73,5.0
2425,73,3.5
2074,73,3.5
288,73,5.0
2774,73,3.0
48,73,5.0
35,73,4.5
46,73,4.0
507,73,2.0
1342,73,3.5
127,73,5.0
907,73,1.5
745,73,3.5
3251,73,2.0
96,73,4.5
86,73,5.0
2315,73,2.5
3711,73,1.5
47,73,5.0
2841,73,3.5
912,73,4.0
3759,73,3.5
3969,73,2.0
694,73,4.0
1224,73,2.5
95,73,5.0
4366,73,3.0
89,73,5.0
201,73,4.0
1199,73,4.0
3593,73,4.0
8,73,5.0
789,73,4.5
3222,73,2.5
1168,73,3.5
1374,73,3.5
78,73,4.0
532,73,2.5
1175,73,4.0
2917,73,2.5
4344,74,5.0
3236,74,5.0
2950,74,4.0
585,74,4.5
3725,74,5.0
1528,74,5.0
2173,74,4.5
3745,74,5.0
1377,74,4.5
2575,74,3.5
1035,74,5.0
3829,74,4.0
2641,74,4.0
3883,74,5.0
1169,74,3.5
2519,74,5.0
4085,74,5.0
2756,74,4.0
1335,74,4.0
1390,74,4.0
1166,74,2.5
3542,74,4.0
2151,74,3.5
3707,74,5.0
1007,74,3.5
3577,74,4.0
3712,74,4.0
2335,74,3.5
1021,74,4.0
4572,74,4.0
2839,74,4.0
2722,74,4.0
4070,74,5.0
1931,74,4.0
3056,74,4.0
3744,74,4.0
3837,74,4.0
1559,74,4.0
2455,74,3.0
3444,74,5.0
1710,74,3.0
3246,74,3.5
668,74,3.5
2952,74,4.0
3946,74,5.0
1560,74,4.0
2400,74,3.5
3352,74,3.5
2720,74,4.0
3351,74,4.5
1727,74,3.5
529,74,5.0
3242,74,5.0
2136,74,4.5
1606,74,4.0
4492,74,4.0
2532,74,4.0
2704,74,4.5
1630,74,5.0
511,74,4.0
2760,74,3.5
422,74,4.0
881,74,2.5
4047,74,4.5
985,74,5.0
2181,74,4.5
2064,74,5.0
3442,74,5.0
1832,74,4.5
1858,74,4.5
1180,74,4.0
1729,75,2.0
536,75,4.0
1728,75,4.0
280,75,4.5
1361,75,3.5
1362,75,3.5
4273,75,3.5
4274,75,3.5
4336,75,4.0
3819,75,3.0
2970,75,3.5
4288,75,4.5
1705,75,4.0
3449,75,1.0
2608,75,2.5
2406,75,2.5
2553,75,3.5
839,75,4.5
3162,75,4.5
2667,75,4.0
2493,75,3.5
1008,75,4.5
1753,75,4.0
2818,75,2.0
1962,75,4.0
1354,75,2.0
26,75,2.5
1035,75,3.0
3311,75,4.5
1700,75,3.5
279,75,1.5
234,75,1.0
814,75,1.5
22,75,4.0
900,75,4.0
276,75,2.0
1559,75,1.0
566,75,4.0
608,75,1.0
230,75,0.5
1296,75,4.0
1516,75,4.0
933,75,4.5
919,75,3.0
1544,76,0.5
813,76,0.5
4344,76,3.0
821,76,0.5
3236,76,4.5
810,76,1.0
676,76,2.0
1728,76,3.5
1839,76,3.5
1698,76,0.5
280,76,3.5
453,76,0.5
4179,76,3.0
3893,76,4.5
3892,76,2.0
4307,76,4.5
4586,76,5.0
1528,76,4.0
1850,76,5.0
839,76,4.0
3162,76,4.0
3993,76,4.0
2313,76,3.5
3943,76,4.5
3049,76,4.0
234,76,2.0
3831,76,4.0
2519,76,4.0
663,76,4.5
4003,76,1.5
3577,76,4.5
3712,76,2.5
389,76,3.5
276,76,3.5
317,76,3.5
424,76,2.0
329,76,0.5
200,76,2.0
829,76,3.5
2746,76,3.0
1849,76,3.0
4298,76,5.0
1560,76,4.0
230,76,4.5
186,76,3.0
1296,76,5.0
3559,76,4.5
115,76,3.0
3682,76,3.0
3315,76,4.5
2981,76,4.5
688,76,3.0
881,76,3.5
2395,76,3.0
2986,76,4.5
1832,76,3.0
117,76,2.0
1858,76,3.5
2619,76,4.0
1373,76,3.0
1332,76,3.0
2962,76,4.5
1339,76,0.5
572,76,4.0
2932,76,4.5
357,76,2.0
440,76,4.0
97,76,4.0
40,76,3.0
288,76,4.0
2550,76,2.0
275,77,5.0
812,77,3.0
3577,77,2.5
3712,77,1.0
160,77,5.0
231,77,5.0
277,77,5.0
884,77,2.0
200,77,4.0
2155,77,2.0
831,77,2.0
31,77,5.0
120,77,5.0
97,77,2.5
96,77,4.0
1544,78,4.0
616,78,3.0
636,78,4.0
356,78,3.0
3236,78,4.0
2819,78,4.0
810,78,3.0
1545,78,3.5
283,78,4.0
676,78,4.0
1136,78,0.5
280,78,4.5
2281,78,2.0
426,78,3.0
2341,78,2.0
851,78,3.0
1705,78,5.0
2406,78,3.0
2288,78,4.0
1008,78,4.0
728,78,3.0
574,78,4.0
447,78,4.0
462,78,1.0
2672,78,1.0
626,78,2.5
1612,78,1.5
3831,78,5.0
2530,78,2.0
3347,78,3.5
1500,78,3.0
367,78,2.5
2513,78,3.0
2995,78,3.0
94,78,1.0
1551,78,4.5
4443,78,0.5
262,78,1.5
69,78,3.0
159,78,4.0
44,78,2.0
4487,79,5.0
1545,79,4.0
676,79,5.0
280,79,5.0
2406,79,4.0
2948,79,4.0
1665,79,5.0
1008,79,5.0
1616,79,3.0
2818,79,4.0
2812,79,5.0
1023,79,5.0
4340,79,4.0
629,79,5.0
3831,79,3.0
208,79,4.0
3890,79,5.0
3595,79,3.0
1610,79,5.0
1051,79,2.0
3032,79,4.0
275,79,2.0
4677,79,3.0
3340,79,4.0
636,80,4.0
426,80,4.5
2406,80,4.5
839,80,5.0
3162,80,5.0
301,80,3.5
4745,80,4.0
4646,80,4.0
2111,80,4.0
3206,80,4.0
2911,80,4.0
663,80,5.0
1998,80,4.0
2330,80,4.0
1115,80,3.5
3261,80,5.0
214,80,4.0
367,80,3.5
402,80,4.0
3577,80,5.0
1054,80,4.5
2630,80,4.0
3712,80,5.0
232,80,4.0
389,80,4.5
1195,80,5.0
160,80,4.0
1035,80,4.0
276,80,4.5
565,80,4.0
498,80,4.5
2256,80,4.5
884,80,4.5
2928,80,3.5
1714,80,4.0
3244,80,4.0
200,80,4.0
2032,80,5.0
829,80,4.5
1212,80,5.0
649,80,4.0
831,80,4.5
725,80,4.5
267,80,4.5
715,80,5.0
578,80,4.0
957,80,4.0
4803,80,3.5
3639,80,5.0
4298,80,4.5
120,80,5.0
186,80,4.0
941,80,4.0
1112,80,4.5
933,80,4.0
919,80,5.0
1761,80,5.0
4443,80,4.5
140,80,4.5
511,80,4.0
278,80,4.5
298,80,4.0
688,80,4.5
742,80,4.5
2564,80,4.0
399,80,4.0
2017,80,3.5
262,80,4.0
282,80,4.0
117,80,4.5
1829,80,4.0
69,80,4.5
1818,80,5.0
164,80,4.0
12,80,4.5
1393,80,4.5
1557,80,4.5
1273,80,4.0
1991,80,4.0
1,80,4.0
440,80,4.5
125,80,3.0
1723,80,4.0
80,80,4.5
1645,80,4.0
4657,80,4.0
97,80,4.5
2806,80,3.0
800,80,4.0
2211,80,5.0
3895,80,3.5
2733,80,4.0
4201,80,4.0
1197,80,4.0
1134,80,4.0
1509,80,4.5
1613,80,5.0
102,80,4.0
721,80,4.0
1402,80,4.0
3563,80,3.5
427,80,4.5
154,80,4.5
598,80,4.5
2822,80,4.5
221,80,5.0
30,80,4.5
658,80,4.0
3417,80,4.0
885,80,4.5
1621,80,4.5
229,80,4.0
32,80,4.0
46,80,4.0
696,81,1.0
557,81,3.0
636,81,3.0
300,81,3.0
824,81,3.0
356,81,3.0
76,81,1.0
3236,81,3.0
1305,81,4.0
2819,81,1.0
810,81,2.0
1545,81,3.0
283,81,2.0
676,81,4.0
1698,81,2.0
280,81,5.0
1361,81,3.0
1362,81,3.0
4273,81,3.0
4274,81,3.0
1544,82,2.5
696,82,3.5
1573,82,2.0
2993,82,3.5
557,82,4.5
1994,82,4.5
300,82,3.0
821,82,1.0
3353,82,4.0
356,82,4.0
1283,82,3.0
1380,82,3.5
2950,82,2.5
2819,82,3.5
810,82,4.5
3702,82,3.5
283,82,4.0
953,82,3.5
676,82,4.0
1698,82,2.5
280,82,4.5
2281,82,3.5
1361,82,3.5
1362,82,3.5
4273,82,3.5
4274,82,3.5
426,82,4.0
571,82,3.0
1705,82,4.0
4307,82,3.5
2517,82,3.0
2406,82,3.5
839,82,3.5
3162,82,3.5
2288,82,4.0
1008,82,4.5
574,82,4.0
1753,82,3.5
429,82,2.5
2812,82,2.0
1039,82,3.5
2327,82,3.5
447,82,3.5
260,82,1.5
211,82,2.0
443,82,4.0
388,82,3.5
802,82,2.0
741,82,3.5
26,82,2.5
1765,82,1.0
433,82,2.5
2021,82,4.0
954,82,3.0
1154,82,4.0
1167,82,4.0
629,82,3.5
1700,82,4.5
3700,82,3.5
486,82,1.0
920,82,3.5
2629,82,3.5
234,82,3.5
1360,82,4.0
71,82,4.0
830,82,3.0
4077,82,3.0
3008,82,2.5
2095,82,3.5
1840,82,3.5
275,82,4.5
2460,82,3.5
214,82,2.5
834,82,4.0
1534,82,3.5
874,82,3.5
512,82,3.5
812,82,4.0
351,82,3.0
2738,82,4.5
631,82,4.0
385,82,2.5
1045,82,3.5
2092,82,4.0
2513,82,3.5
1572,82,4.0
1702,82,3.0
1834,82,2.5
2592,82,2.0
900,82,4.0
111,82,4.0
469,82,3.5
333,82,4.5
702,82,2.5
1056,82,4.0
346,82,4.0
1543,82,3.5
1719,82,4.0
232,82,1.5
2837,82,4.0
409,82,3.0
602,82,2.0
2830,82,2.5
632,82,4.0
1398,82,3.0
3597,82,2.0
160,82,1.5
595,82,4.0
415,82,2.5
276,82,3.0
908,82,4.0
674,82,3.5
569,82,3.5
3897,82,3.0
597,82,4.0
148,82,4.0
3003,82,3.0
761,82,4.0
1541,82,3.5
2293,82,3.0
911,82,3.5
934,82,4.5
2615,82,3.5
1868,82,3.0
700,82,3.5
424,82,3.5
329,82,3.5
541,82,3.5
220,82,3.0
166,82,3.0
770,82,4.0
94,82,4.5
200,82,4.5
187,82,4.5
1079,82,2.5
370,82,4.5
1157,82,1.5
1781,82,3.0
575,82,4.0
2690,82,4.0
2421,82,3.5
2379,82,3.0
2102,82,3.5
757,82,4.0
786,82,3.5
1386,82,4.0
1044,82,3.5
482,82,1.5
2190,82,2.5
2340,82,3.5
439,82,4.0
649,82,3.5
727,82,4.0
557,83,4.0
824,83,3.5
810,83,4.5
676,83,3.0
1728,83,4.5
2514,83,1.5
4179,83,3.5
2970,83,5.0
1705,83,2.5
3449,83,1.5
2608,83,2.5
2553,83,3.0
2331,83,5.0
2456,83,5.0
2288,83,3.5
4056,83,4.5
1008,83,1.0
1354,83,3.5
301,83,3.5
629,83,5.0
1700,83,2.0
2173,83,1.5
2519,83,3.5
537,83,3.5
466,83,5.0
4244,83,3.0
275,83,5.0
834,83,0.5
3580,83,4.0
385,83,3.0
3577,83,4.5
900,83,3.0
111,83,4.0
364,83,3.5
389,83,3.0
576,83,4.0
321,83,4.0
160,83,2.5
2256,83,3.5
3244,83,3.5
200,83,3.5
829,83,0.5
2746,83,3.5
3444,83,5.0
1710,83,2.0
831,83,0.5
146,83,3.0
3450,83,2.0
3601,83,3.0
113,83,3.5
2400,83,3.5
558,83,3.0
1727,83,4.5
933,83,4.0
511,83,5.0
673,83,3.0
688,83,1.5
3332,83,4.5
3338,83,3.5
54,83,2.0
361,83,4.0
67,83,4.5
9,83,3.5
1557,83,3.5
1991,83,2.0
1,83,4.5
93,83,2.5
1723,83,3.5
97,83,5.0
696,84,3.0
1093,84,4.0
2452,84,5.0
1540,84,4.0
3749,84,5.0
1573,84,4.0
2930,84,5.0
2169,84,4.0
2186,84,3.0
1530,84,4.0
646,84,2.0
1252,84,3.0
1125,84,3.0
636,84,5.0
824,84,3.0
356,84,3.0
3447,84,2.0
4780,84,5.0
1893,84,4.0
827,84,3.0
2371,84,3.0
4487,84,4.0
3635,84,4.0
2535,84,4.0
1567,84,4.0
3236,84,4.0
769,84,5.0
2204,84,5.0
678,84,4.0
810,84,5.0
3702,84,4.0
1545,84,4.0
283,84,3.0
953,84,3.0
2545,84,4.0
676,84,3.0
1814,84,4.0
2486,84,4.0
1821,84,5.0
2765,84,3.0
2035,84,4.0
2514,84,3.0
2020,84,3.0
2281,84,4.0
1361,84,3.0
1362,84,3.0
4273,84,3.0
4274,84,3.0
2671,84,3.0
1303,84,1.0
1038,84,4.0
1930,84,3.0
1087,84,3.0
384,84,3.0
966,84,1.0
3603,84,5.0
1498,84,4.0
3514,84,5.0
1067,84,3.0
4012,84,4.0
3990,84,3.0
4336,84,4.0
2407,84,4.0
3819,84,4.0
4227,84,3.0
3892,84,3.0
4222,84,4.0
3904,84,3.0
3452,84,4.0
1705,84,3.0
4016,84,3.0
2220,84,4.0
3934,84,4.0
4079,84,3.0
3449,84,4.0
2971,84,3.0
2517,84,4.0
2526,84,3.0
4586,84,4.0
4297,84,4.0
3725,84,4.0
2406,84,4.0
4609,84,4.0
4082,84,4.0
1528,84,5.0
1850,84,3.0
839,84,3.0
3162,84,3.0
2173,84,4.0
2331,84,4.0
1666,84,3.0
2347,84,4.0
3745,84,4.0
1665,84,5.0
2456,84,4.0
3243,84,4.0
2662,84,3.0
2667,84,4.0
2288,84,3.0
2832,84,5.0
3556,84,3.0
1008,84,3.0
2027,84,4.0
3451,84,4.0
2458,84,5.0
1372,84,4.0
1616,84,3.0
2797,84,3.0
1370,84,3.0
2818,84,3.0
3448,84,4.0
2812,84,4.0
2097,84,3.0
903,84,4.0
1821,85,5.0
4082,85,5.0
3533,85,5.0
3680,85,1.0
474,85,1.0
3776,85,4.0
1460,85,3.0
366,85,3.0
3996,85,5.0
1213,85,4.0
2979,85,3.0
1421,85,2.0
1741,85,4.0
2540,85,4.0
1544,86,4.0
356,86,4.0
810,86,4.0
676,86,3.0
1698,86,4.0
2281,86,4.0
426,86,4.5
2971,86,4.0
2662,86,4.0
3470,86,4.5
26,86,3.5
828,86,4.0
1815,86,4.0
629,86,3.5
234,86,3.5
1298,86,3.5
1227,86,4.0
2519,86,4.0
663,86,3.5
1998,86,4.0
681,86,3.5
275,86,4.0
512,86,4.0
3577,86,4.5
900,86,4.0
111,86,3.0
232,86,4.0
373,86,4.0
389,86,4.5
1012,86,3.5
276,86,4.0
424,86,4.0
329,86,4.5
200,86,4.0
172,86,3.5
584,86,4.0
2155,86,4.5
249,86,5.0
120,86,4.0
688,86,1.5
69,86,4.0
58,86,3.0
723,86,4.5
348,86,4.5
97,86,4.0
1939,87,3.5
4079,87,4.0
4586,87,5.0
1616,87,3.5
366,87,4.0
3818,87,4.5
481,87,2.0
2802,87,4.0
2995,87,3.5
893,88,4.5
3833,88,3.5
4780,88,4.5
1821,88,4.0
1886,88,4.0
3725,88,5.0
3680,88,4.0
456,88,2.5
2313,88,5.0
1399,88,3.5
766,88,4.0
3577,88,4.0
1853,88,4.5
3712,88,4.5
389,88,4.5
884,88,4.0
3244,88,4.5
1559,88,4.5
829,88,4.5
584,88,3.5
831,88,4.5
3639,88,5.0
933,88,4.5
3242,88,4.0
511,88,4.5
1832,88,4.5
1858,88,4.5
572,88,4.5
313,88,4.0
97,88,4.5
459,88,0.5
1544,89,3.0
2993,89,4.0
810,89,0.5
3702,89,2.5
1698,89,1.0
4179,89,4.5
4012,89,1.5
4611,89,3.0
3990,89,1.5
4502,89,4.0
4222,89,3.5
4586,89,2.5
3745,89,1.5
2662,89,1.0
2288,89,1.0
3993,89,0.5
2458,89,2.5
1039,89,2.5
2327,89,2.5
2021,89,3.5
705,89,3.5
3027,89,2.0
639,89,2.0
1561,89,2.0
3220,89,3.0
1360,89,2.5
2813,89,4.0
3831,89,2.5
2756,89,3.0
344,89,3.0
269,89,4.0
1055,89,2.5
4244,89,1.0
2151,89,3.5
834,89,3.5
1123,89,4.0
896,89,1.5
2983,89,2.0
812,89,4.0
351,89,0.5
394,89,4.5
1835,89,1.5
2738,89,2.0
1834,89,1.5
900,89,3.0
1056,89,2.5
2319,89,2.5
3536,89,2.5
346,89,4.0
1016,89,3.0
232,89,4.5
1182,89,2.5
1405,89,2.0
1499,89,5.0
2538,89,4.5
4299,89,3.0
632,89,4.0
3460,89,2.5
3597,89,2.0
415,89,5.0
908,89,2.0
222,89,5.0
674,89,2.0
1692,89,4.0
934,89,4.0
1969,89,3.0
3524,89,2.5
1079,89,4.0
2102,89,1.5
1497,89,2.0
1063,89,3.5
516,89,2.0
727,89,1.5
2333,89,2.5
566,89,4.5
1551,89,2.5
1580,89,2.5
928,89,2.5
118,89,2.0
816,89,1.5
442,89,5.0
168,89,3.0
249,89,2.5
936,89,4.5
1378,89,4.5
4326,89,2.5
693,89,4.0
1068,89,4.5
3624,89,2.0
567,89,1.0
3242,89,4.0
534,89,2.5
3014,89,2.0
143,89,4.0
386,89,5.0
119,89,5.0
692,89,2.0
1747,89,2.0
319,89,3.5
2395,89,2.0
3338,89,2.0
3349,89,2.5
1575,89,3.0
1577,89,3.5
182,89,3.5
3030,89,4.0
1786,89,3.5
1332,89,2.5
3007,89,3.5
441,89,2.5
690,89,4.0
1181,89,2.5
122,89,4.0
858,89,4.0
349,89,4.0
3343,89,2.5
132,89,3.5
348,89,4.0
1991,89,3.5
755,89,4.0
398,89,1.5
579,89,5.0
2302,89,2.0
2161,89,3.0
820,89,3.5
3367,89,5.0
3267,89,2.0
712,89,4.0
642,89,3.0
252,89,2.0
179,89,5.0
687,89,4.0
375,89,2.5
1502,89,1.5
1582,89,2.5
1367,89,2.5
1724,89,2.5
3249,89,3.0
395,89,4.5
174,89,5.0
1074,89,4.0
654,89,2.0
1121,89,3.0
4338,89,4.0
2464,89,3.0
56,89,1.5
4028,89,2.5
391,89,5.0
1128,89,2.5
1391,89,3.0
1371,89,2.0
1342,89,2.5
2037,89,3.0
1833,89,3.5
745,89,5.0
1073,89,3.5
912,89,3.0
4255,89,4.0
2409,89,2.5
3667,89,4.5
1199,89,4.0
4259,89,4.0
1140,89,2.5
196,89,4.5
653,89,5.0
3087,89,4.0
185,89,2.0
1168,89,2.5
4296,89,4.5
3073,89,4.5
547,89,4.5
917,89,1.5
153,89,4.0
4227,89,5.0
2917,89,2.0
3118,89,3.5
1544,90,3.0
1093,90,5.0
2452,90,5.0
3749,90,5.0
2930,90,4.0
2643,90,3.0
4461,90,4.0
2341,90,3.0
3950,90,5.0
2220,90,5.0
4678,90,4.0
3934,90,4.0
1036,90,4.0
3533,90,5.0
3680,90,5.0
2376,90,5.0
840,90,4.0
3283,90,2.0
1544,91,4.0
696,91,3.5
893,91,4.5
1553,91,2.0
1540,91,4.0
2141,91,3.5
3749,91,2.0
2930,91,3.0
2721,91,1.5
3156,91,4.0
1032,91,2.0
646,91,3.0
2993,91,1.5
557,91,4.0
4344,91,4.0
636,91,3.5
1729,91,3.0
300,91,2.0
821,91,2.0
921,91,2.0
824,91,3.5
3353,91,5.0
356,91,3.0
1380,91,3.0
76,91,2.5
4780,91,3.0
827,91,3.0
2371,91,4.5
1567,91,3.0
930,91,3.5
3236,91,4.5
1305,91,2.0
2950,91,1.5
2819,91,3.0
678,91,3.0
810,91,3.0
3702,91,1.5
1545,91,3.0
283,91,3.5
595,91,3.5
953,91,1.5
645,91,2.0
676,91,4.5
4236,91,3.5
404,91,4.0
835,91,3.0
1814,91,2.5
1728,91,5.0
1839,91,3.5
2793,91,3.5
2514,91,2.0
2020,91,2.5
1698,91,3.5
280,91,4.0
2281,91,3.5
1361,91,5.0
1362,91,5.0
4273,91,5.0
4274,91,5.0
4265,91,3.0
2671,91,2.5
3154,91,4.5
426,91,4.0
804,91,2.5
384,91,2.5
4179,91,5.0
3893,91,4.0
287,91,2.5
1498,91,3.5
571,91,3.0
3706,91,4.0
4336,91,4.0
3819,91,2.5
2970,91,3.5
3452,91,3.0
1705,91,4.0
3934,91,3.0
4307,91,4.0
2971,91,3.0
2517,91,3.0
3464,91,5.0
4586,91,5.0
3725,91,4.0
2608,91,4.0
2406,91,5.0
4082,91,3.0
1528,91,2.5
1850,91,4.0
839,91,5.0
3162,91,5.0
2948,91,5.0
2173,91,5.0
2331,91,3.0
1665,91,4.0
2456,91,2.0
3243,91,3.0
2662,91,4.0
2667,91,4.0
2288,91,3.5
3300,91,5.0
3993,91,4.5
1008,91,4.0
3451,91,4.0
2458,91,2.5
1036,91,3.5
3680,91,3.0
574,91,3.0
1586,91,3.0
2818,91,4.5
2320,91,3.0
1962,91,3.5
429,91,3.0
3448,91,2.0
2812,91,5.0
474,91,4.0
903,91,3.0
2824,91,3.5
2285,91,4.0
1039,91,2.5
2568,91,3.0
2327,91,3.5
447,91,3.0
443,91,3.0
366,91,3.0
388,91,3.0
1377,91,2.5
2408,91,3.5
802,91,3.0
1354,91,4.5
301,91,4.0
2979,91,3.0
2540,91,3.0
1765,91,4.5
1881,91,0.5
1095,91,2.5
2148,91,3.0
3638,91,4.0
433,91,3.0
150,91,2.5
4745,91,5.0
2021,91,3.0
4340,91,5.0
1815,91,3.5
3596,91,2.0
1399,91,4.0
1364,91,2.0
1154,91,2.5
1167,91,2.0
629,91,4.5
3241,91,3.0
1700,91,3.5
432,91,3.0
3883,91,4.5
2533,91,4.0
2179,91,0.5
2111,91,4.0
2923,91,1.0
397,91,3.0
3027,91,1.0
1783,91,2.0
1108,91,2.5
906,91,2.0
1646,91,2.5
3049,91,4.5
279,91,4.0
1492,91,3.0
3220,91,2.5
234,91,4.0
871,91,3.5
1360,91,3.5
1537,91,2.5
2813,91,2.0
651,91,4.0
1760,91,3.0
619,91,3.5
3831,91,4.5
2317,91,3.0
1651,91,4.0
1014,91,2.5
208,91,4.5
3890,91,4.5
4346,91,3.0
663,91,4.5
225,91,4.5
1133,91,2.0
3166,91,3.0
2756,91,3.5
3835,91,4.0
297,91,3.5
344,91,4.0
1055,91,3.5
3177,91,4.0
1998,91,5.0
374,91,3.0
910,91,2.5
3889,91,3.5
2090,91,4.0
2151,91,2.5
3261,91,4.0
275,91,3.5
214,91,2.0
3255,91,3.5
4003,91,4.5
1415,91,3.5
2999,91,3.5
2589,91,4.0
1921,91,5.0
540,91,3.0
512,91,4.0
367,91,3.5
3926,91,5.0
2983,91,2.0
1974,91,3.0
766,91,1.5
4348,91,4.5
812,91,2.0
3707,91,3.0
351,91,2.0
3340,91,3.5
546,91,2.0
2451,91,3.5
1793,91,4.0
1007,91,4.0
2092,91,2.5
3577,91,4.5
1885,91,2.0
1853,91,3.5
900,91,5.0
309,91,3.5
702,91,4.0
2995,91,3.0
3536,91,1.5
4799,91,4.5
2283,91,3.0
3623,91,5.0
1099,91,1.0
3712,91,4.0
232,91,4.0
389,91,3.5
576,91,3.5
2945,91,3.5
2515,91,1.5
160,91,5.0
231,91,4.0
276,91,3.5
445,91,2.5
379,91,4.0
3897,91,3.0
1898,91,3.0
2256,91,4.5
884,91,2.5
3524,91,1.5
220,91,1.0
200,91,5.0
4093,91,3.5
1410,91,4.0
3034,91,5.0
4219,91,3.5
2390,91,4.5
4375,91,4.0
2102,91,2.5
829,91,4.0
665,91,3.0
1710,91,5.0
1710,91,5.0
831,91,4.0
3147,91,4.0
4434,91,4.0
3246,91,3.5
192,91,4.5
31,91,5.0
715,91,2.5
3601,91,5.0
2048,91,2.0
1939,92,3.5
593,92,4.0
2742,92,5.0
688,92,4.5
1082,92,4.0
1607,92,4.0
3343,92,4.0
1544,93,3.0
696,93,4.0
341,93,4.0
1573,93,5.0
1319,93,4.0
557,93,5.0
636,93,5.0
300,93,4.0
821,93,4.0
536,93,4.0
1305,93,5.0
678,93,4.0
810,93,5.0
3702,93,4.0
283,93,5.0
645,93,5.0
676,93,5.0
1821,93,5.0
1698,93,4.0
2281,93,5.0
426,93,4.0
804,93,4.0
384,93,4.0
851,93,4.0
978,93,4.0
2971,93,5.0
2662,93,5.0
1036,93,5.0
728,93,4.0
1753,93,5.0
429,93,4.0
1061,93,4.0
447,93,4.0
211,93,4.0
1194,93,4.0
301,93,4.0
2979,93,5.0
26,93,5.0
550,93,4.0
905,93,5.0
458,93,3.0
150,93,5.0
2021,93,5.0
1167,93,3.0
1081,93,4.0
629,93,5.0
1058,93,4.0
2533,93,4.0
2923,93,4.0
1783,93,4.0
639,93,4.0
906,93,5.0
781,93,3.0
234,93,5.0
519,93,3.0
2317,93,4.0
1214,93,4.0
208,93,5.0
2829,93,4.0
696,94,3.0
2452,94,1.0
1553,94,2.0
1540,94,3.0
1573,94,4.0
2721,94,1.0
2103,94,1.0
646,94,3.0
557,94,5.0
636,94,4.0
300,94,3.0
921,94,3.0
824,94,4.0
356,94,4.0
76,94,2.0
827,94,3.0
1567,94,3.0
930,94,3.0
3236,94,4.0
1305,94,4.0
2950,94,3.0
2819,94,3.0
810,94,3.0
3702,94,1.0
1545,94,3.0
283,94,3.0
953,94,3.0
645,94,3.0
676,94,4.0
1814,94,3.0
2514,94,3.0
2020,94,3.0
1698,94,4.0
280,94,4.0
2281,94,4.0
1361,94,3.0
1362,94,3.0
4273,94,3.0
4274,94,3.0
2671,94,2.0
3772,95,3.5
3749,95,5.0
1573,95,4.0
2721,95,4.0
1125,95,3.5
676,95,3.5
1728,95,5.0
280,95,4.0
2970,95,5.0
1705,95,5.0
4016,95,4.0
4307,95,5.0
2406,95,4.5
1528,95,5.0
839,95,4.0
3162,95,4.0
2347,95,5.0
2288,95,5.0
3300,95,5.0
1008,95,3.5
2458,95,5.0
2818,95,4.5
366,95,4.0
1377,95,4.0
1354,95,5.0
4536,95,4.0
1765,95,4.0
1023,95,4.5
4745,95,4.5
2641,95,3.5
1081,95,4.5
629,95,5.0
1700,95,4.5
1058,95,3.0
3279,95,3.0
1783,95,4.0
3354,95,4.0
2087,95,2.5
814,95,4.5
2813,95,4.0
2829,95,4.5
225,95,4.0
1133,95,2.0
2018,95,4.0
3177,95,3.0
3542,95,4.5
2330,95,4.5
4677,95,5.0
512,95,4.0
1019,95,2.0
546,95,3.0
2738,95,2.0
1853,95,5.0
364,95,3.5
3732,95,4.0
2769,95,1.0
3712,95,4.0
373,95,4.0
576,95,4.0
3747,95,4.5
2641,95,5.0
2417,95,4.0
3460,95,2.0
160,95,4.0
1759,95,4.0
231,95,4.0
276,95,4.0
445,95,4.0
569,95,3.0
1143,95,4.0
2722,95,4.0
277,95,3.0
2310,95,5.0
317,95,4.0
3524,95,4.5
4641,95,4.0
3244,95,4.5
166,95,3.5
3744,95,4.5
3424,95,4.5
2102,95,4.0
757,95,4.5
1497,95,4.0
1063,95,4.0
172,95,4.0
2820,95,4.0
2155,95,5.0
729,95,1.0
31,95,4.5
267,95,4.0
1544,96,5.0
1573,96,5.0
557,96,5.0
636,96,5.0
1253,96,1.0
3236,96,5.0
769,96,3.0
1545,96,5.0
283,96,3.0
645,96,4.0
676,96,5.0
1821,96,5.0
280,96,5.0
426,96,3.0
1705,96,3.0
4307,96,5.0
2971,96,4.0
2406,96,5.0
839,96,5.0
3162,96,5.0
1008,96,4.0
3451,96,4.0
2812,96,4.0
380,96,2.0
1377,96,5.0
26,96,2.0
873,96,5.0
1081,96,4.0
629,96,4.0
1700,96,5.0
2533,96,4.0
705,96,5.0
408,96,3.0
397,96,5.0
1783,96,4.0
234,96,2.0
2519,96,5.0
3890,96,3.0
4077,96,3.0
2018,96,1.0
1055,96,5.0
1051,96,4.0
681,96,3.0
275,96,4.0
3255,96,2.0
1545,97,4.0
3725,97,4.0
1815,97,2.0
629,97,5.0
2730,97,3.0
681,97,4.0
275,97,4.0
214,97,5.0
512,97,5.0
488,97,4.0
524,97,3.0
2909,97,5.0
385,97,5.0
1045,97,3.0
900,97,5.0
333,97,4.0
702,97,4.0
335,97,4.0
279,97,4.0
346,97,3.0
389,97,5.0
2117,97,4.0
231,97,4.0
237,97,3.0
1544,98,4.5
810,98,5.0
1705,98,5.0
3725,98,4.5
4082,98,4.0
839,98,4.5
3162,98,4.5
2173,98,5.0
2288,98,3.0
2979,98,4.0
344,98,4.5
3577,98,4.0
900,98,5.0
3597,98,3.5
431,98,4.5
2102,98,4.0
2333,98,3.5
3242,98,5.0
119,98,5.0
517,98,4.0
74,98,4.0
392,98,4.0
3349,98,2.0
54,98,1.5
438,98,5.0
131,98,3.0
1339,98,2.0
68,98,2.0
349,98,1.5
348,98,3.5
294,98,0.5
60,98,3.0
440,98,5.0
33,98,2.0
97,98,4.0
197,98,5.0
7,98,4.5
40,98,1.5
926,98,5.0
2074,98,5.0
217,98,4.0
240,98,4.5
96,98,5.0
95,98,3.0
2525,98,5.0
2550,98,4.0
789,98,3.5
271,98,4.5
78,98,2.0
3560,98,4.5
696,99,4.0
2141,99,4.0
970,99,4.0
1125,99,4.0
1994,99,4.0
636,99,5.0
300,99,5.0
921,99,2.0
824,99,3.0
3353,99,5.0
356,99,5.0
536,99,5.0
1380,99,2.0
737,99,1.0
827,99,5.0
1255,99,3.0
1567,99,4.0
930,99,5.0
3236,99,5.0
2950,99,5.0
2819,99,5.0
678,99,5.0
283,99,5.0
953,99,2.0
645,99,3.0
2793,99,4.0
1698,99,5.0
1361,99,4.0
1362,99,4.0
4273,99,4.0
4274,99,4.0
893,100,4.5
2452,100,4.5
1553,100,1.0
1530,100,4.0
646,100,4.5
2993,100,3.5
536,100,4.5
4780,100,3.5
2371,100,1.0
2535,100,4.5
1567,100,4.0
3236,100,3.5
810,100,4.0
3702,100,4.0
1545,100,4.0
283,100,3.5
3410,100,4.0
3254,100,4.0
2486,100,4.0
1839,100,4.5
2793,100,4.0
2020,100,4.0
2281,100,4.0
1361,100,4.0
1362,100,4.0
4273,100,4.0
4274,100,4.0
4265,100,3.0
2671,100,4.5
426,100,4.0
3514,100,4.5
4012,100,4.5
2407,100,4.0
3819,100,4.0
3452,100,4.5
2517,100,5.0
4609,100,4.0
1850,100,3.5
2331,100,3.5
2456,100,4.5
2662,100,3.5
2288,100,4.0
3993,100,4.5
2458,100,4.5
3448,100,4.0
903,100,4.5
2285,100,4.0
2568,100,4.5
2327,100,4.0
4638,100,3.5
2821,100,3.0
3470,100,4.5
905,100,3.5
1023,100,4.5
2021,100,3.5
1815,100,3.5
629,100,4.0
3241,100,3.5
1787,100,4.5
2741,100,4.0
2111,100,4.0
3061,100,4.0
1783,100,4.5
1417,100,4.0
3049,100,4.5
2911,100,2.0
1561,100,4.0
1122,100,4.5
1360,100,3.5
2813,100,3.5
1972,100,4.0
1688,100,4.0
3463,100,3.5
1835,100,3.0
1834,100,4.5
876,100,4.5
2995,100,3.0
2926,100,3.5
279,100,4.0
2335,100,3.0
3597,100,3.5
1301,100,5.0
1143,100,4.0
884,100,4.5
329,100,4.0
757,100,4.0
439,100,3.5
31,100,4.5
4780,101,4.0
4228,101,4.0
1886,101,3.0
3943,101,5.0
3192,101,3.0
3484,101,3.0
3027,101,5.0
1783,101,4.0
920,101,2.0
4747,101,1.0
3049,101,3.0
2931,101,3.0
2883,101,4.0
3429,101,4.0
1492,101,2.0
3220,101,5.0
2087,101,4.0
1360,101,3.0
1542,101,3.0
2041,101,4.0
2813,101,4.0
2066,101,4.0
651,101,5.0
719,101,3.0
619,101,2.0
830,101,2.0
2845,101,3.0
2519,101,4.0
4085,101,4.0
663,101,5.0
2756,101,5.0
466,101,4.0
1335,101,4.0
892,101,5.0
1055,101,4.0
1915,101,3.0
3177,101,4.0
275,101,4.0
214,101,1.0
1123,101,4.0
896,101,2.0
512,101,4.0
1540,102,3.0
970,102,3.0
2721,102,3.0
636,102,3.0
300,102,3.0
821,102,3.0
921,102,3.0
824,102,3.0
3353,102,3.0
356,102,3.0
737,102,2.0
4780,102,5.0
1567,102,3.0
3236,102,5.0
1305,102,2.0
2819,102,4.0
678,102,4.0
810,102,5.0
1545,102,3.0
283,102,3.0
953,102,3.0
645,102,3.0
676,102,3.0
1814,102,4.0
1839,102,4.0
2514,102,4.0
1698,102,4.0
280,102,4.0
2281,102,4.0
1361,102,3.0
1362,102,3.0
4273,102,3.0
4274,102,3.0
1498,102,3.0
1544,103,4.0
893,103,5.0
3772,103,5.0
1553,103,3.5
1573,103,4.0
2930,103,4.0
813,103,3.5
2184,103,3.5
3647,103,4.0
2993,103,4.0
557,103,4.5
4344,103,4.5
636,103,4.0
821,103,3.5
3236,103,5.0
2950,103,4.0
2819,103,3.5
810,103,4.0
676,103,4.0
1821,103,3.5
2793,103,5.0
2514,103,4.0
2281,103,4.0
1110,103,4.5
4179,103,3.5
1886,103,3.5
4336,103,5.0
3819,103,4.5
2970,103,4.0
3892,103,4.0
3452,103,4.0
33,103,4.5
3934,103,4.0
4307,103,4.5
3725,103,4.5
1528,103,4.0
1850,103,5.0
2347,103,5.0
3745,103,4.0
3993,103,5.0
4056,103,3.5
1008,103,4.0
2027,103,4.5
3680,103,4.0
2812,103,4.0
1397,103,4.5
305,103,4.5
817,103,4.5
875,103,4.0
1213,103,4.0
451,103,3.5
2979,103,4.5
2825,103,4.5
2313,103,4.5
4745,103,4.5
4439,103,4.0
4340,103,5.0
1815,103,5.0
1399,103,4.0
4448,103,3.5
629,103,4.0
2533,103,4.0
2842,103,5.0
2111,103,4.5
705,103,4.0
3061,103,5.0
486,103,4.0
1783,103,5.0
279,103,3.5
234,103,3.5
2813,103,3.5
651,103,4.5
519,103,3.5
3831,103,3.5
2317,103,4.0
2089,103,5.0
663,103,5.0
2756,103,5.0
22,103,4.5
1500,103,4.5
1335,103,5.0
892,103,4.5
2151,103,4.5
3261,103,4.5
3455,103,4.5
4003,103,4.0
1123,103,4.0
3707,103,5.0
2909,103,4.0
1114,103,5.0
1793,103,5.0
3577,103,5.0
1366,103,2.5
1885,103,3.5
1853,103,5.0
900,103,3.5
1056,103,3.0
2042,103,4.0
1719,103,3.5
2630,103,5.0
232,103,3.5
321,103,4.0
2030,103,4.0
632,103,3.5
160,103,3.0
231,103,3.0
1035,103,4.0
431,103,4.0
3897,103,3.0
1898,103,4.5
1143,103,4.0
277,103,2.5
317,103,5.0
424,103,3.5
329,103,3.5
166,103,3.0
200,103,4.5
383,103,4.0
3744,103,5.0
1559,103,4.5
757,103,4.0
829,103,4.5
1497,103,5.0
2326,103,4.0
2155,103,4.5
831,103,5.0
566,103,3.0
192,103,2.0
4582,103,5.0
31,103,3.0
1849,103,4.0
3639,103,4.5
1845,103,4.0
292,103,3.5
118,103,3.5
230,103,2.0
120,103,4.5
1597,103,4.0
115,103,4.0
1687,103,4.5
25,103,4.0
567,103,3.5
13,103,4.0
2136,103,4.5
119,103,4.0
2,103,4.5
114,103,2.5
2181,103,5.0
1832,103,4.5
3338,103,3.5
1858,103,4.5
1373,103,4.0
1333,103,3.5
2826,103,4.0
69,103,1.5
54,103,2.5
182,103,3.0
58,103,4.0
3030,103,2.0
640,103,4.0
1332,103,4.0
121,103,3.5
4518,103,1.0
1816,103,5.0
444,103,3.5
1780,103,2.5
572,103,5.0
67,103,3.5
9,103,1.5
4671,103,4.0
294,103,3.0
1259,103,4.0
1,103,3.0
357,103,4.0
579,103,2.0
33,103,3.0
2528,103,3.5
80,103,0.5
43,103,3.0
615,103,4.0
97,103,4.5
521,103,3.5
2573,103,2.5
2719,103,3.5
2096,103,4.0
1465,103,4.5
252,103,3.0
179,103,4.0
3948,103,2.0
2329,103,3.5
375,103,3.5
2343,103,3.5
1582,103,4.5
138,103,3.0
2162,103,3.0
336,103,3.5
721,103,4.0
929,103,4.0
1923,103,4.5
1102,103,4.0
70,103,4.0
500,103,4.0
586,103,4.0
427,103,3.5
206,103,4.0
922,103,3.5
436,103,1.0
30,103,4.0
288,103,4.5
2108,103,4.0
2955,103,3.5
96,103,4.5
135,103,4.0
694,103,4.5
2228,103,4.0
29,103,4.0
128,103,4.0
88,103,1.0
78,103,3.5
1600,103,3.5
1699,103,4.5
696,104,3.0
2721,104,4.0
557,104,1.0
810,104,4.0
3702,104,5.0
283,104,3.5
1814,104,3.0
1821,104,4.5
2765,104,3.0
2514,104,3.0
1698,104,4.0
1361,104,3.0
1362,104,3.0
4273,104,3.0
4274,104,3.0
4265,104,4.0
2671,104,4.0
3218,104,3.0
2341,104,2.5
3514,104,4.0
2407,104,4.0
327,104,4.0
4586,104,4.5
2456,104,4.0
2662,104,4.0
2288,104,2.0
2493,104,3.0
728,104,3.0
3448,104,4.5
474,104,3.0
2327,104,2.0
305,104,4.0
1033,104,4.5
1354,104,3.0
3470,104,4.0
875,104,3.0
763,104,2.5
3454,104,4.0
705,104,3.0
4379,104,3.5
1783,104,3.0
639,104,4.5
3206,104,3.0
2985,104,3.0
3049,104,3.0
2742,104,5.0
234,104,3.0
1122,104,5.0
1360,104,3.0
71,104,2.0
568,104,4.0
1612,104,4.0
2530,104,3.0
2018,104,4.0
22,104,4.0
2235,104,3.0
1055,104,4.0
2095,104,4.0
910,104,4.0
573,104,3.5
4003,104,3.5
1123,104,4.0
3463,104,3.0
351,104,3.0
631,104,3.5
652,104,3.5
3577,104,4.0
1834,104,4.0
900,104,4.5
876,104,5.0
2319,104,4.0
1034,104,3.0
3536,104,2.5
2366,104,3.0
232,104,4.0
1418,104,2.5
389,104,3.5
2335,104,3.5
632,104,3.5
3597,104,4.0
160,104,3.5
674,104,2.0
3185,104,1.5
278,104,2.0
277,104,4.5
704,104,3.5
1541,104,5.0
1969,104,2.0
3524,104,4.0
329,104,4.0
1836,104,3.5
200,104,3.0
1781,104,4.0
3744,104,3.0
757,104,3.5
1063,104,4.5
2155,104,2.5
1426,104,3.5
566,104,4.0
192,104,4.0
31,104,3.5
608,104,3.5
1438,104,3.5
292,104,4.0
118,104,4.5
3854,104,3.0
510,104,3.0
1597,104,3.5
115,104,4.5
3242,104,4.0
2532,104,4.0
4045,104,4.0
119,104,3.5
6,104,3.0
517,104,4.0
107,104,3.5
2,104,3.0
2159,104,3.0
114,104,4.0
592,104,4.0
1593,104,4.0
3338,104,4.0
1563,104,3.5
887,104,4.5
67,104,4.0
1,104,3.0
357,104,3.5
33,104,3.0
93,104,4.0
1723,104,4.0
412,104,3.0
3267,104,4.0
7,104,4.0
4039,104,2.5
2083,104,4.5
2462,104,4.0
427,104,4.0
411,104,3.0
3345,104,2.5
401,104,3.5
893,105,4.5
557,105,3.5
4344,105,4.5
4023,105,4.0
3236,105,5.0
810,105,3.5
1821,105,3.5
1728,105,4.0
280,105,4.0
4179,105,4.0
3893,105,5.0
4611,105,4.0
4336,105,4.0
2407,105,4.0
2970,105,4.0
4307,105,5.0
3725,105,4.5
2608,105,4.0
4609,105,4.5
4082,105,4.0
1528,105,5.0
1850,105,5.0
839,105,4.0
3162,105,4.0
2173,105,4.5
2331,105,5.0
1666,105,4.0
3745,105,4.0
3243,105,4.0
2662,105,4.0
2667,105,4.0
2832,105,3.5
3300,105,3.5
2027,105,4.0
2285,105,4.0
1397,105,4.5
1377,105,4.5
2979,105,4.0
629,105,5.0
3061,105,4.0
3049,105,3.0
651,105,4.5
2519,105,5.0
663,105,5.0
3008,105,4.0
1996,105,4.0
4244,105,4.5
3261,105,3.5
275,105,4.0
481,105,2.0
2460,105,3.5
214,105,4.0
1123,105,3.5
896,105,3.5
512,105,3.5
414,105,3.0
2802,105,4.0
1548,105,4.0
812,105,3.5
3707,105,4.5
3580,105,4.0
1019,105,3.0
1228,105,4.5
351,105,3.5
1505,105,4.0
2909,105,5.0
2738,105,3.5
631,105,3.5
385,105,5.0
1045,105,3.0
1793,105,0.5
402,105,4.0
3577,105,3.5
1853,105,4.5
900,105,4.0
876,105,3.5
111,105,4.0
475,105,4.0
469,105,3.0
333,105,3.5
702,105,3.0
1056,105,4.0
1543,105,3.5
1016,105,3.5
2042,105,4.0
1054,105,4.0
1717,105,3.5
1065,105,4.0
1017,105,5.0
3712,105,5.0
232,105,3.5
1182,105,3.5
389,105,4.0
2547,105,3.0
321,105,4.0
2030,105,4.5
2417,105,3.0
580,105,4.5
632,105,4.5
1398,105,3.5
716,105,3.0
160,105,3.5
231,105,4.0
276,105,3.5
747,105,3.0
445,105,3.5
674,105,4.0
569,105,3.5
3773,105,4.0
3561,105,3.5
2839,105,4.0
1143,105,3.5
277,105,3.5
148,105,4.0
2256,105,4.0
317,105,4.0
884,105,4.5
2928,105,4.0
1931,105,4.5
424,105,4.0
329,105,3.5
3244,105,4.0
220,105,3.5
94,105,3.5
200,105,4.0
3744,105,3.5
3920,105,3.5
2102,105,3.5
1559,105,4.0
829,105,4.0
1044,105,3.5
1063,105,4.0
584,105,3.0
2455,105,4.0
1124,105,3.5
2746,105,4.0
1899,105,4.0
1205,105,4.0
2155,105,5.0
831,105,4.0
725,105,4.0
146,105,3.5
566,105,4.0
192,105,4.0
4749,105,4.0
31,105,3.5
4094,105,4.0
1849,105,3.0
267,105,3.5
3601,105,3.5
2139,105,1.5
3639,105,3.5
4298,105,4.0
1178,105,4.0
1845,105,4.0
1411,105,4.0
248,105,4.0
3946,105,5.0
1560,105,4.0
2400,105,4.0
118,105,4.0
689,105,3.5
816,105,4.0
1179,105,4.5
268,105,3.5
230,105,4.0
510,105,4.0
381,105,4.5
120,105,4.0
186,105,3.5
243,105,3.0
1137,105,4.0
1597,105,4.0
2628,105,3.0
2720,105,3.5
1727,105,3.5
115,105,3.0
405,105,3.5
933,105,4.0
1761,105,5.0
34,105,4.0
567,105,4.0
13,105,4.0
3242,105,3.0
1201,105,4.0
2318,105,4.5
278,105,4.0
298,105,3.5
2415,105,4.5
119,105,4.0
2474,105,3.5
422,105,4.0
688,105,4.5
881,105,5.0
2564,105,4.0
107,105,4.0
2,105,4.5
399,105,4.0
2017,105,4.0
114,105,4.0
592,105,3.0
1021,105,3.5
2181,105,5.0
282,105,3.5
1832,105,3.5
117,105,4.0
3338,105,3.5
1858,105,4.5
2619,105,3.5
420,105,3.5
1373,105,4.0
69,105,3.5
1818,105,3.5
182,105,3.5
58,105,5.0
513,105,3.0
164,105,3.5
2476,105,4.0
1332,105,3.0
2374,105,4.5
850,105,4.0
2669,105,4.0
12,105,4.0
272,105,4.0
131,105,4.0
1339,105,3.0
1816,105,4.0
866,105,4.0
914,105,3.5
723,105,3.0
572,105,4.0
3628,105,3.5
129,105,4.5
67,105,3.5
185,105,5.0
349,105,4.0
3343,105,5.0
9,105,4.0
1557,105,4.0
1991,105,4.0
1568,105,3.5
1,105,4.0
357,105,5.0
440,105,5.0
33,105,4.0
2483,105,4.0
93,105,5.0
1723,105,3.0
80,105,3.5
43,105,4.0
615,105,4.0
97,105,5.0
412,105,4.0
2351,105,4.0
197,105,3.0
2733,105,4.5
7,105,4.0
1509,105,3.5
3159,105,5.0
1582,105,3.0
2561,105,3.5
929,105,3.5
1923,105,4.0
3249,105,4.0
1402,105,3.5
427,105,4.0
206,105,4.0
2464,105,4.0
3782,105,5.0
1571,105,4.0
1104,105,4.0
302,105,4.0
2074,105,4.0
288,105,4.0
3924,105,4.0
2887,105,4.0
2865,105,5.0
240,105,4.0
1053,105,4.5
1334,105,4.0
2108,105,4.0
3575,105,4.5
184,105,3.5
125,105,3.5
2000,105,5.0
1389,105,4.0
745,105,3.5
96,105,4.0
1155,105,3.5
3286,105,4.0
75,105,3.5
3759,105,4.0
3871,105,4.0
694,105,4.0
95,105,4.0
3238,105,4.5
89,105,3.5
2525,105,4.0
2550,105,4.0
180,105,3.5
20,105,4.0
3051,105,4.0
1140,105,3.5
1010,105,4.0
128,105,4.0
789,105,4.0
78,105,4.0
532,105,4.0
1359,105,4.0
2004,105,2.5
632,106,3.5
160,106,3.5
200,106,5.0
192,106,5.0
115,106,5.0
13,106,5.0
2,106,5.0
69,106,3.5
182,106,5.0
9,106,5.0
1,106,5.0
357,106,5.0
207,106,3.0
1509,106,3.0
130,106,4.0
18,106,4.0
217,106,4.5
95,106,3.5
1544,107,4.0
1530,107,5.0
2993,107,3.0
557,107,5.0
4344,107,4.0
636,107,5.0
300,107,3.0
921,107,4.0
824,107,4.0
356,107,3.0
76,107,3.0
1567,107,4.0
930,107,4.0
3236,107,3.0
1305,107,3.0
2819,107,3.0
678,107,4.0
283,107,4.0
645,107,3.0
2281,107,5.0
3749,108,4.0
1729,108,2.0
676,108,4.0
3254,108,3.0
2486,108,4.0
1728,108,5.0
3603,108,5.0
3514,108,5.0
2795,108,2.0
2971,108,5.0
2553,108,5.0
2288,108,5.0
26,108,4.0
150,108,2.0
1532,108,5.0
3027,108,5.0
517,108,3.0
3890,108,3.0
1972,108,3.0
1123,108,3.0
1793,108,5.0
684,108,2.0
1834,108,5.0
876,108,5.0
2759,108,5.0
1034,108,3.0
1717,108,3.0
3712,108,5.0
1422,108,3.0
576,108,4.0
3537,108,5.0
1018,108,4.0
4302,108,4.0
632,108,4.0
160,108,5.0
231,108,3.0
276,108,5.0
4639,108,5.0
565,108,2.0
1898,108,5.0
2722,108,5.0
1030,108,5.0
1569,108,5.0
884,108,5.0
1093,109,4.0
893,109,4.0
3772,109,3.0
1540,109,3.0
3749,109,5.0
1573,109,3.0
2930,109,5.0
2721,109,3.0
2169,109,3.0
1530,109,5.0
2993,109,2.0
557,109,5.0
1125,109,3.0
636,109,3.0
1729,109,4.0
300,109,3.0
824,109,3.0
3353,109,3.0
356,109,3.0
536,109,3.0
4223,109,5.0
4780,109,3.0
4228,109,3.0
2371,109,3.0
4487,109,3.0
1567,109,3.0
3236,109,5.0
1305,109,2.0
2819,109,2.0
2204,109,3.0
678,109,3.0
810,109,5.0
3702,109,4.0
1545,109,3.0
283,109,3.0
677,109,3.0
2545,109,3.0
676,109,3.0
404,109,2.0
1814,109,3.0
1246,109,3.0
1821,109,3.0
1839,109,5.0
2793,109,4.0
2514,109,3.0
2020,109,3.0
1698,109,3.0
280,109,3.0
2281,109,3.0
1361,109,4.0
1362,109,4.0
4273,109,4.0
4274,109,4.0
2671,109,3.0
3154,109,3.0
2341,109,3.0
3893,109,4.0
1498,109,4.0
1067,109,3.0
2675,109,3.0
902,109,3.0
33,109,3.0
557,110,3.5
4344,110,4.0
3236,110,4.5
1821,110,4.0
1728,110,4.0
3893,110,3.5
3990,110,4.5
4307,110,4.0
3725,110,4.0
1528,110,4.0
629,110,3.5
486,110,3.0
2519,110,4.5
663,110,4.5
4244,110,3.5
3707,110,4.0
2909,110,3.5
3571,110,3.5
1124,110,3.0
3946,110,4.0
3242,110,3.5
2532,110,4.5
893,111,4.5
1573,111,2.5
2721,111,4.0
813,111,3.5
2993,111,3.5
1994,111,4.0
3447,111,2.5
1253,111,3.0
1939,111,2.5
810,111,5.0
676,111,2.5
1814,111,4.0
1698,111,4.5
2671,111,4.0
453,111,2.5
1087,111,4.0
2675,111,4.0
3452,111,4.0
33,111,3.5
1705,111,2.0
4678,111,1.0
4056,111,4.0
2285,111,0.5
1039,111,3.5
2327,111,4.0
211,111,3.0
305,111,3.5
1033,111,3.5
817,111,3.5
2408,111,0.5
301,111,2.0
451,111,4.0
2979,111,4.0
26,111,4.0
2148,111,3.0
2313,111,3.0
3015,111,4.0
353,111,3.5
1787,111,3.5
1058,111,3.5
2533,111,4.5
705,111,2.5
3061,111,3.5
2461,111,4.0
2985,111,4.0
1561,111,3.0
2931,111,4.0
2742,111,4.0
1360,111,3.0
1542,111,3.0
71,111,4.0
3050,111,4.0
2519,111,4.0
208,111,3.0
663,111,5.0
3008,111,5.0
892,111,4.0
1055,111,3.5
3145,111,4.0
1977,111,4.0
3703,111,2.0
2095,111,5.0
1166,111,0.5
910,111,3.5
573,111,3.5
3261,111,3.5
2460,111,3.0
1483,111,2.0
896,111,3.0
414,111,1.5
1062,111,3.0
2983,111,4.0
766,111,4.0
812,111,1.0
3707,111,3.0
351,111,3.5
472,111,1.5
1505,111,3.5
2909,111,3.0
2738,111,3.5
631,111,3.5
1045,111,3.5
2735,111,2.5
3577,111,3.5
1311,111,2.5
1584,111,3.0
1834,111,4.0
2472,111,3.0
2592,111,2.0
1853,111,2.0
900,111,3.0
876,111,2.5
333,111,3.5
1056,111,0.5
2319,111,3.5
1543,111,2.0
2042,111,3.0
1719,111,3.0
1065,111,3.0
3712,111,4.0
232,111,3.0
1182,111,3.0
2941,111,4.0
389,111,4.5
2547,111,1.0
2837,111,5.0
4299,111,4.5
632,111,3.5
3460,111,4.5
276,111,2.0
908,111,3.0
674,111,3.5
1605,111,3.5
2833,111,3.0
3013,111,3.5
1301,111,3.0
498,111,0.5
3561,111,5.0
1143,111,4.0
277,111,4.0
3003,111,4.0
823,111,3.0
884,111,4.0
1541,111,2.5
1691,111,4.0
2293,111,2.5
911,111,4.0
1969,111,4.5
2106,111,3.5
424,111,3.0
329,111,4.0
1624,111,1.5
220,111,3.5
200,111,3.0
187,111,3.5
370,111,3.5
2032,111,3.0
2102,111,3.0
829,111,3.5
1044,111,0.5
1497,111,4.0
1212,111,0.5
2326,111,0.5
3571,111,2.5
2746,111,0.5
4096,111,3.5
516,111,4.5
1899,111,3.0
727,111,3.0
1205,111,0.5
2155,111,3.5
729,111,3.5
831,111,3.0
2333,111,4.0
566,111,2.0
192,111,4.0
4582,111,3.0
1551,111,4.5
2104,111,3.5
1849,111,4.0
1580,111,3.0
2139,111,3.5
3639,111,3.0
4298,111,0.5
958,111,3.0
292,111,3.5
248,111,4.0
118,111,1.5
689,111,0.5
816,111,3.5
1375,111,2.5
1229,111,3.0
510,111,3.5
249,111,3.5
120,111,2.0
2036,111,2.0
4326,111,5.0
1597,111,2.5
3559,111,0.5
115,111,4.0
1687,111,4.0
3624,111,3.0
924,111,4.0
1165,111,0.5
1501,111,3.0
417,111,3.0
13,111,3.0
534,111,0.5
555,111,5.0
244,111,3.5
2411,111,4.5
4045,111,1.5
2922,111,5.0
2318,111,2.5
3014,111,4.0
119,111,3.0
692,111,3.0
688,111,4.0
742,111,3.0
686,111,3.5
881,111,3.0
1747,111,3.5
107,111,2.0
2,111,3.5
399,111,3.5
319,111,3.5
2017,111,0.5
74,111,2.0
114,111,4.0
1082,111,4.0
2395,111,4.5
1870,111,4.5
2064,111,4.0
1877,111,3.0
117,111,2.5
1444,111,2.5
1563,111,2.5
552,111,3.5
848,111,3.5
1575,111,5.0
2826,111,3.0
1577,111,4.0
69,111,2.0
1209,111,3.5
182,111,2.5
58,111,3.5
513,111,4.0
438,111,3.0
640,111,5.0
1786,111,5.0
354,111,3.5
1332,111,2.5
3007,111,3.0
1973,111,3.5
2174,111,4.5
1706,111,4.0
2301,111,4.5
1339,111,1.5
441,111,3.5
444,111,4.0
690,111,2.5
1579,111,3.5
1164,111,2.5
1181,111,3.5
572,111,4.5
129,111,4.0
67,111,4.0
749,111,4.0
9,111,4.0
3485,111,3.5
1620,111,1.5
2480,111,0.5
1991,111,3.5
706,111,4.5
880,111,3.0
1,111,2.0
357,111,3.5
1794,111,2.0
2789,111,2.5
440,111,3.5
1336,111,5.0
2161,111,3.5
1346,111,4.5
1723,111,3.5
820,111,3.0
324,111,1.5
1191,111,5.0
615,111,3.5
97,111,4.5
521,111,5.0
624,111,3.0
412,111,3.5
2096,111,5.0
712,111,4.0
642,111,3.5
197,111,2.0
2733,111,3.5
7,111,1.5
285,111,1.0
1838,111,2.5
1219,111,3.0
620,111,4.0
446,111,5.0
1502,111,4.5
18,111,3.0
836,111,3.0
2282,111,3.5
988,111,5.0
461,111,4.5
1367,111,4.0
1387,111,3.0
206,111,4.0
1139,111,3.0
2831,111,1.5
654,111,3.5
1121,111,5.0
134,111,4.0
1496,111,4.5
904,111,2.5
2425,111,4.5
803,111,4.0
1295,111,2.0
1128,111,3.5
90,111,3.5
1570,111,2.0
288,111,4.0
1391,111,3.0
3057,111,2.0
1371,111,4.5
1503,111,4.5
295,111,3.5
520,111,5.0
507,111,4.0
434,111,4.0
1342,111,4.5
437,111,4.5
1743,111,2.5
2037,111,3.0
1151,111,3.5
907,111,2.5
1833,111,3.5
3251,111,2.0
2315,111,4.0
1073,111,5.0
82,111,2.5
1231,111,2.5
912,111,4.5
2101,111,3.0
694,111,4.0
1224,111,2.5
95,111,4.5
2409,111,4.0
89,111,3.0
1173,111,2.5
1199,111,3.5
180,111,3.5
1140,111,4.5
196,111,3.5
128,111,4.0
183,111,3.0
789,111,5.0
3222,111,4.5
2723,111,3.0
653,111,2.5
1469,111,2.5
185,111,4.5
1168,111,5.0
1686,111,3.5
1374,111,3.0
78,111,2.5
363,111,4.0
505,111,2.5
73,111,4.0
617,111,2.0
547,111,3.5
878,111,2.5
4478,111,3.5
1539,111,4.0
1175,111,4.5
1699,111,4.5
2044,111,1.5
1691,111,4.0
797,111,3.0
1337,111,4.5
917,111,4.0
2917,111,4.0
1388,111,2.0
1693,111,3.0
106,111,2.5
1685,111,0.5
371,111,4.5
149,111,3.5
915,111,5.0
2115,111,4.5
3204,111,4.5
1544,112,3.0
893,112,4.5
2452,112,0.5
1553,112,4.0
1540,112,2.0
3749,112,2.5
2930,112,0.5
2721,112,0.5
1530,112,4.0
646,112,1.5
2993,112,4.0
557,112,3.5
636,112,4.0
824,112,1.5
76,112,2.5
4780,112,1.5
930,112,4.0
1305,112,2.5
810,112,3.5
3702,112,0.5
645,112,0.5
676,112,5.0
2486,112,4.5
3893,112,3.5
2288,112,4.0
1036,112,4.0
903,112,4.0
150,112,5.0
629,112,5.0
572,112,4.5
67,112,4.0
1557,112,3.5
1,112,4.0
97,112,4.5
288,112,4.0
96,112,5.0
89,112,3.5
3749,113,1.0
2721,113,3.0
993,113,1.0
4344,113,4.0
1893,113,3.0
810,113,4.0
3702,113,4.0
2020,113,3.0
2671,113,4.0
3843,113,3.0
3514,113,4.0
4336,113,5.0
3934,113,5.0
4079,113,3.0
3464,113,4.0
3725,113,5.0
3745,113,5.0
2662,113,3.0
4056,113,4.0
3556,113,4.0
3533,113,5.0
3448,113,3.0
903,113,1.0
945,113,2.0
1397,113,3.0
1033,113,4.0
2546,113,2.0
1377,113,5.0
4638,113,2.0
802,113,1.0
3470,113,3.0
26,113,4.0
1023,113,5.0
4207,113,4.0
2918,113,5.0
564,113,5.0
2858,113,4.0
408,113,1.0
639,113,3.0
1122,113,2.0
1537,113,1.0
568,113,2.0
3831,113,1.0
2519,113,5.0
2217,113,3.0
3818,113,4.0
1217,113,2.0
2451,113,4.0
3469,113,5.0
2092,113,1.0
2513,113,3.0
2006,113,1.0
4586,114,3.5
2111,114,4.0
900,114,2.0
160,114,4.0
277,114,4.0
329,114,3.0
192,114,4.0
31,114,4.5
115,114,3.5
6,114,4.5
114,114,4.0
58,114,3.5
9,114,2.0
412,114,3.5
128,114,3.0
789,114,3.5
3362,114,3.5
1540,115,4.0
1573,115,2.0
557,115,3.0
300,115,3.0
1380,115,4.0
3236,115,5.0
283,115,1.0
677,115,2.0
676,115,5.0
1839,115,5.0
1698,115,4.0
280,115,5.0
2281,115,3.0
1361,115,5.0
1362,115,5.0
4273,115,5.0
4274,115,5.0
4265,115,3.0
804,115,2.0
384,115,1.0
2406,115,5.0
1528,115,5.0
2667,115,5.0
3451,115,5.0
429,115,1.0
2812,115,5.0
474,115,2.0
2285,115,5.0
211,115,2.0
305,115,5.0
1379,115,3.0
1377,115,4.0
802,115,4.0
1964,115,4.0
26,115,4.0
353,115,5.0
2021,115,5.0
1364,115,3.0
629,115,5.0
4379,115,4.0
1542,115,2.0
71,115,2.0
619,115,4.0
830,115,3.0
2492,115,1.0
2845,115,4.0
2519,115,1.0
1651,115,4.0
208,115,3.0
3535,115,5.0
3890,115,4.0
2289,115,3.0
3008,115,3.0
344,115,5.0
2322,115,4.0
1055,115,4.0
1166,115,4.0
374,115,3.0
681,115,5.0
275,115,5.0
834,115,4.0
4003,115,5.0
1123,115,3.0
896,115,4.0
512,115,5.0
636,116,1.0
921,116,4.0
824,116,4.5
356,116,3.5
810,116,4.0
1545,116,3.5
676,116,4.0
1814,116,3.0
1821,116,2.0
1728,116,5.0
2514,116,3.5
280,116,4.0
2281,116,4.5
2671,116,4.5
384,116,4.0
4012,116,3.0
3819,116,1.0
1705,116,3.5
2517,116,5.0
3725,116,4.0
2173,116,2.5
2331,116,3.0
2288,116,4.5
1008,116,4.0
2027,116,3.5
3448,116,4.5
2812,116,5.0
903,116,2.5
2285,116,3.5
211,116,3.0
1033,116,3.5
456,116,4.0
2979,116,3.5
26,116,4.0
4340,116,3.0
1815,116,4.5
1364,116,3.0
1700,116,4.5
2533,116,1.5
626,116,4.0
1360,116,0.5
568,116,5.0
2317,116,3.0
225,116,2.0
275,116,4.5
389,116,4.0
160,116,3.5
200,116,4.0
566,116,4.0
2400,116,4.5
3572,116,4.0
696,117,3.0
2452,117,3.0
1553,117,2.0
1540,117,4.0
1573,117,3.0
2930,117,3.0
2721,117,3.0
3156,117,4.0
2103,117,2.0
813,117,3.0
1530,117,4.0
557,117,5.0
636,117,4.0
1729,117,3.0
300,117,3.0
821,117,3.0
921,117,3.0
824,117,3.0
356,117,3.0
536,117,3.0
1253,117,2.0
737,117,3.0
1893,117,4.0
827,117,3.0
2371,117,3.0
2535,117,3.0
1567,117,4.0
930,117,4.0
3236,117,4.0
1305,117,3.0
2819,117,2.0
678,117,3.0
810,117,4.0
3702,117,3.0
1545,117,3.0
283,117,4.0
953,117,3.0
645,117,3.0
676,117,4.0
404,117,3.0
3254,117,4.0
1814,117,4.0
2486,117,3.0
1821,117,5.0
2035,117,3.0
1839,117,4.0
2793,117,2.0
2514,117,4.0
2020,117,4.0
1698,117,4.0
280,117,4.0
2281,117,4.0
1361,117,3.0
1362,117,3.0
4273,117,3.0
4274,117,3.0
4265,117,4.0
1110,117,4.0
2671,117,3.0
3154,117,3.0
1038,117,3.0
426,117,3.0
804,117,3.0
1087,117,4.0
384,117,2.0
966,117,3.0
3893,117,3.0
287,117,3.0
1498,117,3.0
3843,117,3.0
978,117,3.0
1067,117,3.0
327,117,4.0
902,117,3.0
3452,117,4.0
1705,117,3.0
3749,118,2.0
300,118,2.0
3236,118,4.0
1821,118,4.0
2281,118,4.0
1850,118,5.0
1372,118,4.0
657,118,4.0
1815,118,5.0
629,118,4.0
841,118,4.0
3061,118,3.0
3700,118,3.0
1544,119,3.5
696,119,4.0
2103,119,3.0
1283,119,5.0
3236,119,4.0
810,119,4.0
645,119,4.0
2288,119,4.0
1058,119,4.0
3061,119,4.0
397,119,3.0
1360,119,4.0
71,119,3.0
1840,119,5.0
275,119,5.0
512,119,4.0
2738,119,4.0
1584,119,4.0
900,119,4.0
469,119,4.0
333,119,4.0
364,119,3.5
1863,119,4.5
169,119,3.5
279,119,4.0
1543,119,4.0
1054,119,4.0
232,119,4.5
389,119,5.0
321,119,4.0
1195,119,4.5
632,119,4.0
1143,119,3.0
884,119,4.5
329,119,4.0
200,119,4.0
146,119,4.5
4749,119,3.5
3450,119,3.5
267,119,4.0
1560,119,5.0
816,119,4.0
1179,119,4.0
510,119,4.0
381,119,4.0
120,119,3.5
558,119,4.0
933,119,4.5
567,119,4.0
767,119,4.0
2136,119,3.5
511,119,4.0
278,119,5.0
119,119,4.0
218,119,3.5
688,119,5.0
6,119,3.5
2181,119,4.0
117,119,4.5
1818,119,4.0
182,119,4.0
58,119,4.0
513,119,3.0
116,119,3.5
1332,119,3.5
2669,119,5.0
12,119,4.0
1816,119,4.5
723,119,3.0
572,119,4.0
123,119,4.0
67,119,5.0
1557,119,4.5
1,119,5.0
357,119,4.5
440,119,4.0
93,119,4.0
43,119,3.5
615,119,5.0
97,119,4.0
712,119,4.5
1368,119,4.0
1582,119,3.5
102,119,4.0
1367,119,4.5
926,119,4.0
336,119,4.5
1247,119,4.5
206,119,4.0
147,119,4.0
904,119,4.5
30,119,3.5
1043,119,5.0
718,119,4.0
288,119,4.0
520,119,5.0
35,119,4.5
507,119,5.0
240,119,3.5
1334,119,5.0
819,119,5.0
2108,119,4.0
85,119,4.5
2000,119,5.0
667,119,4.0
745,119,4.5
145,119,5.0
334,119,4.0
135,119,4.0
3871,119,4.5
791,119,5.0
590,119,4.0
89,119,5.0
2755,119,4.0
2525,119,5.0
201,119,4.0
2550,119,5.0
843,119,4.0
1022,119,4.5
128,119,4.0
789,119,4.5
4064,119,4.0
1677,119,3.0
653,119,4.0
185,119,3.5
1312,119,3.5
78,119,4.0
487,119,4.5
617,119,3.0
547,119,4.0
2357,119,3.5
1539,119,5.0
532,119,4.5
177,119,4.0
1600,119,4.0
1113,119,4.5
2126,119,4.5
426,120,3.0
804,120,3.0
384,120,3.0
2341,120,3.0
1498,120,4.0
1067,120,2.0
3934,120,2.0
1544,121,4.0
893,121,5.0
1553,121,2.0
2141,121,3.0
3749,121,4.0
2721,121,4.0
2103,121,1.0
1530,121,5.0
646,121,3.0
557,121,4.0
636,121,3.0
824,121,3.0
3353,121,4.0
827,121,3.0
4487,121,3.0
1567,121,3.0
930,121,3.0
3236,121,4.0
2950,121,4.0
2819,121,3.0
678,121,3.0
810,121,4.0
1545,121,3.0
283,121,3.0
645,121,3.0
3254,121,3.0
2486,121,3.0
1821,121,3.0
2793,121,4.0
2281,121,4.0
1361,121,3.0
1362,121,3.0
4273,121,3.0
4274,121,3.0
2671,121,3.0
1553,122,3.5
2184,122,4.5
2993,122,4.0
4344,122,5.0
356,122,5.0
930,122,4.0
3236,122,5.0
810,122,5.0
676,122,4.0
2793,122,4.5
280,122,5.0
1361,122,4.5
1362,122,4.5
4273,122,4.5
4274,122,4.5
3893,122,5.0
3934,122,5.0
4307,122,5.0
3449,122,5.0
4586,122,5.0
2608,122,5.0
2406,122,5.0
1528,122,5.0
1850,122,5.0
839,122,5.0
3162,122,5.0
2173,122,4.0
2662,122,5.0
2288,122,5.0
2493,122,4.5
1616,122,4.5
429,122,4.5
474,122,5.0
211,122,3.0
2575,122,5.0
301,122,4.5
2825,122,4.5
1765,122,5.0
4745,122,4.0
2021,122,4.5
1815,122,5.0
2915,122,4.0
1154,122,4.5
1167,122,4.0
3883,122,5.0
4646,122,4.5
2111,122,5.0
3049,122,5.0
208,122,5.0
663,122,5.0
2756,122,5.0
344,122,5.0
1335,122,5.0
1055,122,4.5
2095,122,4.0
1996,122,4.0
4244,122,5.0
2151,122,4.5
3261,122,5.0
4003,122,4.5
4677,122,4.5
512,122,4.0
3463,122,5.0
3707,122,5.0
1019,122,4.0
2909,122,5.0
1793,122,5.0
1584,122,4.5
1853,122,5.0
475,122,4.0
3536,122,4.5
279,122,4.0
1054,122,5.0
1719,122,4.5
1017,122,4.5
232,122,5.0
389,122,4.0
576,122,4.0
4299,122,5.0
1398,122,4.0
498,122,4.5
3897,122,4.5
1898,122,4.5
1143,122,4.5
884,122,4.5
1969,122,4.5
329,122,4.5
3244,122,5.0
1497,122,4.0
2326,122,4.5
729,122,4.5
1710,122,5.0
831,122,5.0
2333,122,4.5
4749,122,4.5
1849,122,4.5
267,122,4.0
3601,122,5.0
2139,122,5.0
3946,122,4.0
3435,122,4.5
249,122,4.0
2720,122,5.0
529,122,4.5
11,122,4.0
3242,122,5.0
555,122,4.0
4045,122,5.0
2318,122,4.5
511,122,5.0
278,122,4.5
2474,122,5.0
422,122,5.0
881,122,5.0
2564,122,3.5
2017,122,4.0
2395,122,5.0
2181,122,4.5
282,122,5.0
1832,122,5.0
117,122,4.0
1858,122,5.0
1575,122,4.5
58,122,5.0
116,122,3.5
164,122,4.5
1332,122,5.0
12,122,4.5
1706,122,4.0
723,122,4.5
1181,122,4.5
3628,122,5.0
67,122,5.0
477,122,3.0
1991,122,4.5
1259,122,5.0
1,122,4.5
440,122,5.0
1723,122,4.0
80,122,4.0
22,122,3.5
1191,122,4.0
97,122,4.5
412,122,5.0
712,122,3.5
642,122,4.5
2733,122,5.0
1613,122,3.5
375,122,3.5
1502,122,5.0
102,122,5.0
909,122,4.5
1367,122,3.5
721,122,4.5
1121,122,4.5
221,122,4.0
2464,122,5.0
4477,122,4.0
30,122,4.5
416,122,5.0
2725,122,4.0
1570,122,3.5
288,122,5.0
229,122,4.0
15,122,4.0
35,122,4.5
52,122,4.5
223,122,4.0
240,122,4.5
261,122,3.0
2000,122,5.0
1288,122,4.5
745,122,4.5
96,122,5.0
95,122,4.0
791,122,3.5
3238,122,4.5
89,122,4.0
2228,122,4.0
29,122,4.0
1010,122,5.0
4080,122,5.0
128,122,5.0
183,122,4.0
685,122,5.0
271,122,4.0
177,122,5.0
797,122,3.5
3560,122,4.0
3236,123,4.0
3061,123,4.5
2519,123,3.5
663,123,4.5
3577,123,4.5
1054,123,4.0
232,123,4.0
919,123,4.0
422,123,4.0
282,123,4.0
1373,123,4.5
69,123,4.0
164,123,4.0
914,123,4.0
572,123,4.0
129,123,4.5
93,123,4.5
97,123,4.0
345,123,4.0
1509,123,4.5
102,123,4.0
427,123,3.5
206,123,4.0
1533,123,4.0
288,123,4.5
1053,123,4.0
1334,123,3.5
2000,123,3.5
96,123,4.5
75,123,4.5
3871,123,3.5
694,123,4.5
95,123,4.0
3238,123,4.5
89,123,3.5
2525,123,4.5
1544,124,4.0
557,124,3.5
4223,124,4.0
3236,124,4.5
2819,124,3.5
810,124,5.0
676,124,3.5
3680,124,5.0
2824,124,4.0
2327,124,4.0
1377,124,4.0
2408,124,2.5
905,124,4.0
2313,124,4.5
1815,124,4.0
3061,124,4.5
397,124,3.0
1360,124,4.0
651,124,3.5
2519,124,5.0
4104,124,4.5
3707,124,5.0
3577,124,4.5
1969,124,4.0
329,124,5.0
2155,124,5.0
1849,124,3.5
119,124,4.5
2643,125,3.0
557,125,4.5
76,125,4.0
4780,125,5.0
3236,125,4.5
2950,125,5.0
810,125,5.0
2793,125,4.0
280,125,4.0
3950,125,4.5
3725,125,5.0
2948,125,4.0
2662,125,4.5
2288,125,5.0
771,125,2.0
3943,125,3.5
3052,125,4.5
2087,125,5.0
2519,125,5.0
663,125,5.0
3008,125,5.0
2705,125,3.0
3707,125,2.5
385,125,3.5
3577,125,4.0
1834,125,2.5
279,125,4.0
2630,125,4.5
3712,125,4.5
632,125,3.5
1398,125,3.0
3773,125,4.5
277,125,3.0
2256,125,3.5
317,125,4.5
3244,125,3.5
200,125,4.0
3744,125,3.0
829,125,4.5
1212,125,3.0
2746,125,5.0
2155,125,4.5
831,125,4.5
566,125,3.5
192,125,3.0
4582,125,4.0
4298,125,5.0
3946,125,4.5
510,125,3.0
120,125,4.0
933,125,3.5
3315,125,4.0
4443,125,4.5
13,125,3.5
4045,125,4.0
2318,125,4.5
511,125,4.5
1277,125,2.5
1747,125,4.5
2,125,4.0
1082,125,5.0
2395,125,4.5
2181,125,3.5
1832,125,0.5
117,125,2.0
1575,125,2.0
69,125,3.5
182,125,4.0
58,125,4.0
513,125,4.0
164,125,3.5
640,125,4.0
2476,125,5.0
1332,125,2.0
1973,125,4.5
2174,125,4.5
1083,125,5.0
1181,125,2.0
2345,125,5.0
572,125,2.5
3628,125,3.5
159,125,3.5
67,125,4.0
281,125,2.5
3343,125,1.0
1557,125,4.0
1620,125,4.0
348,125,4.5
3111,125,4.5
477,125,2.0
1568,125,4.0
1259,125,5.0
1,125,4.5
33,125,2.0
1520,125,4.5
1346,125,3.5
93,125,4.0
1723,125,4.0
820,125,2.5
4657,125,3.5
97,125,4.0
412,125,4.0
3267,125,3.5
2351,125,4.0
1219,125,3.0
1613,125,3.0
130,125,3.0
1367,125,4.0
2561,125,4.5
170,125,3.0
926,125,4.0
336,125,4.0
380,125,3.0
427,125,2.0
206,125,3.5
2827,125,4.5
1121,125,4.0
2464,125,5.0
4477,125,3.5
56,125,3.5
904,125,4.5
4636,125,4.5
3095,125,4.5
2425,125,4.0
302,125,4.0
90,125,3.5
217,125,4.0
1570,125,4.5
288,125,4.0
1391,125,4.0
3860,125,4.5
3057,125,5.0
38,125,4.5
2865,125,4.0
3534,125,4.5
2000,125,4.0
745,125,3.0
96,125,3.5
2315,125,4.0
1231,125,4.0
75,125,4.0
3871,125,4.0
83,125,4.0
89,125,4.0
311,125,3.5
1140,125,4.0
1010,125,3.0
128,125,4.5
108,125,3.5
8,125,3.0
789,125,4.5
2868,125,4.0
3362,125,4.0
685,125,4.0
250,125,3.0
271,125,4.0
1374,125,4.0
505,125,3.5
92,125,2.5
547,125,3.0
10,125,2.5
79,125,3.5
532,125,4.0
177,125,3.0
3275,125,3.5
739,125,3.5
1337,125,3.0
1740,125,4.5
1891,125,4.0
3560,125,4.0
3335,125,2.5
1685,125,5.0
149,125,3.5
915,125,3.5
63,125,3.5
2115,125,3.5
1573,126,3.0
557,126,4.0
636,126,4.0
300,126,4.0
824,126,3.0
356,126,4.0
76,126,2.0
930,126,3.0
3236,126,1.0
1305,126,4.0
2819,126,1.0
678,126,4.0
810,126,4.0
1545,126,5.0
283,126,5.0
645,126,3.0
676,126,3.0
1814,126,4.0
1698,126,3.0
280,126,3.0
2281,126,4.0
1361,126,3.0
1362,126,3.0
4273,126,3.0
4274,126,3.0
3990,127,4.0
2540,127,4.0
3454,127,4.0
3311,127,3.0
3241,127,2.0
3178,127,4.0
2670,127,1.0
4003,127,4.0
3577,127,2.0
2064,127,5.0
67,127,0.5
557,128,5.0
4611,128,5.0
4336,128,5.0
4502,128,5.0
1705,128,3.0
1192,128,5.0
4586,128,4.0
3725,128,3.0
2347,128,4.0
1008,128,4.0
1036,128,4.0
2812,128,3.0
2285,128,4.0
1377,128,3.0
26,128,4.0
557,129,4.0
921,129,3.5
76,129,4.0
930,129,3.5
676,129,3.5
404,129,3.5
1728,129,3.5
1698,129,3.5
2671,129,4.0
426,129,4.0
804,129,3.5
384,129,4.0
3934,129,4.0
2517,129,4.0
4586,129,3.5
3680,129,0.5
3448,129,4.5
2327,129,3.5
443,129,3.5
301,129,5.0
741,129,3.5
26,129,3.5
353,129,4.5
1081,129,3.5
629,129,4.5
1058,129,4.0
2533,129,4.5
1783,129,4.0
234,129,3.5
1360,129,3.0
2813,129,3.5
3831,129,4.0
2519,129,4.5
1014,129,4.5
208,129,4.0
663,129,4.0
22,129,4.0
3889,129,4.0
275,129,4.5
214,129,3.5
540,129,4.0
512,129,4.0
812,129,3.5
351,129,3.5
1045,129,3.0
3577,129,3.0
900,129,3.5
876,129,4.0
111,129,4.0
364,129,2.5
169,129,4.0
2319,129,3.5
3712,129,2.5
232,129,4.0
389,129,4.0
321,129,4.5
231,129,3.5
276,129,4.0
674,129,2.5
565,129,4.0
277,129,4.0
3524,129,4.5
3244,129,3.5
94,129,3.5
200,129,4.0
3744,129,4.0
2102,129,4.0
829,129,4.5
831,129,4.0
146,129,3.5
275,129,4.5
192,129,4.0
267,129,4.0
3601,129,4.0
118,129,3.5
1179,129,4.5
3079,129,5.0
230,129,3.5
510,129,3.0
249,129,5.0
120,129,4.5
186,129,3.5
2720,129,4.0
115,129,4.0
1687,129,4.0
933,129,4.5
140,129,4.0
34,129,4.5
13,129,4.0
293,129,2.5
1544,130,3.0
557,130,5.0
636,130,4.0
300,130,4.0
824,130,4.0
356,130,4.0
76,130,3.0
827,130,5.0
930,130,5.0
3236,130,4.0
1305,130,3.0
2819,130,4.0
678,130,2.0
283,130,3.0
645,130,3.0
1698,130,2.0
2281,130,3.0
1361,130,3.0
1362,130,3.0
4273,130,3.0
4274,130,3.0
557,131,2.5
4344,131,4.0
3236,131,4.0
810,131,3.0
1728,131,4.0
3893,131,4.0
1107,131,3.5
4307,131,4.0
4586,131,3.0
3725,131,3.5
2406,131,3.5
1850,131,4.0
839,131,4.5
3162,131,4.5
2347,131,4.5
1377,131,4.0
629,131,2.5
3061,131,3.5
582,131,3.0
719,131,1.0
2519,131,3.5
4474,131,3.5
834,131,2.0
367,131,2.0
3707,131,2.5
2909,131,3.5
3577,131,4.0
3712,131,1.5
265,131,3.0
3320,131,2.5
172,131,3.5
4099,131,3.0
2155,131,3.5
1816,131,3.5
3628,131,3.0
97,131,4.0
1544,132,2.0
2452,132,3.0
1573,132,1.5
2721,132,3.0
2169,132,2.5
813,132,3.0
2184,132,2.5
821,132,2.0
3353,132,2.0
1283,132,3.0
4223,132,3.0
2371,132,3.0
3635,132,3.0
2535,132,4.0
3236,132,4.0
2950,132,3.0
2819,132,1.5
810,132,4.0
3702,132,3.5
3254,132,2.0
1814,132,2.5
2793,132,3.5
4461,132,2.5
2514,132,2.0
1698,132,3.5
1361,132,2.0
1362,132,2.0
4273,132,2.0
4274,132,2.0
4265,132,3.0
1110,132,2.0
453,132,2.0
3893,132,3.0
3514,132,2.0
3706,132,3.5
4012,132,4.0
3990,132,4.0
4336,132,3.0
2407,132,3.0
3819,132,3.0
3452,132,4.0
4016,132,3.0
3934,132,3.5
4307,132,3.0
2971,132,3.5
2173,132,4.0
2456,132,3.5
3243,132,3.0
2288,132,3.5
2458,132,3.5
1616,132,3.0
3448,132,3.0
474,132,2.0
2007,132,3.0
2285,132,2.0
1039,132,2.5
2327,132,3.0
211,132,1.5
2408,132,1.5
2979,132,3.0
26,132,3.0
2825,132,4.0
1765,132,3.0
905,132,2.5
150,132,3.0
2021,132,2.0
1154,132,3.5
1167,132,3.0
2533,132,4.0
2111,132,4.0
3061,132,4.0
408,132,3.0
486,132,1.5
1783,132,3.0
639,132,3.5
906,132,4.0
3206,132,3.0
2931,132,3.5
781,132,2.0
2742,132,4.0
234,132,2.0
1122,132,3.5
1360,132,3.5
1537,132,1.5
2813,132,2.0
863,132,3.0
2317,132,2.0
2519,132,4.5
4085,132,3.0
2089,132,2.0
663,132,4.0
2756,132,4.0
3008,132,2.5
1335,132,3.0
1977,132,4.5
1430,132,3.5
2151,132,4.0
573,132,2.0
2460,132,1.5
1123,132,3.0
512,132,3.5
2983,132,2.5
766,132,3.5
812,132,2.0
3707,132,4.0
3580,132,3.0
351,132,2.5
1835,132,3.5
631,132,3.0
1793,132,1.5
1007,132,2.0
3048,132,2.0
3577,132,4.0
1584,132,2.5
1834,132,4.5
900,132,3.5
876,132,4.0
2516,132,3.5
2319,132,2.5
3536,132,4.0
279,132,1.0
2769,132,2.0
535,132,4.0
2630,132,4.5
1065,132,3.0
1017,132,4.5
3712,132,3.5
232,132,3.0
389,132,3.0
576,132,3.0
321,132,2.0
632,132,3.5
3597,132,3.0
160,132,3.0
1759,132,3.5
445,132,2.5
674,132,3.0
565,132,2.0
1301,132,2.0
3897,132,3.0
1898,132,2.0
2839,132,3.5
277,132,3.0
317,132,1.5
2449,132,3.0
1541,132,4.0
911,132,3.0
3524,132,3.0
1714,132,3.0
329,132,3.0
200,132,3.0
1781,132,3.5
3744,132,4.0
3515,132,3.5
2102,132,4.0
829,132,4.5
1063,132,4.5
584,132,3.5
3444,132,3.0
2155,132,4.0
831,132,4.5
1581,132,3.5
566,132,3.0
192,132,3.0
4749,132,2.5
4094,132,4.0
3601,132,3.5
958,132,4.0
1845,132,3.5
2400,132,4.0
118,132,3.5
1179,132,4.0
249,132,2.5
120,132,3.0
1597,132,3.5
2628,132,2.5
2720,132,3.5
1687,132,3.0
405,132,4.0
933,132,3.0
3153,132,2.5
34,132,3.0
13,132,3.0
1254,132,3.0
3242,132,4.0
1606,132,4.0
673,132,3.0
119,132,3.5
881,132,4.0
3338,132,3.0
1858,132,2.5
58,132,0.5
2669,132,3.5
572,132,3.5
67,132,3.5
97,132,3.0
557,133,3.0
636,133,3.0
300,133,1.0
4780,133,3.0
3236,133,3.0
678,133,2.0
810,133,4.0
1545,133,3.0
283,133,3.0
676,133,3.0
1821,133,4.0
2793,133,3.0
1698,133,3.0
280,133,3.0
2281,133,2.0
1361,133,3.0
1362,133,3.0
4273,133,3.0
4274,133,3.0
1705,133,3.0
1544,134,3.0
813,134,3.0
557,134,5.0
300,134,4.0
921,134,3.0
824,134,4.0
3353,134,3.0
1253,134,3.0
76,134,4.0
3236,134,4.0
2819,134,3.0
678,134,4.0
283,134,2.0
645,134,3.0
1839,134,4.0
1698,134,3.0
2281,134,5.0
1361,134,3.0
1362,134,3.0
4273,134,3.0
4274,134,3.0
1544,135,4.0
1540,135,3.0
557,135,4.0
300,135,1.0
824,135,5.0
356,135,1.0
3447,135,4.0
4780,135,5.0
930,135,4.0
3236,135,4.0
1305,135,2.0
678,135,2.0
1545,135,4.0
283,135,3.0
1407,135,3.0
953,135,3.0
676,135,5.0
404,135,5.0
1821,135,5.0
2020,135,4.0
280,135,4.0
1361,135,5.0
1362,135,5.0
4273,135,5.0
4274,135,5.0
426,135,4.0
453,135,2.0
2695,135,4.0
1886,135,4.0
571,135,4.0
4336,135,4.0
1705,135,5.0
3934,135,5.0
4079,135,4.0
2971,135,4.0
3464,135,4.0
4586,135,5.0
2608,135,5.0
2406,135,5.0
4609,135,5.0
1850,135,4.0
839,135,4.0
3162,135,4.0
2948,135,5.0
2331,135,3.0
3745,135,4.0
3243,135,5.0
2662,135,5.0
1008,135,4.0
1372,135,3.0
1036,135,2.0
3680,135,5.0
574,135,2.0
1753,135,1.0
2818,135,4.0
2320,135,3.0
1962,135,3.0
429,135,2.0
2739,135,4.0
2812,135,5.0
474,135,3.0
903,135,3.0
2285,135,4.0
3776,135,4.0
945,135,4.0
1460,135,3.0
3079,135,4.0
377,135,2.0
2327,135,5.0
447,135,2.0
211,135,2.0
443,135,4.0
366,135,3.0
456,135,4.0
1379,135,3.0
4638,135,4.0
1354,135,5.0
2821,135,4.0
301,135,3.0
741,135,3.0
1964,135,3.0
26,135,2.0
246,135,1.0
3638,135,5.0
433,135,2.0
1625,135,5.0
150,135,1.0
165,135,2.0
4745,135,5.0
2021,135,5.0
4340,135,4.0
1364,135,3.0
954,135,4.0
1960,135,4.0
629,135,4.0
4720,135,5.0
1700,135,4.0
1058,135,4.0
2923,135,4.0
397,135,3.0
3052,135,4.0
582,135,2.0
3027,135,3.0
2349,135,3.0
3206,135,3.0
3049,135,4.0
1222,135,3.0
2883,135,3.0
3220,135,3.0
626,135,3.0
234,135,2.0
1360,135,4.0
2813,135,4.0
2066,135,2.0
619,135,4.0
1612,135,4.0
3831,135,5.0
2845,135,4.0
2519,135,4.0
208,135,4.0
663,135,5.0
2829,135,4.0
225,135,4.0
2756,135,4.0
3008,135,5.0
2670,135,4.0
1610,135,4.0
1055,135,4.0
1510,135,4.0
2095,135,5.0
4528,135,4.0
656,135,4.0
2178,135,4.0
2151,135,3.0
573,135,3.0
2330,135,4.0
275,135,2.0
214,135,2.0
834,135,4.0
2999,135,4.0
2589,135,4.0
1921,135,5.0
512,135,4.0
4081,135,4.0
3463,135,4.0
812,135,4.0
546,135,5.0
385,135,4.0
1793,135,3.0
2092,135,3.0
2513,135,4.0
3577,135,5.0
900,135,4.0
309,135,3.0
3755,135,4.0
2995,135,4.0
335,135,2.0
1054,135,5.0
696,136,5.0
341,136,5.0
893,136,5.0
1553,136,3.0
970,136,5.0
1573,136,2.0
2103,136,2.0
1530,136,5.0
2687,136,4.0
646,136,4.0
557,136,5.0
1125,136,3.0
995,136,3.0
1994,136,3.0
636,136,2.0
1729,136,5.0
300,136,3.0
821,136,3.0
921,136,3.0
824,136,4.0
3353,136,1.0
356,136,5.0
536,136,4.0
1283,136,4.0
1253,136,1.0
1380,136,3.0
737,136,1.0
76,136,3.0
827,136,4.0
2371,136,4.0
1567,136,3.0
983,136,4.0
930,136,3.0
3236,136,1.0
1939,136,3.0
1305,136,2.0
2950,136,5.0
1628,136,2.0
2819,136,1.0
2204,136,1.0
678,136,5.0
283,136,3.0
953,136,3.0
645,136,3.0
1839,136,3.0
1698,136,3.0
2281,136,3.0
1361,136,4.0
1362,136,4.0
4273,136,4.0
4274,136,4.0
1303,136,4.0
1544,137,4.0
557,137,4.0
4344,137,5.0
636,137,3.5
4487,137,5.0
3236,137,3.0
810,137,3.5
676,137,3.5
1821,137,3.5
1728,137,5.0
1698,137,4.0
280,137,3.5
2281,137,3.5
4179,137,5.0
3893,137,2.0
3990,137,4.0
4336,137,5.0
2970,137,4.0
4288,137,3.5
3892,137,4.0
4222,137,4.5
3743,137,3.5
327,137,3.0
4586,137,5.0
3725,137,4.0
2406,137,4.0
4609,137,4.5
2553,137,5.0
4082,137,3.0
1528,137,5.0
839,137,5.0
3162,137,5.0
2173,137,5.0
2331,137,5.0
2347,137,4.5
3745,137,5.0
1665,137,4.0
2288,137,3.5
2832,137,5.0
2027,137,4.5
3451,137,4.5
1586,137,3.0
26,137,4.0
1399,137,3.5
1960,137,4.5
629,137,4.0
4720,137,5.0
582,137,3.0
234,137,3.0
663,137,3.0
2829,137,3.5
2756,137,4.0
3889,137,3.0
4244,137,4.0
2090,137,3.0
3818,137,4.5
275,137,3.5
4003,137,4.0
1853,137,3.5
900,137,4.0
389,137,2.5
329,137,4.0
2083,137,3.0
2400,137,4.0
230,137,3.0
978,138,4.5
3572,138,5.0
2376,138,1.5
2148,138,0.5
1532,138,3.5
1364,138,3.0
2066,138,0.5
182,138,5.0
1553,139,1.0
1998,139,2.0
1996,139,2.0
681,139,3.5
275,139,2.5
834,139,2.5
874,139,1.5
512,139,3.0
1062,139,1.0
644,139,3.5
1228,139,0.5
546,139,2.5
2738,139,1.5
1045,139,2.0
1793,139,3.0
3269,139,1.5
402,139,4.0
1702,139,2.5
900,139,2.5
333,139,1.5
2042,139,1.5
1065,139,1.5
232,139,3.0
2547,139,1.5
576,139,0.5
2335,139,3.0
4299,139,2.0
580,139,3.5
865,139,1.5
716,139,1.0
160,139,3.0
415,139,2.0
276,139,1.5
747,139,1.5
445,139,2.5
674,139,1.0
565,139,2.5
1143,139,1.5
277,139,3.0
1030,139,0.5
2256,139,2.0
317,139,2.5
704,139,1.5
166,139,1.0
94,139,2.5
200,139,3.0
829,139,3.0
2326,139,1.5
584,139,1.5
449,139,1.5
733,139,2.0
2746,139,1.0
1899,139,2.0
831,139,3.0
725,139,2.0
566,139,2.0
192,139,3.0
1551,139,1.0
957,139,2.0
608,139,1.5
3601,139,1.0
292,139,2.0
655,139,0.5
268,139,1.5
230,139,2.5
510,139,2.5
120,139,3.0
186,139,1.5
243,139,2.5
1296,139,4.0
1597,139,3.5
919,139,2.0
1761,139,2.5
13,139,2.5
11,139,0.5
1201,139,2.5
278,139,3.5
2474,139,2.0
881,139,1.5
6,139,1.0
2564,139,1.5
107,139,1.0
2,139,2.0
2017,139,0.5
112,139,2.5
114,139,3.0
592,139,2.5
985,139,3.0
525,139,2.0
420,139,1.5
69,139,3.0
1818,139,2.5
54,139,1.5
182,139,2.5
513,139,1.5
116,139,2.5
164,139,4.0
12,139,3.0
723,139,2.5
3628,139,1.0
123,139,0.5
159,139,3.0
44,139,2.5
67,139,2.5
36,139,1.5
9,139,3.0
1557,139,0.5
1,139,1.5
440,139,1.0
33,139,1.5
93,139,2.0
80,139,1.5
43,139,2.0
615,139,2.5
97,139,2.0
189,139,1.5
712,139,2.0
197,139,2.0
2733,139,2.5
1368,139,3.0
130,139,2.0
18,139,2.0
102,139,3.5
170,139,2.5
336,139,1.0
427,139,2.0
221,139,1.5
30,139,3.5
1571,139,2.0
288,139,2.5
32,139,1.5
48,139,2.0
86,139,2.5
89,139,3.0
8,139,2.0
1544,140,3.0
1540,140,4.0
2141,140,3.0
970,140,3.0
1573,140,4.0
1530,140,4.5
1319,140,4.0
646,140,2.5
2993,140,3.0
557,140,4.0
636,140,5.0
1729,140,4.0
824,140,4.0
3353,140,3.0
356,140,4.0
1253,140,2.0
76,140,4.0
4487,140,3.0
2535,140,4.0
1567,140,3.0
930,140,3.0
3236,140,4.0
1628,140,2.0
678,140,4.0
810,140,4.0
1545,140,4.0
283,140,4.0
677,140,3.0
645,140,3.0
676,140,4.0
1814,140,4.0
1821,140,5.0
1728,140,3.0
1839,140,4.0
2020,140,3.5
1698,140,3.0
2281,140,5.0
2671,140,5.0
1038,140,4.0
426,140,4.0
1930,140,3.0
384,140,3.0
479,140,4.0
3603,140,4.0
571,140,4.0
1067,140,4.0
3706,140,4.0
4336,140,4.0
2407,140,4.0
3819,140,5.0
2970,140,4.0
3892,140,3.0
3572,140,4.0
3452,140,4.0
1705,140,4.0
3934,140,4.0
4307,140,3.0
3449,140,4.0
2795,140,2.0
2971,140,4.0
2517,140,4.5
3725,140,3.0
2406,140,4.5
2553,140,5.0
1850,140,3.0
839,140,4.0
3162,140,4.0
3745,140,2.0
1665,140,3.0
2456,140,3.0
2662,140,3.0
2667,140,4.0
2288,140,3.0
2832,140,5.0
1008,140,3.0
3451,140,5.0
2458,140,3.5
1372,140,3.0
1372,140,3.0
574,140,3.0
2812,140,4.0
903,140,4.0
1351,140,4.0
945,140,3.0
2568,140,5.0
1344,140,4.0
447,140,3.0
443,140,3.0
366,140,5.0
2546,140,4.0
388,140,3.0
1377,140,4.0
1354,140,2.0
1322,140,3.0
2821,140,5.0
1213,140,3.0
2979,140,4.0
26,140,4.0
2825,140,4.0
2540,140,3.0
3638,140,4.0
1023,140,4.0
3829,140,3.0
3531,140,5.0
1815,140,4.0
3311,140,3.0
1960,140,3.0
629,140,5.0
2918,140,4.0
841,140,4.0
397,140,4.0
3408,140,4.5
906,140,4.0
2461,140,2.0
3206,140,4.0
920,140,4.0
1585,140,4.0
279,140,3.0
626,140,4.0
234,140,4.0
814,140,3.0
3229,140,4.0
1360,140,0.5
2066,140,3.0
651,140,1.0
568,140,4.0
2317,140,4.0
1214,140,4.0
2519,140,4.0
965,140,4.0
1735,140,3.5
1014,140,4.0
3890,140,4.0
4077,140,3.0
2640,140,3.0
2670,140,4.0
1610,140,4.0
1464,140,3.0
537,140,5.0
713,140,4.0
1055,140,2.5
1352,140,3.0
3348,140,4.0
1051,140,4.0
1430,140,2.0
4474,140,4.5
910,140,3.0
2730,140,4.0
2090,140,4.0
1368,140,4.0
681,140,4.0
275,140,4.0
3931,140,1.0
214,140,3.0
1123,140,3.0
347,140,3.0
644,140,3.0
1548,140,5.0
812,140,2.5
3580,140,3.5
1228,140,3.0
1505,140,3.0
4303,140,3.0
661,140,4.0
524,140,2.0
2909,140,3.0
1835,140,4.0
631,140,4.0
1114,140,3.0
385,140,4.0
1045,140,4.0
1793,140,2.0
1092,140,3.0
478,140,4.0
1007,140,4.0
1925,140,4.0
2513,140,3.0
1135,140,3.0
402,140,5.0
3577,140,3.0
4377,140,4.0
561,140,2.0
900,140,3.0
111,140,4.0
2344,140,3.0
556,140,2.0
2319,140,3.5
2926,140,4.0
1835,140,3.5
605,140,2.0
807,140,3.0
2426,140,3.0
1099,140,2.5
1054,140,4.0
3152,140,3.0
2854,140,3.0
535,140,4.0
2630,140,4.0
3165,140,4.5
1017,140,4.0
2356,140,4.0
232,140,4.0
1422,140,3.0
373,140,3.0
4200,140,4.0
2535,140,4.0
1190,140,3.0
389,140,3.0
576,140,2.0
1314,140,3.0
321,140,4.0
2030,140,4.0
3747,140,4.0
1499,140,3.0
1195,140,4.0
409,140,3.0
600,140,4.0
1340,140,3.0
580,140,3.0
632,140,4.0
4245,140,3.0
1012,140,3.0
1129,140,4.0
3597,140,5.0
160,140,3.5
939,140,2.5
1759,140,3.5
231,140,4.0
1035,140,3.0
237,140,3.0
276,140,3.0
3374,140,3.0
445,140,4.0
379,140,4.0
674,140,1.0
976,140,3.0
569,140,3.0
1249,140,3.0
1301,140,3.0
2839,140,3.0
2722,140,2.5
2792,140,3.5
2505,140,3.0
2310,140,3.0
823,140,2.5
1569,140,3.0
3320,140,3.0
884,140,4.0
2612,140,3.0
530,140,3.0
3524,140,3.0
2928,140,3.0
2106,140,3.0
424,140,3.5
329,140,4.0
3734,140,3.5
541,140,2.5
200,140,3.5
383,140,3.5
1781,140,3.0
1788,140,4.0
1704,140,2.5
1603,140,3.5
2334,140,3.5
1559,140,3.5
829,140,2.0
1386,140,3.5
172,140,5.0
1798,140,4.0
439,140,4.0
2455,140,3.0
1159,140,3.0
449,140,4.5
1709,140,4.0
1804,140,3.0
499,140,3.0
339,140,3.0
725,140,3.5
715,140,3.5
1845,140,3.5
3972,140,3.0
1560,140,4.5
2400,140,3.0
1059,140,3.0
1637,140,3.5
816,140,3.0
2566,140,3.0
539,140,3.0
168,140,2.5
3079,140,4.5
230,140,4.0
381,140,4.0
249,140,3.0
186,140,3.0
163,140,2.5
1576,140,4.5
788,140,3.0
1137,140,3.0
826,140,3.5
3351,140,3.5
1514,140,2.5
941,140,4.0
405,140,3.5
529,140,3.5
708,140,2.0
1598,140,5.0
1174,140,3.0
919,140,3.0
3258,140,4.0
278,140,4.0
298,140,4.0
2075,140,2.5
2760,140,3.5
262,140,3.0
1544,141,4.0
1553,141,2.0
2993,141,3.5
557,141,3.5
636,141,3.5
3236,141,4.0
2819,141,2.0
810,141,4.0
3410,141,3.0
676,141,3.0
1814,141,3.0
1698,141,4.0
453,141,4.0
1886,141,2.5
1067,141,2.5
2662,141,3.5
2288,141,2.5
1008,141,2.5
1039,141,2.5
2327,141,3.0
1354,141,4.0
2979,141,3.5
150,141,3.0
165,141,3.0
1364,141,3.0
629,141,4.0
3049,141,4.0
1360,141,3.0
1542,141,3.0
2813,141,3.0
663,141,5.0
2018,141,4.0
3008,141,3.5
344,141,4.5
1055,141,4.0
573,141,4.0
3261,141,2.5
3455,141,5.0
275,141,5.0
1123,141,3.0
896,141,3.5
812,141,3.0
2909,141,4.5
631,141,3.5
385,141,3.5
1045,141,2.5
1793,141,4.5
3577,141,3.0
900,141,4.0
2319,141,2.5
1543,141,2.5
1719,141,3.5
232,141,4.0
389,141,4.0
632,141,3.0
276,141,4.0
674,141,3.0
565,141,3.5
884,141,3.0
1541,141,3.5
424,141,3.0
329,141,4.5
200,141,4.0
2102,141,3.0
829,141,3.0
584,141,4.5
831,141,3.0
566,141,2.5
192,141,4.0
1551,141,4.5
1849,141,4.5
4022,141,3.0
3601,141,4.0
1179,141,2.5
230,141,2.0
120,141,3.5
115,141,4.5
933,141,5.0
567,141,3.5
3242,141,3.5
1606,141,5.0
2318,141,2.5
119,141,3.0
2474,141,5.0
688,141,2.5
1747,141,3.0
114,141,3.0
2395,141,3.0
1832,141,3.5
117,141,3.5
3338,141,3.0
69,141,3.0
182,141,3.0
58,141,5.0
67,141,5.0
3343,141,3.0
9,141,4.0
1991,141,3.5
1,141,2.5
357,141,2.5
43,141,4.0
427,141,3.5
288,141,5.0
125,141,3.0
96,141,5.0
2755,141,4.5
789,141,5.0
78,141,4.5
177,141,4.0
1573,142,4.0
2930,142,4.0
646,142,3.0
636,142,5.0
824,142,5.0
356,142,3.0
1253,142,2.0
827,142,4.0
930,142,3.0
3236,142,5.0
2950,142,4.0
2819,142,4.0
678,142,3.0
810,142,4.0
1545,142,4.0
283,142,4.0
595,142,3.0
645,142,3.0
676,142,3.0
2486,142,4.0
1821,142,5.0
1698,142,5.0
280,142,3.0
2281,142,4.0
1361,142,3.0
1362,142,3.0
4273,142,3.0
4274,142,3.0
810,143,5.0
1814,143,3.0
2671,143,3.0
4586,143,1.0
2458,143,2.0
26,143,4.0
1360,143,1.0
2813,143,4.5
3889,143,1.0
512,143,4.5
631,143,2.0
900,143,5.0
2319,143,5.0
1301,143,3.5
911,143,4.0
329,143,4.0
200,143,3.0
1781,143,4.0
2334,143,2.5
1063,143,2.0
1658,143,5.0
1124,143,1.0
1978,143,3.0
516,143,5.0
2562,143,3.0
1581,143,5.0
816,143,3.0
1889,143,2.5
793,143,2.0
1068,143,3.0
2395,143,1.0
1563,143,3.0
4593,143,4.0
182,143,1.0
58,143,2.0
67,143,5.0
3343,143,5.0
1991,143,1.0
2302,143,3.0
1594,143,1.0
43,143,4.0
97,143,2.0
412,143,1.0
7,143,5.0
1838,143,2.5
102,143,4.0
2074,143,3.0
35,143,4.0
507,143,4.0
125,143,4.0
1544,144,3.5
696,144,3.0
2452,144,4.0
1553,144,3.0
3749,144,3.0
1573,144,3.0
2721,144,3.5
813,144,4.5
557,144,4.5
636,144,3.0
300,144,3.0
3353,144,4.0
76,144,3.5
4780,144,4.0
1567,144,3.0
3236,144,4.0
2950,144,4.0
2819,144,3.5
810,144,4.0
3702,144,4.0
1545,144,3.5
283,144,3.0
953,144,3.0
645,144,2.5
676,144,3.0
1814,144,3.0
1821,144,3.5
1728,144,3.0
2514,144,3.0
2020,144,3.5
1698,144,4.5
280,144,2.0
2281,144,5.0
1361,144,3.5
1362,144,3.5
4273,144,3.5
4274,144,3.5
2671,144,3.0
426,144,3.5
384,144,3.0
3893,144,4.0
571,144,3.5
3452,144,4.5
1705,144,3.5
3725,144,4.0
839,144,3.0
3162,144,3.0
2456,144,3.0
2662,144,3.0
1008,144,4.0
903,144,4.0
2285,144,4.0
1039,144,3.0
2327,144,2.5
443,144,3.0
150,144,2.5
2021,144,3.0
1815,144,3.0
629,144,3.5
1700,144,4.0
3061,144,5.0
1783,144,3.5
1360,144,2.0
2813,144,4.0
2519,144,4.0
663,144,4.0
344,144,3.0
910,144,3.5
275,144,4.0
1835,144,4.5
1793,144,3.5
3577,144,5.0
900,144,5.0
1759,144,3.0
3897,144,3.5
3524,144,3.5
329,144,5.0
200,144,5.0
2190,144,4.0
566,144,5.0
192,144,4.0
3450,144,3.5
1544,145,5.0
4344,145,4.0
636,145,3.0
300,145,3.0
824,145,4.0
356,145,3.0
76,145,3.0
930,145,3.0
3236,145,4.0
1305,145,3.0
2819,145,2.0
283,145,3.0
645,145,3.0
1698,145,4.0
2281,145,4.0
1361,145,3.0
1362,145,3.0
4273,145,3.0
4274,145,3.0
2819,146,2.0
2376,146,3.0
4448,146,3.5
1971,146,2.0
1227,146,2.5
1115,146,3.0
1789,146,4.0
394,146,2.5
1143,146,3.5
2190,146,3.0
516,146,4.5
1581,146,3.0
688,146,3.0
1373,146,3.5
1729,147,1.5
3353,147,4.5
536,147,0.5
827,147,5.0
2793,147,4.5
1110,147,3.0
1962,147,5.0
4638,147,5.0
2923,147,2.5
3027,147,2.5
1537,147,4.5
810,148,4.0
876,148,4.0
232,148,3.0
277,148,4.0
329,148,3.0
192,148,4.0
1727,148,5.0
115,148,4.0
933,148,4.0
119,148,3.0
114,148,4.0
58,148,4.5
67,148,4.0
3343,148,3.5
9,148,4.0
1,148,4.0
93,148,3.0
615,148,3.5
97,148,1.5
412,148,4.0
7,148,4.5
155,148,4.5
745,148,4.0
86,148,4.0
161,148,2.5
95,148,3.5
89,148,3.5
2525,148,4.5
128,148,4.0
27,148,3.5
78,148,4.0
1380,149,3.0
1305,149,1.0
1718,149,2.0
676,149,3.0
2049,149,2.0
1728,149,4.0
280,149,3.0
3154,149,5.0
4179,149,5.0
978,149,1.0
2970,149,2.0
2971,149,4.0
3464,149,2.0
2406,149,3.0
839,149,5.0
3162,149,5.0
2288,149,2.0
3300,149,1.0
1036,149,4.0
1370,149,1.0
1753,149,1.0
2818,149,3.0
2320,149,2.0
474,149,4.0
366,149,3.0
301,149,5.0
462,149,3.0
4231,149,2.0
1154,149,2.0
1167,149,2.0
1081,149,1.0
3749,150,4.0
2930,150,4.0
1530,150,3.0
646,150,3.0
835,150,3.0
426,150,4.0
804,150,3.0
287,150,3.0
3934,150,3.0
1036,150,5.0
1544,151,5.0
1530,151,4.0
1032,151,1.0
646,151,4.0
2993,151,5.0
4461,151,3.0
426,151,3.0
453,151,4.0
1087,151,4.0
384,151,4.0
2695,151,3.0
2341,151,4.0
1886,151,4.0
287,151,4.0
1498,151,5.0
1067,151,4.0
1522,151,3.0
3934,151,4.0
2662,151,5.0
728,151,4.0
2065,151,3.0
903,151,2.0
2824,151,5.0
4344,152,5.0
3236,152,4.5
1821,152,4.5
1728,152,4.0
4179,152,5.0
4586,152,3.5
3725,152,4.5
4609,152,5.0
4082,152,4.5
1850,152,4.0
3061,152,5.0
2519,152,4.0
663,152,5.0
2155,152,5.0
3946,152,4.5
2619,152,4.0
116,152,2.5
2476,152,3.5
354,152,3.0
1332,152,4.0
2144,152,3.5
1690,152,4.0
866,152,4.0
1568,152,4.0
1259,152,4.5
60,152,2.0
97,152,3.5
412,152,3.5
1509,152,3.0
3418,152,4.0
2561,152,4.0
929,152,4.0
3249,152,3.5
154,152,3.0
2755,152,4.5
1544,153,2.0
300,153,0.5
1567,153,0.5
3236,153,3.0
810,153,3.5
1814,153,2.0
1821,153,2.0
2514,153,2.5
2671,153,0.5
3893,153,3.5
3452,153,2.0
3725,153,3.0
1528,153,2.0
2456,153,4.5
3243,153,2.0
1036,153,0.5
3448,153,1.0
1039,153,0.5
2979,153,4.0
26,153,2.0
353,153,3.0
4340,153,0.5
1815,153,3.0
1154,153,1.0
2533,153,1.0
2111,153,3.0
3700,153,0.5
3027,153,1.0
1783,153,2.5
2742,153,1.0
1122,153,1.0
2519,153,3.0
4085,153,3.5
663,153,0.5
1977,153,4.0
910,153,2.5
214,153,0.5
812,153,1.0
3707,153,4.0
1835,153,4.0
3577,153,4.0
900,153,2.0
876,153,3.0
2630,153,2.5
3712,153,4.5
160,153,0.5
424,153,1.5
329,153,1.0
3744,153,2.0
2102,153,2.0
584,153,4.0
516,153,0.5
1899,153,0.5
2155,153,5.0
146,153,0.5
4749,153,1.0
1551,153,0.5
4022,153,4.5
1560,153,2.5
249,153,0.5
1687,153,4.0
2572,153,0.5
933,153,4.0
3242,153,4.0
688,153,0.5
2181,153,5.0
3338,153,4.0
4385,153,4.5
2476,153,1.0
2669,153,1.5
690,153,0.5
2080,153,3.0
67,153,2.5
349,153,0.5
3343,153,3.5
60,153,0.5
1,153,1.0
412,153,2.5
2733,153,3.0
18,153,0.5
1582,153,3.5
2462,153,5.0
2464,153,5.0
56,153,0.5
2074,153,3.5
288,153,1.0
32,153,0.5
2108,153,4.0
3575,153,4.0
125,153,2.5
1151,153,0.5
2000,153,4.0
96,153,0.5
82,153,0.5
2841,153,2.0
3759,153,4.0
3871,153,1.0
694,153,3.5
2550,153,2.5
3593,153,3.0
20,153,2.5
8,153,0.5
78,153,2.0
2763,153,4.5
2126,153,3.5
810,154,5.0
2971,154,5.0
2979,154,5.0
67,154,5.0
9,154,5.0
348,154,5.0
1,154,5.0
93,154,5.0
80,154,4.0
97,154,5.0
1571,154,5.0
155,154,5.0
261,154,4.0
127,154,3.5
745,154,5.0
96,154,5.0
86,154,5.0
95,154,5.0
791,154,4.0
89,154,5.0
8,154,5.0
183,154,5.0
789,154,5.0
45,154,0.5
1544,155,3.0
300,155,3.0
1698,155,3.0
1361,155,3.0
1362,155,3.0
4273,155,3.0
4274,155,3.0
2406,155,4.0
429,155,3.0
2327,155,3.0
211,155,3.0
1625,155,4.0
150,155,4.0
2021,155,4.0
629,155,4.0
2764,155,3.0
486,155,2.0
3049,155,5.0
234,155,5.0
568,155,4.0
4077,155,3.0
663,155,4.0
3008,155,4.0
344,155,3.0
1055,155,4.0
2747,155,4.0
374,155,4.0
681,155,4.0
275,155,4.0
195,155,5.0
2352,155,3.0
874,155,4.0
540,155,4.0
512,155,4.0
1544,156,4.0
2452,156,4.0
1553,156,3.0
1540,156,5.0
3749,156,4.0
1573,156,4.0
2721,156,1.0
2169,156,4.0
1530,156,2.0
4344,156,4.0
636,156,4.0
4780,156,4.0
2371,156,4.0
3236,156,5.0
2819,156,3.0
2204,156,3.0
810,156,3.0
3702,156,3.0
2545,156,3.5
676,156,3.0
1814,156,2.0
1728,156,4.0
4461,156,4.0
2514,156,2.0
2020,156,3.0
2281,156,3.5
2671,156,4.0
426,156,3.5
4179,156,5.0
966,156,2.5
3893,156,4.0
3603,156,4.0
3514,156,3.0
3940,156,3.5
1067,156,3.0
3706,156,5.0
2307,156,4.0
4611,156,5.0
3990,156,5.0
4336,156,5.0
3819,156,3.0
2970,156,4.5
4502,156,5.0
3892,156,3.5
3452,156,3.0
4016,156,3.0
2220,156,3.0
4678,156,4.0
4079,156,4.0
4147,156,3.0
4307,156,4.0
2971,156,3.0
4586,156,5.0
3725,156,4.0
2608,156,5.0
2553,156,4.0
4082,156,4.0
1528,156,4.0
1850,156,4.0
2173,156,4.5
3181,156,4.0
2331,156,4.5
2347,156,3.0
3745,156,5.0
2662,156,5.0
2288,156,3.5
2832,156,3.0
3993,156,3.0
4056,156,3.5
1008,156,3.5
3451,156,3.0
2458,156,3.5
3680,156,4.0
2812,156,3.5
903,156,2.0
1039,156,3.0
2327,156,3.0
946,156,3.0
2546,156,3.0
1379,156,1.0
1377,156,5.0
4638,156,3.5
2979,156,4.0
1421,156,3.0
26,156,3.0
2825,156,4.0
2540,156,3.0
905,156,3.0
1625,156,3.0
4745,156,2.5
2021,156,4.0
4342,156,3.0
4340,156,3.5
1815,156,4.0
4231,156,4.0
4579,156,5.0
4720,156,3.0
2918,156,4.0
3241,156,3.0
1700,156,3.5
2533,156,3.0
705,156,3.0
2923,156,3.0
4795,156,3.0
486,156,4.0
3027,156,3.5
1783,156,4.0
3220,156,4.0
1026,156,1.0
1360,156,3.0
651,156,4.0
2482,156,3.0
3831,156,3.5
2530,156,3.0
2317,156,3.0
2519,156,4.5
517,156,3.0
3890,156,2.0
3166,156,2.0
2756,156,5.0
3178,156,2.0
1500,156,3.0
344,156,3.5
1335,156,4.0
1055,156,4.5
1430,156,4.5
910,156,4.5
4019,156,4.0
2090,156,3.0
2151,156,4.5
3818,156,4.0
275,156,3.5
1123,156,3.5
766,156,4.0
3463,156,3.5
1835,156,1.5
1793,156,4.0
3577,156,4.5
1366,156,3.0
1853,156,3.5
2344,156,3.0
3732,156,4.5
1016,156,2.5
2042,156,3.0
2335,156,4.5
1759,156,3.5
1035,156,3.5
3185,156,4.0
1898,156,3.0
2362,156,4.0
3198,156,4.5
2310,156,4.5
1569,156,3.5
1541,156,4.5
1691,156,3.5
3524,156,4.5
2106,156,4.0
329,156,4.0
200,156,4.0
3744,156,4.5
2190,156,4.5
2326,156,4.0
4096,156,4.0
1821,157,5.0
1886,157,5.0
3892,157,3.0
3725,157,3.0
2288,157,4.0
1815,157,4.0
920,157,4.0
1360,157,4.0
519,157,2.0
568,157,2.0
830,157,3.0
663,157,5.0
892,157,3.0
1055,157,2.0
3177,157,4.0
2460,157,3.0
896,157,5.0
1253,158,3.0
1939,158,4.0
1616,158,3.5
920,158,5.0
2742,158,3.5
626,158,2.5
619,158,2.5
4077,158,3.0
4474,158,3.0
3244,158,4.0
3508,158,4.0
2564,158,4.0
1607,158,3.0
3297,158,4.5
1544,159,4.5
1530,159,3.0
557,159,3.0
636,159,4.0
3236,159,0.5
810,159,4.0
3702,159,2.5
1545,159,3.0
676,159,3.0
2486,159,2.0
2020,159,4.0
2671,159,4.0
3243,159,2.0
2662,159,4.5
2458,159,4.5
1033,159,3.0
2979,159,5.0
26,159,3.5
905,159,2.5
1815,159,3.0
639,159,3.0
1122,159,3.0
568,159,1.5
2519,159,4.0
663,159,3.0
344,159,4.5
3707,159,0.5
1835,159,2.0
385,159,3.0
1834,159,5.0
900,159,4.0
876,159,2.5
2319,159,2.5
1717,159,3.0
232,159,4.0
3597,159,4.0
1759,159,2.0
704,159,3.0
424,159,4.0
329,159,4.5
1063,159,4.5
2155,159,0.5
566,159,4.0
958,159,2.0
1560,159,4.0
816,159,3.0
1687,159,3.5
1606,159,1.0
3338,159,5.0
58,159,2.0
2669,159,0.5
914,159,4.0
690,159,5.0
1181,159,3.0
67,159,3.0
3343,159,5.0
1,159,4.0
2161,159,4.0
43,159,5.0
1838,159,3.0
1387,159,2.5
1923,159,4.0
3249,159,3.5
56,159,3.5
1104,159,4.5
35,159,3.0
2865,159,5.0
125,159,3.0
2000,159,2.0
694,159,2.0
1175,159,4.5
1544,160,4.0
696,160,1.0
2141,160,1.0
1573,160,5.0
2103,160,3.0
2687,160,1.0
646,160,1.0
557,160,4.0
4344,160,5.0
636,160,5.0
300,160,3.0
821,160,3.0
356,160,3.0
1380,160,1.0
737,160,1.0
3236,160,5.0
1305,160,1.0
1628,160,1.0
810,160,3.0
1545,160,3.0
1718,160,3.0
953,160,1.0
645,160,3.0
676,160,2.0
404,160,0.5
2049,160,1.0
1821,160,5.0
1728,160,5.0
1136,160,3.0
2020,160,3.0
280,160,5.0
1361,160,4.0
1362,160,4.0
4273,160,4.0
4274,160,4.0
4265,160,5.0
1110,160,4.0
426,160,1.0
804,160,4.0
453,160,2.0
384,160,1.0
3893,160,5.0
287,160,1.0
479,160,1.0
978,160,4.0
2970,160,5.0
1910,160,1.0
1924,160,2.0
3572,160,5.0
327,160,5.0
3452,160,4.0
33,160,3.0
3950,160,1.0
1705,160,2.0
3449,160,5.0
2971,160,3.0
707,160,1.0
2193,160,3.5
4297,160,5.0
2608,160,5.0
2406,160,1.0
1528,160,5.0
1850,160,4.0
839,160,2.0
3162,160,2.0
2173,160,3.0
2331,160,2.0
1665,160,4.0
2662,160,2.0
2288,160,5.0
2493,160,3.0
1008,160,3.0
2027,160,3.0
2458,160,4.0
1036,160,2.0
574,160,2.0
1370,160,2.0
1753,160,2.0
1586,160,2.0
2818,160,1.0
2320,160,2.0
1962,160,1.0
429,160,3.0
2812,160,2.0
474,160,4.0
903,160,1.0
2376,160,5.0
241,160,1.0
3079,160,5.0
1061,160,1.0
447,160,1.0
211,160,1.0
443,160,1.0
366,160,1.0
946,160,1.0
380,160,1.0
2546,160,3.0
771,160,5.0
1194,160,2.0
456,160,1.0
1755,160,0.5
802,160,3.0
1354,160,5.0
2821,160,2.0
301,160,1.0
741,160,2.0
1964,160,1.0
246,160,1.0
1765,160,5.0
657,160,3.0
462,160,1.0
3638,160,3.5
433,160,2.0
150,160,1.0
1193,160,1.0
3311,160,1.0
4289,160,1.0
3908,160,3.0
3596,160,1.0
1399,160,4.0
1364,160,4.0
2915,160,4.0
1154,160,4.0
1167,160,4.0
4448,160,5.0
1960,160,2.0
1081,160,1.0
629,160,5.0
1721,160,3.0
1700,160,3.0
549,160,3.0
2533,160,2.0
1451,160,3.0
1138,160,0.5
882,160,5.0
4379,160,4.0
3061,160,3.0
408,160,1.0
397,160,1.0
25,160,2.0
3052,160,5.0
1783,160,1.0
1108,160,1.0
795,160,1.0
2349,160,3.0
1654,160,2.0
1646,160,3.0
3206,160,2.0
2672,160,1.0
279,160,3.0
3905,160,1.0
4182,160,1.0
4199,160,1.0
4018,160,1.0
234,160,2.0
814,160,4.0
871,160,2.0
1298,160,1.0
2436,160,1.0
1537,160,3.0
71,160,1.0
2813,160,2.0
1928,160,1.0
3831,160,4.0
1504,160,5.0
2519,160,5.0
208,160,4.0
2089,160,1.0
663,160,4.5
2637,160,2.0
225,160,4.0
2756,160,5.0
22,160,4.0
1500,160,1.0
344,160,2.0
1335,160,4.5
2587,160,1.0
1051,160,1.0
4104,160,5.0
1183,160,4.0
910,160,4.0
239,160,2.0
1830,160,2.0
2072,160,1.0
2090,160,3.0
2330,160,4.0
275,160,5.0
481,160,4.0
2193,160,4.0
214,160,2.0
1534,160,1.0
1415,160,5.0
4677,160,1.5
2999,160,4.0
540,160,2.5
1123,160,5.0
512,160,1.0
1062,160,0.5
367,160,1.0
3094,160,5.0
1974,160,3.0
2802,160,5.0
812,160,4.5
488,160,1.5
546,160,4.0
2909,160,4.5
478,160,5.0
1007,160,5.0
402,160,3.0
1311,160,1.0
1834,160,4.0
900,160,4.0
475,160,2.0
333,160,1.0
364,160,4.0
4069,160,5.0
335,160,0.5
279,160,0.5
1738,160,4.5
1398,160,2.0
160,160,0.5
276,160,4.5
565,160,4.0
2256,160,3.0
1541,160,5.0
633,160,2.0
2600,160,1.0
94,160,2.0
3307,160,3.0
1544,161,4.0
813,161,4.0
283,161,3.5
1110,161,3.5
4012,161,4.5
3572,161,3.0
327,161,3.0
4231,161,2.5
4448,161,3.5
564,161,5.0
1878,161,3.0
639,161,3.0
2151,161,4.0
1123,161,5.0
2995,161,5.0
2130,161,5.0
1629,161,0.5
893,162,5.0
2452,162,5.0
2930,162,5.0
1530,162,5.0
1994,162,5.0
636,162,4.0
300,162,4.0
536,162,3.0
1893,162,4.0
827,162,3.0
2535,162,5.0
1567,162,4.0
930,162,4.0
3236,162,3.0
2950,162,3.0
810,162,5.0
2486,162,5.0
1821,162,5.0
2035,162,5.0
2020,162,3.0
2281,162,4.0
1361,162,4.0
1362,162,4.0
4273,162,4.0
4274,162,4.0
1498,162,5.0
2285,163,3.0
1039,163,3.0
377,163,3.0
817,163,4.0
388,163,4.0
1379,163,3.0
1377,163,3.0
4638,163,3.0
301,163,3.0
2979,163,4.0
1964,163,3.0
26,163,3.0
246,163,2.0
2540,163,3.0
905,163,4.0
2148,163,2.0
657,163,3.0
828,163,2.0
557,164,5.0
676,164,5.0
280,164,5.0
1361,164,3.0
1362,164,3.0
4273,164,3.0
4274,164,3.0
1705,164,5.0
2971,164,5.0
2517,164,5.0
2406,164,5.0
1008,164,5.0
1036,164,4.0
443,164,3.0
380,164,3.0
2021,164,3.0
1700,164,4.0
1058,164,3.0
814,164,4.0
208,164,3.0
26,164,5.0
2330,164,5.0
275,164,5.0
512,164,3.0
557,165,4.0
1545,165,4.0
3410,165,3.0
676,165,4.0
1361,165,4.0
1362,165,4.0
4273,165,4.0
4274,165,4.0
1008,165,5.0
3451,165,3.0
443,165,3.0
629,165,3.0
397,165,4.0
1051,165,4.0
1996,165,3.0
834,165,3.0
2513,165,4.0
309,165,3.0
389,165,5.0
632,165,4.0
3597,165,3.0
1759,165,4.0
1754,165,3.0
431,165,4.0
276,165,4.0
4639,165,3.0
445,165,3.0
674,165,3.0
4710,165,3.0
565,165,4.0
2833,165,3.0
3185,165,3.0
1301,165,3.0
148,165,3.0
1030,165,3.0
2310,165,4.0
1569,165,3.0
3705,165,3.0
317,165,3.0
3320,165,3.0
884,165,4.0
1541,165,4.0
2124,165,2.0
1969,165,4.0
1544,166,5.0
696,166,4.5
2452,166,4.0
300,166,2.5
3236,166,4.5
678,166,3.5
810,166,4.0
1545,166,3.0
645,166,2.0
1821,166,4.5
1698,166,5.0
1361,166,3.5
1362,166,3.5
4273,166,3.5
4274,166,3.5
2671,166,3.5
426,166,3.0
3893,166,4.0
1705,166,4.0
4307,166,4.0
2971,166,4.0
3725,166,4.0
839,166,4.0
3162,166,4.0
2331,166,4.5
2662,166,4.0
1008,166,4.5
429,166,3.5
1397,166,4.0
2568,166,5.0
2327,166,3.5
211,166,2.5
366,166,3.5
1377,166,4.5
2979,166,4.5
26,166,3.0
905,166,3.5
1815,166,4.0
629,166,4.5
1700,166,4.0
1058,166,4.0
3061,166,5.0
397,166,4.0
1783,166,3.5
234,166,3.5
2519,166,4.0
3890,166,4.0
663,166,4.5
2756,166,4.5
3008,166,3.5
344,166,4.5
1335,166,4.0
239,166,3.5
1830,166,3.5
2072,166,3.0
2151,166,4.0
275,166,3.5
214,166,3.5
512,166,3.5
766,166,3.5
3707,166,4.0
2909,166,4.5
385,166,4.0
1793,166,4.5
3577,166,5.0
900,166,4.5
1065,166,4.0
3712,166,4.0
232,166,4.0
389,166,4.5
1398,166,4.0
865,166,3.5
160,166,4.5
231,166,3.0
276,166,4.0
445,166,4.0
1898,166,4.5
884,166,4.0
329,166,4.5
3244,166,4.5
166,166,3.0
3744,166,5.0
829,166,4.5
1063,166,4.5
2155,166,5.0
729,166,4.0
831,166,4.5
566,166,4.0
4749,166,3.5
31,166,5.0
4022,166,5.0
715,166,5.0
3639,166,4.0
2400,166,4.0
1179,166,5.0
3079,166,5.0
230,166,4.0
120,166,5.0
243,166,3.5
3351,166,4.0
25,166,3.5
933,166,4.5
34,166,4.5
11,166,5.0
3242,166,4.0
1606,166,4.5
511,166,4.5
278,166,5.0
298,166,4.0
2474,166,3.5
688,166,4.0
742,166,4.5
114,166,4.5
1021,166,4.5
1072,166,3.5
1544,167,3.5
2721,167,2.0
3833,167,2.5
2993,167,4.0
557,167,3.5
636,167,4.0
3447,167,4.0
4780,167,5.0
3236,167,3.0
1939,167,3.0
810,167,3.0
676,167,3.5
1728,167,3.5
2514,167,1.0
1698,167,3.0
1361,167,3.0
1362,167,3.0
4273,167,3.0
4274,167,3.0
4265,167,3.0
4179,167,2.0
3893,167,4.5
2970,167,1.0
3934,167,4.5
4586,167,4.0
2406,167,1.5
839,167,2.0
3162,167,2.0
2948,167,5.0
2662,167,3.0
3993,167,4.0
1008,167,4.5
2458,167,3.0
3448,167,0.5
2568,167,3.5
4638,167,4.0
2982,167,3.5
1765,167,4.5
150,167,1.0
629,167,3.5
2533,167,3.0
2842,167,4.5
2461,167,1.5
2672,167,2.5
3049,167,5.0
3831,167,4.0
2317,167,3.0
2519,167,3.0
3008,167,5.0
1500,167,4.0
344,167,3.0
1055,167,3.5
3703,167,2.5
910,167,3.5
3889,167,3.0
3455,167,4.0
4003,167,3.5
1123,167,5.0
512,167,5.0
2909,167,5.0
385,167,3.0
900,167,4.5
309,167,3.0
2319,167,0.5
2926,167,3.0
3623,167,4.0
3712,167,3.0
232,167,4.5
389,167,4.5
2130,167,3.0
2030,167,4.5
632,167,4.0
160,167,4.0
445,167,3.5
277,167,4.5
1541,167,3.5
329,167,3.5
200,167,4.5
2032,167,3.5
2102,167,2.0
584,167,4.5
1081,167,5.0
566,167,4.0
192,167,4.5
4582,167,4.0
31,167,4.0
3601,167,4.5
248,167,0.5
118,167,2.5
816,167,3.5
230,167,2.0
120,167,5.0
1296,167,5.0
1137,167,1.0
115,167,4.5
1112,167,2.5
933,167,4.5
567,167,3.5
13,167,3.5
4344,168,4.5
1380,168,0.5
3236,168,4.5
810,168,4.0
1110,168,4.5
4179,168,5.0
4336,168,4.5
3892,168,4.5
4307,168,5.0
3725,168,4.5
4609,168,5.0
4082,168,5.0
1528,168,5.0
1850,168,5.0
2173,168,4.0
2331,168,4.5
3451,168,4.5
2320,168,2.0
1962,168,2.0
1377,168,4.5
2825,168,4.5
2519,168,5.0
1014,168,4.5
2756,168,4.5
2670,168,3.0
4474,168,4.5
4244,168,4.0
3606,168,4.5
4099,168,5.0
2410,168,5.0
2400,168,4.0
1832,168,4.5
2619,168,4.0
572,168,5.0
1544,169,4.5
1573,169,4.0
2721,169,3.5
813,169,3.5
1530,169,5.0
2993,169,5.0
636,169,4.5
76,169,3.5
2819,169,3.5
810,169,4.5
1545,169,4.5
676,169,4.0
1814,169,5.0
1821,169,5.0
2514,169,5.0
1698,169,5.0
4265,169,4.5
2671,169,4.0
1303,169,4.5
1087,169,4.0
384,169,4.0
1067,169,4.5
4012,169,5.0
2407,169,5.0
3892,169,5.0
327,169,4.0
3452,169,5.0
3017,169,3.5
4016,169,4.5
3934,169,5.0
2971,169,4.0
4586,169,5.0
2456,169,5.0
2662,169,4.0
2288,169,4.0
4056,169,4.0
2458,169,4.0
1616,169,3.5
3448,169,4.5
903,169,5.0
2285,169,4.0
840,169,4.0
2134,169,4.0
2327,169,4.0
1033,169,4.5
2982,169,4.0
26,169,5.0
2021,169,4.0
3454,169,5.0
1815,169,4.5
3311,169,4.5
1154,169,4.5
1167,169,4.5
629,169,5.0
3049,169,5.0
234,169,4.0
1360,169,5.0
2813,169,5.0
568,169,4.5
3831,169,4.5
2530,169,4.5
3342,169,5.0
2018,169,4.0
344,169,4.5
466,169,4.0
1335,169,5.0
892,169,3.0
910,169,4.5
3889,169,4.0
2730,169,4.0
1115,169,4.5
1688,169,5.0
3455,169,4.5
2353,169,5.0
834,169,3.5
1968,169,4.0
2983,169,3.5
3463,169,4.5
1548,169,5.0
812,169,5.0
3580,169,5.0
631,169,4.5
385,169,4.5
1045,169,4.0
652,169,4.5
2735,169,4.5
1834,169,4.0
900,169,5.0
876,169,5.0
111,169,4.5
3848,169,4.5
1034,169,4.5
1543,169,4.5
1016,169,4.0
3152,169,4.0
1717,169,4.0
3165,169,5.0
1028,169,3.5
2356,169,4.0
232,169,5.0
1182,169,4.0
2350,169,5.0
1190,169,3.5
389,169,4.5
576,169,4.0
1018,169,4.0
2030,169,4.5
1340,169,3.5
2417,169,4.0
632,169,4.0
4225,169,4.0
3597,169,4.5
160,169,4.0
1759,169,4.5
231,169,4.5
1754,169,4.0
431,169,4.5
276,169,4.0
445,169,4.5
3808,169,4.0
674,169,4.5
565,169,4.0
1301,169,4.0
3561,169,4.5
277,169,4.5
2792,169,4.5
1030,169,2.5
2109,169,4.0
823,169,4.0
1569,169,4.0
704,169,4.0
884,169,5.0
1541,169,5.0
911,169,4.5
934,169,3.5
1969,169,4.5
3524,169,4.0
1868,169,4.0
4227,169,5.0
424,169,4.5
329,169,5.0
94,169,3.0
200,169,4.5
1079,169,3.5
383,169,5.0
2421,169,3.0
1704,169,3.0
3744,169,4.5
2334,169,4.0
829,169,3.0
1497,169,5.0
1785,169,3.5
4577,169,5.0
584,169,4.0
439,169,3.5
1124,169,3.0
1899,169,4.0
566,169,5.0
1849,169,5.0
267,169,2.5
696,170,3.0
1573,170,5.0
813,170,4.0
646,170,3.0
557,170,4.0
636,170,3.0
300,170,3.0
824,170,4.0
536,170,4.0
76,170,4.0
1567,170,4.0
930,170,3.0
3236,170,2.0
2819,170,3.0
810,170,4.0
1545,170,4.0
953,170,3.0
676,170,3.0
1814,170,4.0
1839,170,4.0
2514,170,3.0
2020,170,4.0
1698,170,3.0
2281,170,4.0
1361,170,3.0
1362,170,3.0
4273,170,3.0
4274,170,3.0
4265,170,3.0
2671,170,4.0
384,170,3.0
1544,171,5.0
3749,171,5.0
2930,171,4.0
2643,171,5.0
4344,171,5.0
3353,171,5.0
2371,171,4.0
3236,171,5.0
283,171,5.0
404,171,5.0
1814,171,4.0
1728,171,5.0
2793,171,5.0
1361,171,5.0
1362,171,5.0
4273,171,5.0
4274,171,5.0
1110,171,5.0
426,171,3.0
2695,171,4.0
3603,171,5.0
2751,171,5.0
1498,171,4.0
2307,171,4.0
4278,171,5.0
3934,171,5.0
4307,171,5.0
4586,171,5.0
3725,171,5.0
1528,171,5.0
839,171,5.0
3162,171,5.0
2331,171,4.0
2456,171,5.0
3243,171,5.0
2662,171,3.0
2288,171,5.0
1008,171,5.0
3451,171,4.0
474,171,5.0
1821,172,4.5
2281,172,3.5
2948,172,3.5
2288,172,4.0
2832,172,3.0
2412,172,3.0
1399,172,3.5
830,172,4.0
1014,172,3.5
1500,172,5.0
275,172,4.0
512,172,3.5
831,172,4.0
696,173,3.0
2452,173,4.0
557,173,3.0
636,173,4.0
300,173,3.0
3236,173,1.0
1305,173,4.0
810,173,5.0
3702,173,5.0
1545,173,3.0
676,173,4.0
1814,173,4.0
1821,173,5.0
2514,173,3.0
2020,173,3.0
1698,173,3.0
280,173,3.0
1361,173,3.0
1362,173,3.0
4273,173,3.0
4274,173,3.0
2671,173,3.0
696,174,3.0
1573,174,4.0
2721,174,4.0
1530,174,1.0
636,174,5.0
300,174,3.0
821,174,3.0
921,174,3.0
824,174,3.0
356,174,3.0
1380,174,2.0
1893,174,3.0
827,174,3.0
930,174,4.0
3236,174,3.0
1305,174,3.0
2950,174,4.0
2819,174,5.0
678,174,4.0
810,174,3.0
283,174,3.0
953,174,2.0
676,174,5.0
404,174,3.0
2486,174,3.0
1821,174,3.0
1839,174,5.0
2020,174,5.0
1698,174,4.0
280,174,4.0
2281,174,4.0
1361,174,5.0
1362,174,5.0
4273,174,5.0
4274,174,5.0
2671,174,4.0
426,174,5.0
384,174,5.0
2489,175,0.5
2353,175,5.0
1968,175,5.0
1228,175,4.5
4339,175,0.5
1658,175,5.0
3245,175,3.5
963,175,3.5
2609,175,5.0
1889,175,5.0
4101,175,3.5
2537,175,0.5
1617,175,5.0
1254,175,4.0
2823,175,5.0
1563,175,4.0
2398,175,4.0
696,176,5.0
2721,176,3.0
557,176,5.0
636,176,4.0
300,176,3.0
824,176,4.0
356,176,4.0
536,176,5.0
930,176,3.0
3236,176,3.0
1305,176,5.0
2819,176,2.0
678,176,4.0
1545,176,4.0
283,176,5.0
677,176,4.0
645,176,4.0
404,176,3.0
1839,176,5.0
1698,176,3.0
280,176,5.0
2281,176,4.0
1361,176,3.0
1362,176,3.0
4273,176,3.0
4274,176,3.0
1544,177,5.0
893,177,3.0
1553,177,2.0
2721,177,4.0
813,177,3.0
2993,177,2.5
636,177,4.0
300,177,3.0
821,177,3.0
824,177,3.5
4780,177,2.5
2371,177,3.0
4487,177,3.0
3635,177,3.0
3236,177,5.0
2950,177,2.5
2819,177,4.0
810,177,5.0
1545,177,3.0
283,177,3.0
676,177,3.5
1814,177,5.0
2486,177,3.5
1821,177,4.5
1136,177,1.0
2514,177,3.0
2020,177,3.5
1698,177,4.0
1361,177,3.0
1362,177,3.0
4273,177,3.0
4274,177,3.0
4265,177,4.0
1110,177,3.0
2671,177,4.5
426,177,4.0
804,177,2.5
453,177,3.0
384,177,4.0
4179,177,4.0
4012,177,5.0
4611,177,4.0
3990,177,5.0
4336,177,5.0
2407,177,4.0
3819,177,3.5
2970,177,1.5
4288,177,5.0
3892,177,4.5
4222,177,4.0
3904,177,5.0
327,177,5.0
902,177,3.0
3452,177,4.0
3017,177,2.0
33,177,3.5
1705,177,4.0
3934,177,5.0
4307,177,4.0
2971,177,3.0
4586,177,4.5
3725,177,4.0
4609,177,4.5
4082,177,5.0
1850,177,4.0
839,177,2.5
3162,177,2.5
2173,177,5.0
2331,177,3.0
1665,177,4.0
2662,177,4.0
2288,177,5.0
3300,177,2.0
2493,177,1.5
4056,177,4.0
4486,177,4.0
1008,177,3.0
2458,177,3.5
1616,177,3.0
574,177,3.5
429,177,3.0
3448,177,3.5
2812,177,3.0
903,177,3.0
2285,177,4.0
2376,177,5.0
1061,177,2.0
2327,177,3.0
447,177,2.0
305,177,4.0
443,177,3.5
817,177,3.0
2408,177,2.5
1354,177,3.0
875,177,3.0
1213,177,3.5
2979,177,5.0
26,177,5.0
828,177,3.0
353,177,3.0
2021,177,1.0
4439,177,5.0
3454,177,2.0
1815,177,5.0
3311,177,4.5
1399,177,4.0
2641,177,3.0
1154,177,4.0
1167,177,3.0
4448,177,3.0
1960,177,3.0
1700,177,3.0
1787,177,5.0
3883,177,4.0
2533,177,4.0
2111,177,2.0
2923,177,3.0
744,177,4.5
1971,177,2.0
397,177,3.0
25,177,3.0
486,177,2.5
2173,177,0.5
1783,177,5.0
639,177,3.0
3049,177,3.0
2931,177,3.0
2742,177,4.5
234,177,2.0
1169,177,2.5
1122,177,3.5
1360,177,1.0
1542,177,2.5
71,177,2.0
2813,177,2.5
519,177,2.0
719,177,2.0
568,177,3.5
863,177,3.0
1612,177,4.0
3831,177,3.0
2317,177,5.0
1227,177,3.0
2519,177,4.0
663,177,4.0
2756,177,3.0
22,177,4.0
3008,177,4.0
1500,177,1.0
2670,177,3.5
344,177,3.5
269,177,3.0
466,177,2.5
1055,177,2.0
1977,177,3.0
3348,177,3.0
1183,177,3.0
910,177,4.0
573,177,5.0
1115,177,4.0
3261,177,4.0
2552,177,3.5
195,177,2.5
214,177,3.5
834,177,3.0
1789,177,1.5
512,177,4.5
347,177,3.5
644,177,3.0
2983,177,3.0
766,177,3.0
3273,177,1.0
1548,177,3.5
812,177,4.0
1228,177,5.0
351,177,3.0
1565,177,2.5
394,177,2.5
2674,177,3.0
1835,177,3.0
631,177,3.0
385,177,3.0
1045,177,3.5
1793,177,3.0
2513,177,3.5
1243,177,3.0
1366,177,2.5
1834,177,3.5
900,177,4.0
876,177,4.0
359,177,4.0
556,177,2.0
702,177,2.0
1056,177,2.5
2319,177,4.0
2521,177,2.0
2995,177,2.5
605,177,1.5
1717,177,3.5
232,177,5.0
389,177,4.0
1018,177,4.0
1499,177,0.5
1195,177,3.5
2641,177,3.5
632,177,3.0
1797,177,2.0
1012,177,3.5
969,177,3.0
716,177,2.0
160,177,3.5
231,177,2.5
1310,177,4.5
415,177,2.5
431,177,4.0
276,177,5.0
908,177,3.0
674,177,1.0
565,177,4.0
1304,177,2.5
1301,177,4.0
277,177,5.0
823,177,4.0
317,177,3.5
704,177,4.0
884,177,4.5
1541,177,4.0
911,177,4.5
934,177,3.0
2093,177,2.5
2106,177,3.5
700,177,2.5
424,177,3.0
329,177,4.0
3734,177,3.0
2875,177,0.5
220,177,2.5
1836,177,3.0
200,177,5.0
1157,177,1.0
1781,177,3.0
575,177,3.5
1851,177,2.0
3744,177,4.0
1603,177,3.5
2334,177,3.0
2102,177,3.5
1559,177,4.0
757,177,2.5
829,177,3.5
1386,177,4.0
1044,177,2.5
1497,177,3.0
1063,177,5.0
172,177,0.5
1212,177,3.5
2326,177,0.5
1785,177,3.0
2535,177,3.5
4577,177,3.5
439,177,3.0
649,177,3.0
733,177,2.0
1124,177,4.0
1709,177,3.0
516,177,4.0
2155,177,4.0
1419,177,4.0
1824,177,2.0
1426,177,4.0
831,177,3.0
1581,177,3.0
725,177,3.0
2333,177,5.0
566,177,4.0
192,177,3.5
4582,177,2.0
4749,177,4.5
31,177,3.0
304,177,1.5
715,177,4.0
1078,177,3.0
526,177,3.0
1264,177,2.0
958,177,3.5
1845,177,4.0
292,177,4.0
248,177,3.5
3296,177,3.5
3946,177,4.0
533,177,3.0
1560,177,5.0
2400,177,4.0
118,177,2.5
689,177,3.0
816,177,2.5
746,177,2.5
3079,177,4.0
230,177,3.0
1052,177,3.0
510,177,3.5
249,177,3.0
120,177,4.0
186,177,3.0
243,177,2.5
1396,177,2.5
1791,177,4.0
1137,177,2.5
826,177,2.5
1597,177,2.5
2720,177,3.0
1727,177,4.0
115,177,3.5
1687,177,5.0
1237,177,2.5
2572,177,4.0
25,177,2.5
405,177,3.5
156,177,2.5
1852,177,4.0
1084,177,3.0
933,177,5.0
1873,177,5.0
3315,177,4.0
919,177,5.0
1165,177,1.5
948,177,1.0
140,177,3.5
430,177,2.5
34,177,4.0
567,177,3.0
417,177,2.5
13,177,3.0
1629,177,2.5
1254,177,3.5
3242,177,4.5
534,177,3.0
1487,177,0.5
555,177,2.5
244,177,4.0
648,177,3.0
2532,177,4.0
2131,177,2.0
298,177,4.0
293,177,1.0
4220,177,4.0
119,177,4.0
1218,177,3.0
688,177,2.0
2121,177,3.5
686,177,2.0
881,177,2.5
1282,177,2.5
1874,177,3.0
6,177,1.0
1747,177,3.5
107,177,2.5
2,177,4.5
399,177,3.0
74,177,3.0
114,177,5.0
1082,177,3.0
1722,177,3.0
1593,177,3.5
2064,177,2.5
282,177,4.0
1877,177,4.0
392,177,4.0
811,177,2.0
3338,177,4.5
525,177,4.5
1591,177,5.0
1563,177,3.5
420,177,3.0
3349,177,3.5
1373,177,4.0
1575,177,2.0
1577,177,4.0
69,177,3.5
1818,177,3.5
182,177,4.0
116,177,4.0
438,177,3.0
887,177,3.5
2476,177,3.0
1332,177,3.0
850,177,4.0
2669,177,2.5
193,177,2.0
131,177,2.5
2144,177,4.0
1339,177,3.0
2138,177,3.5
1816,177,3.0
1690,177,3.5
866,177,4.5
361,177,4.0
1083,177,3.5
690,177,4.0
1579,177,3.5
723,177,4.0
3609,177,4.0
3143,177,2.0
1186,177,3.0
572,177,3.5
122,177,4.0
67,177,4.0
281,177,3.5
3343,177,3.5
9,177,5.0
2123,177,2.5
1557,177,2.5
1170,177,4.5
77,177,3.0
348,177,3.0
1991,177,5.0
1568,177,3.5
60,177,3.0
750,177,4.0
1,177,2.5
398,177,4.0
357,177,4.5
3215,177,4.0
2160,177,2.5
888,177,3.0
440,177,5.0
33,177,3.0
313,177,3.5
93,177,5.0
1723,177,3.0
820,177,2.5
80,177,3.5
4609,177,5.0
43,177,5.0
4098,177,3.0
615,177,4.0
97,177,5.0
228,177,3.5
412,177,5.0
3267,177,5.0
642,177,1.5
197,177,4.5
2733,177,3.5
7,177,5.0
1368,177,4.0
1838,177,3.5
179,177,2.5
130,177,4.0
1502,177,4.0
18,177,3.5
1582,177,4.0
102,177,4.0
42,177,2.5
1367,177,3.0
2561,177,2.0
170,177,4.0
926,177,4.0
1387,177,4.0
721,177,4.0
929,177,4.0
2083,177,1.5
2462,177,5.0
188,177,3.0
70,177,4.0
427,177,4.5
206,177,4.0
154,177,3.5
134,177,3.0
56,177,4.0
4181,177,2.5
2425,177,5.0
1571,177,3.0
1104,177,5.0
2725,177,4.0
90,177,4.0
2074,177,4.5
217,177,4.5
634,177,4.5
885,177,3.5
1570,177,4.0
718,177,3.5
288,177,3.5
1621,177,3.5
229,177,2.0
35,177,5.0
240,177,3.0
819,177,5.0
2108,177,4.0
261,177,3.0
127,177,3.5
3575,177,5.0
184,177,4.0
125,177,5.0
1151,177,2.0
1389,177,4.0
401,177,4.0
39,177,4.0
1155,177,2.0
47,177,3.5
75,177,4.0
2841,177,5.0
161,177,4.5
3759,177,2.5
694,177,4.0
95,177,5.0
791,177,4.5
89,177,5.0
2525,177,4.0
201,177,5.0
2550,177,3.0
3593,177,3.5
3701,177,3.0
1544,178,4.0
696,178,4.0
3749,178,4.5
557,178,4.0
824,178,4.5
76,178,4.0
3236,178,4.5
678,178,4.0
810,178,4.5
3702,178,5.0
1545,178,3.5
283,178,4.0
676,178,3.0
1821,178,4.5
280,178,4.0
2281,178,4.5
384,178,3.0
3725,178,5.0
1850,178,4.0
2662,178,4.5
2288,178,4.5
3470,178,3.5
657,178,4.5
1625,178,4.5
629,178,5.0
2842,178,4.5
3061,178,5.0
1504,178,3.5
2519,178,5.0
663,178,4.5
3577,178,4.5
1543,178,2.5
2042,178,4.0
2599,178,1.5
3244,178,4.5
200,178,2.5
2102,178,2.0
2155,178,4.5
4749,178,3.5
3601,178,4.0
2400,178,4.5
2628,178,5.0
2720,178,3.0
933,178,4.5
3315,178,5.0
1544,179,4.0
3772,179,4.0
1553,179,3.0
1573,179,5.0
646,179,3.0
2993,179,4.0
557,179,5.0
636,179,4.0
300,179,3.0
824,179,5.0
356,179,4.0
76,179,3.0
827,179,5.0
930,179,4.0
3236,179,4.0
1305,179,3.0
2819,179,3.0
678,179,4.0
810,179,5.0
1545,179,5.0
283,179,4.0
953,179,3.0
645,179,4.0
676,179,4.0
835,179,4.0
1814,179,4.0
280,179,5.0
2281,179,4.0
1361,179,3.0
1362,179,3.0
4273,179,3.0
4274,179,3.0
1303,179,3.0
426,179,3.0
384,179,5.0
2341,179,3.0
966,179,3.0
287,179,4.0
1107,179,4.0
1886,180,2.0
4586,180,4.0
1850,180,4.5
1665,180,3.5
1765,180,3.5
1081,180,3.5
871,180,3.5
619,180,3.0
663,180,4.5
3703,180,3.0
3455,180,4.0
696,181,2.0
893,181,3.0
1540,181,2.0
2141,181,3.0
3749,181,1.0
1573,181,5.0
2721,181,3.0
2169,181,3.0
2153,181,4.0
1530,181,4.0
1319,181,4.0
1252,181,3.0
557,181,3.0
1125,181,3.0
995,181,3.0
1994,181,2.0
1729,181,3.0
824,181,4.0
3353,181,2.0
356,181,3.0
536,181,3.0
1283,181,3.0
1380,181,2.0
827,181,4.0
983,181,3.0
3236,181,2.0
1628,181,2.0
2819,181,3.0
678,181,4.0
810,181,5.0
3702,181,1.0
1545,181,3.0
283,181,2.0
585,181,3.0
677,181,1.0
953,181,3.0
2545,181,3.0
676,181,5.0
404,181,3.0
835,181,3.0
1814,181,3.0
1246,181,2.0
2049,181,2.0
1839,181,2.0
2020,181,5.0
1698,181,4.0
2281,181,3.0
1361,181,2.0
1362,181,2.0
4273,181,2.0
4274,181,2.0
1110,181,3.0
2671,181,4.0
3934,181,3.0
1544,182,4.0
696,182,3.5
1093,182,4.0
893,182,5.0
2452,182,4.0
3772,182,5.0
1540,182,2.5
970,182,3.5
3749,182,4.5
2930,182,4.5
3156,182,4.5
2103,182,1.5
2169,182,3.0
3833,182,3.0
2184,182,4.5
2643,182,3.5
1252,182,3.0
2993,182,3.0
557,182,3.5
4344,182,4.5
636,182,2.5
300,182,3.5
824,182,3.0
3353,182,3.5
356,182,3.0
1283,182,2.5
3447,182,3.0
4023,182,4.0
4780,182,4.5
1893,182,3.0
2371,182,4.5
3635,182,4.5
3236,182,5.0
2950,182,4.0
2204,182,4.0
810,182,5.0
1545,182,2.5
283,182,3.0
3410,182,4.0
676,182,3.5
4236,182,4.0
3834,182,3.5
3254,182,4.5
1821,182,4.0
1728,182,4.0
2793,182,3.5
2514,182,3.5
280,182,2.0
2281,182,4.5
1361,182,3.5
1362,182,3.5
4273,182,3.5
4274,182,3.5
2671,182,3.5
3154,182,3.0
426,182,4.0
804,182,2.5
4179,182,5.0
3893,182,4.5
1886,182,3.5
479,182,2.0
978,182,1.5
3706,182,4.0
4012,182,5.0
4336,182,5.0
2970,182,5.0
3904,182,4.0
1705,182,4.0
4678,182,2.5
1107,182,4.0
3934,182,4.0
4307,182,5.0
3449,182,5.0
2795,182,4.0
2971,182,2.0
2517,182,3.5
3464,182,2.5
4586,182,4.0
4297,182,4.0
3725,182,4.0
2608,182,5.0
2406,182,4.5
2553,182,4.0
4082,182,4.5
1528,182,5.0
1850,182,5.0
839,182,4.5
3162,182,4.5
2948,182,4.5
2173,182,3.0
3181,182,5.0
2331,182,4.5
1666,182,5.0
2347,182,4.5
1665,182,4.5
2456,182,4.5
2662,182,4.5
2288,182,3.0
3300,182,5.0
2493,182,3.5
358,182,3.5
1008,182,3.5
3451,182,3.5
1372,182,4.0
3533,182,4.0
3680,182,4.0
574,182,3.5
429,182,4.0
474,182,4.0
903,182,3.5
2285,182,3.5
2376,182,5.0
3776,182,4.0
1397,182,4.5
1460,182,4.0
3079,182,3.5
2568,182,2.0
2327,182,2.0
447,182,3.0
305,182,1.0
443,182,3.5
366,182,0.5
771,182,4.0
1194,182,3.5
456,182,4.0
388,182,2.5
4021,182,4.0
1377,182,3.5
593,182,3.0
2408,182,3.5
802,182,4.5
1354,182,3.5
2575,182,4.5
301,182,4.5
741,182,4.0
2979,182,4.0
246,182,3.5
2825,182,4.0
1741,182,4.0
2540,182,3.5
1765,182,4.5
3259,182,2.0
550,182,3.5
905,182,4.5
2148,182,4.0
462,182,3.5
763,182,3.5
828,182,3.0
1625,182,4.0
2313,182,4.0
1023,182,4.0
150,182,0.5
165,182,2.0
1193,182,3.5
4745,182,4.5
2021,182,3.0
2376,182,4.0
3829,182,4.0
1815,182,4.0
1399,182,2.5
2641,182,5.0
1167,182,3.0
1081,182,4.5
863,182,3.5
629,182,3.0
4720,182,2.0
2918,182,4.0
1700,182,4.0
549,182,3.5
564,182,1.5
1912,182,2.5
1058,182,4.0
2533,182,3.5
2842,182,3.0
4646,182,4.5
841,182,2.5
2111,182,2.5
705,182,4.0
2923,182,4.0
3943,182,4.5
3061,182,4.5
1878,182,4.5
408,182,3.5
397,182,3.0
3052,182,4.0
3027,182,3.5
1783,182,4.5
2461,182,3.5
2985,182,2.5
920,182,3.5
1417,182,4.0
3049,182,4.5
1222,182,3.5
3354,182,2.5
279,182,4.5
3905,182,1.5
1561,182,2.5
2931,182,4.5
781,182,3.5
2742,182,4.0
3429,182,4.0
1492,182,3.0
3220,182,3.5
2087,182,4.5
626,182,3.5
2629,182,3.0
234,182,1.5
1122,182,3.5
1360,182,4.0
1542,182,2.5
71,182,2.5
2813,182,2.0
651,182,4.5
1760,182,0.5
519,182,0.5
719,182,0.5
619,182,4.5
2940,182,5.0
830,182,2.5
1227,182,3.0
1504,182,2.0
2845,182,4.0
2519,182,5.0
1341,182,2.0
1014,182,3.5
208,182,3.0
3890,182,4.0
4077,182,4.0
4346,182,4.0
663,182,5.0
2829,182,4.0
410,182,4.5
1519,182,4.0
2217,182,3.0
225,182,2.5
1716,182,4.0
3347,182,4.0
3166,182,4.0
2289,182,1.5
2756,182,5.0
2018,182,4.0
3008,182,2.5
297,182,1.0
344,182,4.0
1464,182,4.5
1335,182,5.0
892,182,4.0
1055,182,4.0
1352,182,4.0
1977,182,1.5
3703,182,4.0
2095,182,4.0
3177,182,2.5
1998,182,3.5
1348,182,2.0
1430,182,4.0
1001,182,2.5
4104,182,5.0
374,182,0.5
4474,182,3.0
1996,182,4.0
239,182,3.0
2730,182,4.5
1840,182,3.5
4244,182,4.5
2151,182,4.5
1538,182,2.5
2330,182,1.5
3261,182,4.5
1688,182,3.0
681,182,2.5
275,182,3.5
2376,182,3.5
2460,182,2.0
2352,182,3.5
214,182,2.5
834,182,3.0
3255,182,3.0
1483,182,0.5
4003,182,3.0
4677,182,3.5
874,182,4.0
1921,182,4.0
874,182,3.5
540,182,2.5
4025,182,4.0
1123,182,4.5
896,182,3.0
512,182,2.5
4081,182,4.0
1062,182,3.0
367,182,2.5
644,182,2.5
3094,182,4.0
2983,182,2.0
766,182,4.0
2490,182,3.5
2802,182,5.0
3463,182,4.0
1548,182,3.0
1256,182,2.5
1256,182,2.5
812,182,1.5
3707,182,4.0
3580,182,4.5
1019,182,4.0
1228,182,4.0
351,182,4.0
472,182,3.5
488,182,2.0
3340,182,4.0
2724,182,3.5
546,182,1.5
661,182,2.5
2451,182,4.0
2674,182,4.0
2909,182,4.5
1835,182,5.0
2738,182,1.5
3476,182,5.0
631,182,3.5
1114,182,3.0
385,182,2.5
1045,182,2.5
1793,182,4.5
1007,182,3.5
1925,182,4.5
1664,182,3.5
2735,182,4.0
1572,182,2.0
684,182,2.5
1135,182,2.0
402,182,2.0
3577,182,4.5
1999,182,3.5
1584,182,4.0
1834,182,3.5
2472,182,2.5
1853,182,4.0
1441,182,2.0
1313,182,2.0
900,182,4.0
876,182,4.0
111,182,2.0
475,182,2.0
469,182,2.5
2344,182,5.0
2516,182,4.0
333,182,1.5
364,182,3.0
3732,182,3.5
3710,182,4.5
169,182,3.0
3627,182,3.0
2995,182,3.5
2603,182,4.5
335,182,2.0
2892,182,3.0
3536,182,4.0
3488,182,4.5
279,182,3.0
3623,182,3.5
1802,182,3.5
807,182,3.5
1016,182,1.5
2042,182,1.5
1738,182,0.5
1099,182,2.5
1054,182,3.0
1536,182,3.0
1719,182,3.5
1717,182,3.0
2630,182,5.0
1065,182,2.5
1017,182,4.5
3712,182,4.5
3110,182,3.0
232,182,4.5
1422,182,3.5
3492,182,3.0
373,182,3.0
4120,182,3.5
1418,182,4.0
389,182,4.0
576,182,3.0
2130,182,3.0
321,182,2.0
2335,182,3.5
2030,182,4.0
3747,182,4.5
1274,182,3.5
600,182,4.0
1340,182,1.5
4299,182,4.0
632,182,3.5
1398,182,2.0
865,182,2.0
998,182,3.0
1012,182,2.5
3460,182,3.0
1060,182,2.5
969,182,2.5
716,182,0.5
2699,182,0.5
3066,182,3.0
160,182,3.0
1759,182,3.5
231,182,3.0
1035,182,3.0
237,182,3.5
276,182,3.0
747,182,0.5
445,182,4.0
674,182,1.5
565,182,2.0
569,182,3.5
602,182,3.5
2833,182,3.5
3185,182,4.0
603,182,2.0
3773,182,2.5
2511,182,3.5
4572,182,4.0
2479,182,4.0
3897,182,4.0
1898,182,4.0
3382,182,3.0
2839,182,4.5
1461,182,3.0
1143,182,4.0
2722,182,3.5
277,182,3.5
148,182,3.5
2792,182,4.0
1030,182,4.0
2310,182,4.5
2256,182,4.0
2109,182,2.0
823,182,2.5
1569,182,3.5
3705,182,4.0
317,182,4.0
3320,182,3.5
1541,182,4.0
2124,182,3.0
1691,182,3.0
2714,182,4.0
1792,182,2.5
1969,182,3.0
3786,182,3.5
2928,182,2.5
895,182,1.5
1714,182,3.5
2268,182,3.5
4382,182,2.5
424,182,2.0
3734,182,3.0
166,182,2.0
94,182,0.5
200,182,2.5
3056,182,4.5
370,182,0.5
4093,182,4.0
1851,182,0.5
3744,182,4.5
2032,182,2.5
3515,182,4.5
3424,182,3.0
2102,182,4.0
1559,182,3.5
757,182,3.0
829,182,4.0
4617,182,4.0
3491,182,3.5
172,182,3.5
2190,182,3.5
4786,182,3.5
2820,182,3.5
1854,182,4.0
584,182,4.0
2746,182,4.0
3444,182,3.0
2155,182,4.5
831,182,4.5
1657,182,2.5
1245,182,4.0
566,182,3.0
4022,182,4.5
2410,182,4.5
248,182,3.0
2400,182,4.0
442,182,2.5
1179,182,4.5
230,182,2.0
120,182,3.5
186,182,2.0
933,182,4.0
919,182,3.0
3942,182,3.0
557,183,5.0
1545,183,5.0
283,183,4.0
676,183,4.0
280,183,5.0
1361,183,3.0
1362,183,3.0
4273,183,3.0
4274,183,3.0
1705,183,4.0
2406,183,5.0
839,183,4.0
3162,183,4.0
1665,183,4.0
358,183,5.0
3451,183,4.0
574,183,5.0
2812,183,5.0
629,183,5.0
2438,183,3.0
279,183,4.0
3890,183,4.0
4346,183,3.0
3166,183,4.0
1051,183,3.0
2330,183,4.0
1637,183,3.0
512,183,2.0
2513,183,4.0
512,184,3.5
3577,184,5.0
1035,184,3.5
1143,184,3.0
277,184,2.5
120,184,4.0
3351,184,3.0
2826,184,3.0
69,184,4.0
80,184,3.0
97,184,4.5
130,184,3.0
836,184,2.0
170,184,4.0
1104,184,4.5
1503,184,3.5
32,184,4.0
15,184,3.0
610,184,4.0
127,184,2.5
2000,184,4.5
745,184,5.0
96,184,5.0
931,184,4.0
2729,184,1.5
86,184,4.5
3759,184,4.5
3871,184,5.0
95,184,4.5
791,184,3.0
2525,184,4.0
843,184,4.5
8,184,3.5
183,184,4.0
27,184,4.5
73,184,2.5
2357,184,5.0
10,184,2.0
2126,184,4.5
1544,185,4.0
1573,185,2.0
4780,185,4.0
1698,185,4.0
4012,185,5.0
903,185,4.0
26,185,3.0
353,185,3.0
2173,185,2.0
1783,185,4.0
22,185,3.0
344,185,3.0
2151,185,4.0
2376,185,3.0
766,185,4.0
3707,185,5.0
1007,185,5.0
3577,185,5.0
1311,185,2.0
876,185,4.0
3712,185,4.0
1759,185,3.0
1544,186,4.0
696,186,4.0
1380,186,4.0
1305,186,4.0
1545,186,4.0
1718,186,4.0
283,186,4.0
676,186,4.0
1814,186,4.0
1728,186,4.0
1698,186,5.0
280,186,5.0
1361,186,4.0
1362,186,4.0
4273,186,4.0
4274,186,4.0
4265,186,4.0
426,186,4.0
4179,186,4.0
4012,186,4.0
4611,186,5.0
2407,186,4.0
2970,186,5.0
264,186,4.0
3892,186,5.0
3743,186,5.0
3572,186,4.0
3452,186,5.0
3934,186,5.0
2971,186,3.0
4586,186,5.0
3725,186,4.0
2406,186,5.0
2553,186,4.0
839,186,4.0
3162,186,4.0
3243,186,4.0
2662,186,5.0
358,186,5.0
1008,186,4.0
2458,186,3.0
2797,186,4.0
1036,186,4.0
1370,186,4.0
1753,186,5.0
2818,186,4.0
2320,186,4.0
1962,186,5.0
474,186,4.0
443,186,4.0
366,186,5.0
1354,186,4.0
301,186,4.0
451,186,4.0
1765,186,4.0
433,186,4.0
4745,186,4.0
3454,186,4.0
2915,186,3.0
1081,186,4.0
1721,186,3.0
4720,186,4.0
3241,186,4.0
1700,186,4.0
564,186,4.0
2533,186,3.0
25,186,4.0
4747,186,4.0
3354,186,4.0
279,186,5.0
3905,186,4.0
4199,186,4.0
2931,186,4.0
626,186,3.0
234,186,4.0
814,186,5.0
871,186,4.0
1360,186,3.0
1537,186,3.0
2066,186,4.0
1760,186,4.0
2317,186,4.0
208,186,4.0
2829,186,3.0
225,186,4.0
344,186,4.0
1055,186,5.0
910,186,4.0
1996,186,4.0
2090,186,4.0
2178,186,4.0
1538,186,4.0
2330,186,4.0
1115,186,4.0
275,186,4.0
1534,186,4.0
1415,186,4.0
1921,186,3.0
540,186,4.0
1123,186,4.0
367,186,4.0
351,186,4.0
3340,186,4.0
1793,186,4.0
1366,186,5.0
900,186,5.0
111,186,3.0
2516,186,4.0
359,186,3.0
279,186,4.0
3165,186,4.0
2369,186,4.0
160,186,4.0
231,186,4.0
3808,186,3.0
3620,186,3.0
207,186,4.0
893,187,4.0
3749,187,3.0
2184,187,4.0
557,187,3.0
4344,187,4.5
1994,187,1.0
4780,187,4.5
2371,187,4.5
3635,187,4.0
3236,187,4.5
810,187,2.0
1545,187,2.0
283,187,2.0
1814,187,1.5
1821,187,4.0
1728,187,4.5
2793,187,4.0
2514,187,1.5
2281,187,1.0
2671,187,1.5
384,187,1.5
4179,187,4.5
3893,187,3.5
3706,187,4.0
4336,187,4.0
2970,187,4.0
3743,187,4.0
4307,187,4.5
4586,187,4.0
2608,187,5.0
2406,187,4.5
4609,187,4.0
839,187,4.0
3162,187,4.0
2948,187,4.0
2662,187,4.5
3300,187,4.0
1397,187,4.0
1377,187,4.0
2575,187,4.0
741,187,4.0
2825,187,4.0
1765,187,4.0
905,187,3.0
433,187,1.0
2313,187,3.0
150,187,1.5
4745,187,5.0
4720,187,4.0
2111,187,4.0
3943,187,5.0
3061,187,3.0
3049,187,4.5
234,187,1.5
71,187,0.5
2519,187,4.0
1014,187,3.0
663,187,3.0
2756,187,5.0
1335,187,4.0
4104,187,5.0
2151,187,3.5
3818,187,5.0
275,187,2.0
2802,187,4.5
3707,187,5.0
2909,187,1.5
1793,187,4.0
1007,187,3.0
3577,187,4.0
1853,187,4.0
4069,187,4.0
2892,187,5.0
3536,187,4.5
2630,187,5.0
3712,187,3.5
160,187,2.0
231,187,2.0
276,187,3.5
3897,187,4.0
3705,187,3.5
329,187,2.5
3244,187,4.0
94,187,2.5
4093,187,5.0
3744,187,4.5
4375,187,4.0
1559,187,3.0
829,187,4.0
2638,187,4.5
584,187,2.0
1710,187,4.5
2155,187,4.0
1710,187,4.0
831,187,4.0
725,187,2.0
4749,187,4.0
3450,187,3.0
31,187,1.0
3601,187,5.0
2410,187,5.0
3639,187,4.5
1853,187,4.0
457,187,4.5
3946,187,4.0
1179,187,4.0
3298,187,4.0
230,187,2.5
1296,187,2.5
3352,187,4.0
3351,187,4.0
2668,187,4.5
25,187,4.0
933,187,3.5
3315,187,4.0
919,187,3.5
34,187,2.0
3113,187,4.0
4045,187,0.5
278,187,4.0
422,187,3.0
688,187,2.5
1277,187,3.0
810,188,5.0
4265,188,4.0
4012,188,5.0
2407,188,5.0
3452,188,5.0
4056,188,5.0
3451,188,4.0
2540,188,4.0
3454,188,5.0
2996,188,5.0
2923,188,5.0
1783,188,2.0
2694,188,5.0
2530,188,4.0
2519,188,3.0
810,189,4.0
1821,189,4.5
2662,189,4.0
663,189,4.0
275,189,4.0
120,189,3.5
67,189,4.5
93,189,4.0
97,189,4.5
1821,190,5.0
3725,190,4.5
2979,190,4.0
663,190,4.0
900,190,3.5
111,190,3.0
2319,190,3.5
2042,190,3.0
1054,190,3.5
2630,190,4.0
3712,190,3.5
232,190,4.0
389,190,3.0
576,190,3.0
2335,190,4.0
1759,190,4.0
231,190,3.0
276,190,3.5
674,190,3.0
498,190,4.0
1143,190,3.5
277,190,5.0
2310,190,3.5
317,190,3.0
884,190,4.0
1541,190,3.5
911,190,3.0
329,190,3.5
200,190,3.0
3744,190,5.0
1559,190,4.0
829,190,4.0
1497,190,3.5
3444,190,4.5
2155,190,5.0
831,190,4.0
2333,190,4.0
192,190,5.0
4749,190,4.0
3450,190,3.0
4022,190,3.0
3639,190,4.0
1845,190,3.0
2400,190,4.0
9,190,5.0
97,190,4.0
201,190,4.0
1544,191,4.0
893,191,4.0
2452,191,5.0
1540,191,4.0
3749,191,5.0
1573,191,4.0
2930,191,5.0
2721,191,1.0
646,191,3.0
557,191,3.0
4344,191,5.0
636,191,2.0
1729,191,4.0
300,191,1.0
821,191,2.0
921,191,1.0
824,191,2.0
4223,191,5.0
1253,191,2.0
76,191,1.0
4023,191,4.0
4780,191,5.0
1893,191,4.0
2371,191,5.0
4487,191,5.0
2535,191,4.0
930,191,1.0
3236,191,5.0
769,191,5.0
2950,191,5.0
2204,191,5.0
283,191,3.0
835,191,3.0
453,191,5.0
696,192,5.0
557,192,3.0
636,192,5.0
921,192,4.0
827,192,4.0
1567,192,4.0
930,192,4.0
3236,192,3.0
678,192,5.0
810,192,5.0
283,192,5.0
676,192,5.0
2281,192,4.0
1544,193,2.0
3236,193,4.0
810,193,3.0
676,193,2.0
1821,193,4.0
3893,193,4.0
2970,193,5.0
3725,193,5.0
4082,193,5.0
2288,193,3.0
2519,193,2.5
663,193,3.0
3712,193,4.0
584,193,3.5
3242,193,4.0
2318,193,4.0
3332,193,5.0
217,193,4.0
813,194,2.0
3353,194,3.0
536,194,3.5
3449,194,4.5
3448,194,2.5
2568,194,3.5
1354,194,3.5
3220,194,3.0
1537,194,3.5
696,195,4.0
893,195,4.0
3749,195,4.0
2930,195,4.0
2184,195,4.0
4344,195,2.0
636,195,4.0
824,195,4.0
356,195,2.0
1491,195,1.0
4228,195,3.0
2371,195,5.0
3236,195,5.0
1545,195,4.0
645,195,3.0
1821,195,4.0
1839,195,4.0
280,195,3.0
426,195,5.0
3893,195,4.0
3603,195,2.0
3706,195,4.0
1705,195,5.0
4678,195,5.0
4307,195,5.0
3449,195,5.0
2971,195,3.0
1528,195,3.0
1850,195,5.0
3243,195,4.0
2667,195,5.0
2288,195,5.0
1008,195,4.0
3680,195,4.0
574,195,3.0
2285,195,3.0
3776,195,3.0
1397,195,4.0
443,195,3.0
1354,195,3.0
2575,195,4.0
2979,195,4.0
246,195,2.0
905,195,4.0
2148,195,4.0
1023,195,4.0
4745,195,2.0
2021,195,3.0
1815,195,4.0
1399,195,4.0
1167,195,3.0
629,195,3.0
841,195,3.0
4379,195,3.0
3061,195,4.0
1878,195,4.0
3052,195,4.0
3429,195,5.0
1492,195,4.0
3220,195,2.0
830,195,4.0
1928,195,3.0
2317,195,4.0
1504,195,3.0
2845,195,4.0
2519,195,4.0
1014,195,4.0
4085,195,3.0
208,195,4.0
297,195,1.0
1335,195,3.0
892,195,4.0
1977,195,4.0
2095,195,4.0
910,195,3.0
3542,195,4.0
1538,195,4.0
3261,195,2.0
275,195,4.0
214,195,3.0
512,195,4.0
367,195,3.0
766,195,5.0
3463,195,4.0
812,195,4.0
4303,195,4.0
546,195,5.0
524,195,1.0
1114,195,4.0
385,195,3.0
1793,195,3.0
478,195,4.0
1007,195,5.0
402,195,3.0
1834,195,5.0
900,195,3.0
876,195,2.0
469,195,3.0
1863,195,4.0
3627,195,4.0
3536,195,3.0
321,195,3.0
865,195,3.0
1530,196,4.5
2993,196,3.5
557,196,3.5
636,196,5.0
1705,196,4.5
839,196,4.5
3162,196,4.5
3243,196,3.0
447,196,4.0
629,196,3.0
275,196,5.0
389,196,3.5
25,196,2.0
1761,196,4.0
742,196,4.5
69,196,4.5
67,196,4.0
1557,196,2.0
96,196,3.5
271,196,4.5
2126,196,5.0
300,197,2.0
2371,197,3.0
3236,197,5.0
810,197,3.0
1728,197,5.0
280,197,5.0
1361,197,5.0
1362,197,5.0
4273,197,5.0
4274,197,5.0
287,197,2.0
2970,197,4.0
3725,197,5.0
1850,197,3.0
429,197,4.0
2825,197,3.0
3790,197,5.0
905,197,5.0
863,197,5.0
629,197,3.0
1058,197,2.0
234,197,5.0
2452,198,3.0
3749,198,4.0
1573,198,4.0
2930,198,5.0
2993,198,3.0
557,198,3.0
4023,198,5.0
1567,198,4.0
3236,198,5.0
2819,198,4.0
810,198,5.0
3702,198,5.0
3410,198,4.0
676,198,3.0
1728,198,3.0
280,198,3.0
1361,198,3.0
1362,198,3.0
4273,198,3.0
4274,198,3.0
2671,198,3.0
426,198,3.0
4179,198,3.0
3893,198,4.0
4336,198,5.0
3819,198,5.0
2970,198,4.0
2675,198,3.0
4307,198,5.0
2971,198,3.0
2406,198,3.0
1850,198,4.0
839,198,2.0
3162,198,2.0
3745,198,3.0
2456,198,5.0
3243,198,4.0
2662,198,4.0
2288,198,5.0
3300,198,4.0
2458,198,4.0
474,198,3.0
903,198,5.0
1039,198,4.0
443,198,4.0
366,198,4.0
1194,198,2.0
456,198,5.0
1377,198,4.0
593,198,4.0
4638,198,2.0
2408,198,3.0
802,198,5.0
1354,198,5.0
301,198,4.0
741,198,2.0
2979,198,4.0
1421,198,3.0
433,198,2.0
150,198,3.0
4745,198,2.0
1815,198,5.0
1399,198,2.0
1167,198,5.0
629,198,4.0
2918,198,4.0
1700,198,3.0
2533,198,3.0
4646,198,2.0
2179,198,3.0
3061,198,5.0
1971,198,1.0
408,198,1.0
1783,198,4.0
2931,198,3.0
2742,198,1.0
2087,198,5.0
234,198,2.0
814,198,3.0
2813,198,4.0
3831,198,3.0
2317,198,4.0
2519,198,5.0
208,198,4.0
663,198,5.0
225,198,2.0
2756,198,3.0
2018,198,3.0
376,198,3.0
1335,198,3.0
1390,198,5.0
1183,198,4.0
910,198,3.0
2730,198,5.0
1840,198,2.0
2090,198,3.0
2151,198,4.0
2330,198,2.0
1115,198,4.0
275,198,3.0
1789,198,3.0
766,198,2.0
3707,198,4.0
3580,198,4.0
2909,198,3.0
1835,198,3.0
1114,198,4.0
1007,198,5.0
3577,198,4.0
1584,198,3.0
364,198,4.0
1056,198,1.0
1543,198,1.0
1054,198,4.0
1717,198,1.0
232,198,3.0
4200,198,3.0
3427,198,1.0
389,198,4.0
2335,198,4.0
2030,198,5.0
160,198,3.0
231,198,3.0
1035,198,3.0
276,198,5.0
616,199,2.0
1540,199,4.0
3749,199,5.0
2930,199,4.0
1530,199,1.0
2643,199,3.0
4344,199,3.0
636,199,4.0
824,199,3.5
4780,199,3.0
1567,199,2.0
3236,199,4.0
678,199,3.5
810,199,2.0
1545,199,2.0
283,199,3.0
4236,199,3.0
3254,199,3.0
1821,199,5.0
2035,199,4.0
1728,199,5.0
2793,199,2.0
4461,199,3.0
2020,199,2.0
280,199,3.5
1361,199,3.0
1362,199,3.0
4273,199,3.0
4274,199,3.0
2671,199,3.0
384,199,3.0
4179,199,5.0
3893,199,3.5
3990,199,4.0
4336,199,5.0
1101,199,1.0
4678,199,5.0
4307,199,4.0
2971,199,2.0
707,199,1.0
2517,199,2.0
4586,199,5.0
2553,199,5.0
4082,199,3.0
1528,199,5.0
1850,199,4.0
839,199,4.0
3162,199,4.0
2347,199,4.0
3745,199,3.0
1665,199,4.0
2662,199,4.0
2832,199,5.0
3993,199,5.0
358,199,4.5
3451,199,5.0
1036,199,3.5
3533,199,3.0
3680,199,4.0
2818,199,4.5
429,199,1.0
2812,199,5.0
2097,199,2.0
474,199,1.0
903,199,3.0
2376,199,4.0
1397,199,3.0
2568,199,3.0
2327,199,5.0
1344,199,4.0
366,199,2.0
771,199,2.0
456,199,3.0
388,199,3.0
1377,199,5.0
802,199,2.0
301,199,2.0
1213,199,4.0
2979,199,2.0
26,199,3.0
550,199,2.0
905,199,1.0
672,199,3.0
1035,199,4.0
1023,199,3.0
150,199,2.0
2021,199,5.0
4340,199,4.0
3453,199,3.0
2915,199,1.0
629,199,4.0
2918,199,4.0
4365,199,4.0
2533,199,2.5
1138,199,3.0
841,199,4.0
3279,199,3.0
744,199,2.0
3943,199,3.5
3061,199,3.0
1878,199,4.0
397,199,2.0
1783,199,4.0
279,199,4.0
1561,199,4.0
3220,199,4.0
234,199,2.0
1122,199,4.0
1360,199,4.5
1537,199,4.0
2813,199,1.0
2066,199,2.0
830,199,3.0
3831,199,5.0
2519,199,5.0
1014,199,4.0
4085,199,4.0
2756,199,4.0
1880,199,4.0
1464,199,4.0
1335,199,4.0
1055,199,4.0
1977,199,2.5
1051,199,3.0
1348,199,2.0
4104,199,3.0
1688,199,4.0
275,199,4.0
2352,199,3.0
4003,199,4.5
812,199,2.0
351,199,2.0
661,199,3.0
385,199,3.0
1793,199,4.0
1007,199,4.0
402,199,4.0
3577,199,4.0
1702,199,2.0
876,199,3.5
469,199,3.0
364,199,3.0
3732,199,4.0
3536,199,4.0
1054,199,3.0
2630,199,3.0
389,199,3.5
321,199,4.0
3747,199,3.5
3597,199,3.5
160,199,3.0
1759,199,4.0
231,199,1.5
4639,199,2.0
445,199,4.5
674,199,3.0
565,199,3.0
1898,199,4.5
2310,199,3.5
884,199,4.0
3524,199,3.5
3056,199,3.0
383,199,4.0
1788,199,3.5
1559,199,4.5
172,199,3.5
2190,199,3.0
2455,199,4.0
3444,199,3.0
727,199,4.0
2155,199,4.0
725,199,3.5
146,199,3.5
1551,199,3.0
3450,199,3.5
4094,199,2.0
1849,199,2.5
715,199,4.5
2015,199,3.5
3601,199,4.5
2410,199,3.5
248,199,3.0
1560,199,4.0
2400,199,4.0
230,199,2.5
3352,199,3.5
3351,199,3.5
529,199,4.5
3315,199,4.0
2339,199,4.5
3242,199,2.5
2318,199,1.5
879,199,4.5
2760,199,3.5
2474,199,4.0
3072,199,3.5
2181,199,5.0
1832,199,4.0
3338,199,3.5
1858,199,4.0
2619,199,3.0
1575,199,4.5
1816,199,3.5
1544,200,3.5
696,200,4.5
1553,200,3.5
1573,200,2.5
2721,200,5.0
1530,200,3.0
2993,200,4.5
557,200,4.5
636,200,4.0
356,200,4.0
4023,200,1.0
2535,200,3.5
3236,200,5.0
2819,200,4.0
810,200,4.0
3702,200,4.0
1545,200,4.0
3410,200,5.0
676,200,3.5
1814,200,3.0
2486,200,3.5
2514,200,3.0
1698,200,4.0
2281,200,3.5
2671,200,5.0
426,200,3.5
384,200,2.0
966,200,3.5
1067,200,3.5
2675,200,5.0
3452,200,3.0
1705,200,3.5
4016,200,5.0
3934,200,4.0
2517,200,4.0
1850,200,4.0
839,200,3.5
3162,200,3.5
3243,200,4.0
2288,200,4.0
1008,200,3.5
2458,200,3.5
3448,200,5.0
474,200,3.5
903,200,4.0
241,200,1.0
1039,200,3.5
2568,200,5.0
2327,200,3.5
260,200,2.0
1033,200,4.5
388,200,3.0
1354,200,4.0
301,200,3.0
2979,200,4.5
26,200,2.5
246,200,4.5
905,200,3.0
458,200,1.0
2021,200,4.0
1154,200,4.0
1167,200,4.0
2918,200,4.0
1700,200,4.0
2111,200,3.5
2923,200,4.0
408,200,4.5
3027,200,3.5
1783,200,5.0
2985,200,4.0
3049,200,4.0
2931,200,4.0
2742,200,5.0
3220,200,3.0
234,200,3.0
1122,200,4.0
1360,200,4.0
71,200,3.0
568,200,4.5
2317,200,4.0
1227,200,4.0
2519,200,3.5
3890,200,4.0
4077,200,4.0
4346,200,4.0
663,200,5.0
3347,200,4.0
3703,200,4.0
2095,200,4.0
910,200,4.0
2151,200,5.0
573,200,3.0
681,200,3.0
275,200,4.0
214,200,3.5
1534,200,4.0
512,200,4.0
1062,200,3.5
2983,200,4.0
766,200,4.5
3463,200,3.5
1548,200,4.0
812,200,4.5
1019,200,4.0
351,200,4.0
3340,200,4.0
1835,200,4.0
2738,200,4.0
631,200,4.0
1114,200,4.5
385,200,3.5
1045,200,5.0
1793,200,4.0
1007,200,3.0
3577,200,4.0
1584,200,3.5
1834,200,3.5
900,200,3.0
876,200,5.0
333,200,2.5
2319,200,4.5
2995,200,4.0
2926,200,3.5
1034,200,3.0
1719,200,5.0
1717,200,4.0
3712,200,5.0
232,200,3.5
389,200,4.0
2417,200,2.5
3597,200,4.5
160,200,3.5
1759,200,3.5
276,200,3.5
674,200,3.5
1605,200,3.0
3773,200,3.5
277,200,4.0
148,200,4.0
884,200,4.5
1541,200,5.0
3524,200,4.0
424,200,4.0
329,200,4.0
220,200,3.5
200,200,4.0
2032,200,4.0
2102,200,5.0
829,200,5.0
1063,200,4.5
439,200,3.0
733,200,2.5
1124,200,3.5
516,200,5.0
2155,200,4.5
729,200,4.0
831,200,5.0
1581,200,3.5
2333,200,4.5
146,200,4.0
566,200,3.5
3618,200,3.0
192,200,4.0
4582,200,3.5
31,200,2.5
4094,200,1.0
1849,200,3.0
4022,200,4.0
3601,200,4.0
2048,200,3.5
2410,200,2.0
1178,200,4.0
958,200,3.5
113,200,3.0
248,200,2.5
3435,200,4.5
118,200,3.5
689,200,4.0
816,200,4.0
1179,200,5.0
3079,200,4.0
249,200,5.0
120,200,4.0
243,200,2.5
1296,200,4.5
1597,200,3.0
2628,200,5.0
2720,200,3.5
115,200,4.0
1687,200,3.5
1761,200,4.5
2435,200,3.0
140,200,3.0
34,200,4.0
567,200,3.0
13,200,5.0
3242,200,5.0
555,200,3.5
1606,200,4.5
2318,200,3.0
511,200,3.5
278,200,5.0
298,200,4.0
1844,200,0.5
1294,200,3.0
119,200,4.5
2474,200,5.0
688,200,5.0
1747,200,4.0
2,200,4.0
112,200,3.0
114,200,4.0
1082,200,5.0
2395,200,4.5
3338,200,5.0
1563,200,4.0
421,200,4.0
1373,200,3.5
69,200,4.5
54,200,1.0
513,200,5.0
116,200,3.5
1786,200,4.0
1332,200,4.0
1544,201,5.0
893,201,4.0
3749,201,5.0
1573,201,5.0
636,201,4.0
300,201,4.0
921,201,4.0
1380,201,2.0
3236,201,5.0
810,201,5.0
283,201,4.0
676,201,5.0
2020,201,5.0
280,201,5.0
1361,201,3.0
1362,201,3.0
4273,201,3.0
4274,201,3.0
2671,201,5.0
4227,201,3.0
3452,201,4.0
2971,201,5.0
1850,201,4.0
3243,201,4.0
2288,201,5.0
1008,201,5.0
2458,201,5.0
429,201,2.0
2739,201,4.0
2327,201,4.0
211,201,2.0
1033,201,4.0
443,201,4.0
366,201,5.0
4638,201,5.0
301,201,2.0
26,201,5.0
1765,201,1.0
433,201,4.0
150,201,4.0
2021,201,5.0
1154,201,5.0
1167,201,3.0
629,201,5.0
3241,201,4.0
1700,201,5.0
2533,201,4.0
2741,201,3.0
2923,201,5.0
1878,201,4.0
1783,201,5.0
639,201,4.0
2985,201,3.0
234,201,3.0
871,201,3.0
1360,201,5.0
1542,201,4.0
1537,201,3.0
2813,201,4.0
568,201,1.0
2317,201,4.0
2519,201,5.0
208,201,4.0
1544,202,4.0
696,202,4.0
2103,202,2.0
1530,202,3.0
557,202,4.0
636,202,4.0
824,202,4.0
2371,202,4.0
4487,202,5.0
3236,202,4.0
810,202,5.0
3702,202,4.0
1545,202,3.0
953,202,1.0
676,202,4.0
3254,202,4.0
2486,202,4.0
4462,202,3.0
1728,202,5.0
1698,202,4.0
280,202,5.0
2281,202,4.0
1361,202,3.0
1362,202,3.0
4273,202,3.0
4274,202,3.0
1110,202,4.0
3154,202,4.0
1038,202,4.0
426,202,3.0
3218,202,2.0
4179,202,5.0
571,202,3.0
1067,202,4.0
4336,202,5.0
3819,202,4.0
2970,202,5.0
3892,202,5.0
3904,202,4.0
1705,202,4.0
4307,202,5.0
3449,202,5.0
2795,202,5.0
2971,202,4.0
2517,202,3.0
3464,202,3.0
4586,202,5.0
2608,202,4.0
2406,202,5.0
4609,202,4.0
2553,202,5.0
1528,202,4.0
839,202,4.0
3162,202,4.0
2173,202,4.0
1666,202,3.0
1665,202,5.0
2456,202,4.0
3243,202,5.0
2662,202,5.0
2667,202,5.0
2288,202,4.0
2832,202,5.0
2493,202,4.0
3993,202,4.0
4486,202,4.0
1008,202,4.0
3451,202,4.0
2458,202,5.0
1036,202,3.0
3680,202,4.0
574,202,4.0
1753,202,3.0
2818,202,5.0
2320,202,4.0
1962,202,4.0
2739,202,3.0
2812,202,4.0
474,202,3.0
903,202,3.0
945,202,3.0
1039,202,4.0
2568,202,5.0
366,202,5.0
946,202,3.0
380,202,5.0
1377,202,4.0
4638,202,4.0
802,202,3.0
2982,202,4.0
2821,202,4.0
246,202,3.0
905,202,4.0
3829,202,4.0
4340,202,4.0
3531,202,4.0
1532,202,4.0
1815,202,4.0
2641,202,4.0
1154,202,3.0
4448,202,4.0
1960,202,4.0
1081,202,3.0
629,202,4.0
4720,202,4.0
3241,202,4.0
1700,202,3.0
1058,202,3.0
2842,202,4.0
2741,202,3.0
841,202,4.0
2111,202,4.0
1783,202,4.0
3408,202,3.0
1108,202,2.0
2349,202,4.0
2438,202,4.0
3206,202,3.0
3354,202,3.0
279,202,4.0
4182,202,2.0
4018,202,3.0
234,202,4.0
814,202,4.0
871,202,4.0
651,202,4.0
2317,202,4.0
2519,202,4.0
1014,202,4.0
208,202,3.0
3535,202,4.0
4189,202,3.0
3342,202,3.0
3890,202,3.0
4077,202,5.0
4346,202,4.0
663,202,5.0
225,202,3.0
1716,202,4.0
1133,202,4.0
3347,202,3.0
3166,202,4.0
2756,202,5.0
3595,202,4.0
3178,202,4.0
1610,202,4.0
1390,202,4.0
3274,202,4.0
4474,202,4.0
3889,202,3.0
656,202,1.0
4221,202,2.0
2730,202,3.0
2178,202,4.0
3622,202,3.0
2330,202,4.0
3455,202,4.0
3255,202,5.0
1534,202,3.0
2999,202,3.0
3898,202,4.0
1921,202,4.0
512,202,5.0
3340,202,3.0
557,203,5.0
3236,203,5.0
678,203,4.0
953,203,3.0
2281,203,5.0
571,203,4.0
366,203,5.0
3241,203,3.0
2923,203,4.0
3890,203,3.0
2670,203,3.0
275,203,5.0
4003,203,2.5
385,203,4.0
900,203,4.0
232,203,4.0
146,203,4.5
192,203,3.5
115,203,3.5
278,203,3.0
117,203,4.0
69,203,3.0
1557,203,4.0
336,203,4.0
1571,203,4.5
3236,204,4.5
1821,204,4.5
1810,204,2.0
4307,204,4.5
3449,204,4.0
4586,204,5.0
1528,204,4.5
377,204,1.0
1354,204,5.0
3061,204,5.0
2519,204,4.0
663,204,5.0
1123,204,4.0
3707,204,5.0
3577,204,4.5
900,204,4.0
3712,204,5.0
232,204,3.5
632,204,4.0
829,204,4.5
584,204,5.0
2155,204,4.5
518,204,3.5
3601,204,5.0
2400,204,4.0
1179,204,4.0
510,204,4.0
120,204,4.0
3351,204,4.5
933,204,5.0
3153,204,3.5
673,204,3.5
2474,204,4.5
1832,204,4.0
3994,204,3.5
1373,204,5.0
914,204,3.5
572,204,5.0
67,204,4.0
1557,204,4.0
348,204,4.0
1723,204,4.5
4546,204,3.5
2733,204,4.5
3159,204,0.5
138,204,2.0
2561,204,4.0
810,205,4.0
4336,205,2.5
3452,205,3.0
2018,205,4.0
277,205,3.5
829,205,4.5
192,205,4.0
115,205,3.5
114,205,3.5
572,205,4.0
9,205,4.0
80,205,4.0
206,205,4.5
56,205,4.0
30,205,3.0
288,205,4.5
1334,205,3.0
1544,206,5.0
1093,206,4.0
2452,206,5.0
3749,206,5.0
2930,206,5.0
1530,206,4.0
646,206,3.0
426,206,3.0
1087,206,3.0
384,206,3.0
287,206,4.0
3603,206,5.0
3514,206,5.0
3934,206,3.0
1036,206,4.0
1252,207,3.0
1303,207,1.0
2341,207,1.5
4486,207,3.5
260,207,1.0
1081,207,4.0
3061,207,3.5
486,207,0.5
2066,207,3.5
2519,207,5.0
4346,207,4.5
2829,207,0.5
3347,207,4.0
1921,207,3.5
696,208,2.0
557,208,4.0
283,208,2.0
280,208,4.0
629,208,5.0
841,208,2.0
397,208,4.0
626,208,2.0
234,208,4.0
1537,208,2.0
1504,208,2.0
1153,208,3.0
208,208,4.0
810,209,4.5
1008,209,5.0
2979,209,4.5
26,209,3.0
629,209,4.0
234,209,2.0
2519,209,4.5
663,209,4.5
275,209,4.0
2909,209,5.0
2474,209,4.5
2619,209,4.5
164,209,5.0
1816,209,4.5
572,209,5.0
67,209,4.0
1991,209,2.0
440,209,4.5
97,209,5.0
2351,209,4.5
30,209,4.0
300,210,3.5
3236,210,0.5
404,210,3.5
280,210,4.0
2288,210,4.5
1036,210,4.5
366,210,4.0
1154,210,4.5
234,210,5.0
900,210,4.0
364,210,4.0
160,210,4.5
231,210,5.0
277,210,4.5
756,210,4.0
200,210,4.5
31,210,4.5
526,210,1.5
230,210,5.0
510,210,4.5
1296,210,4.5
119,210,4.0
6,210,4.0
117,210,2.5
69,210,4.5
58,210,5.0
121,210,4.0
159,210,4.5
9,210,4.5
1557,210,4.0
1620,210,3.5
294,210,2.0
1,210,5.0
93,210,5.0
80,210,4.5
3736,210,3.5
43,210,4.0
615,210,4.0
197,210,4.5
1219,210,4.0
102,210,4.5
188,210,4.5
70,210,4.5
147,210,4.0
56,210,3.0
1571,210,3.5
155,210,4.5
1200,210,4.5
38,210,3.5
32,210,4.5
507,210,4.0
401,210,4.5
745,210,3.0
47,210,4.5
75,210,4.5
161,210,5.0
95,210,5.0
2525,210,5.0
183,210,4.5
789,210,3.5
65,210,4.0
3862,210,1.0
271,210,4.5
547,210,4.0
3236,211,4.5
810,211,4.5
1705,211,4.5
4586,211,4.0
2456,211,4.5
260,211,2.0
2979,211,5.0
462,211,3.0
828,211,3.5
629,211,4.0
1298,211,3.5
2519,211,4.0
3890,211,3.5
4077,211,3.5
4346,211,3.5
663,211,5.0
22,211,4.5
2151,211,4.0
275,211,5.0
1534,211,4.5
2909,211,4.5
3577,211,4.5
1853,211,4.5
333,211,2.5
1012,211,2.0
276,211,3.5
1179,211,4.0
3079,211,5.0
120,211,4.0
1137,211,3.5
1761,211,3.5
511,211,3.5
278,211,4.5
298,211,4.0
282,211,4.0
3338,211,3.5
2619,211,4.5
69,211,4.0
164,211,5.0
12,211,4.0
159,211,4.0
1557,211,2.5
1991,211,4.0
357,211,4.0
440,211,2.0
80,211,3.5
43,211,4.0
97,211,4.5
412,211,4.5
40,211,2.0
1509,211,2.0
102,211,4.0
3249,211,3.5
1402,211,4.0
427,211,4.0
206,211,4.0
3236,212,3.5
810,212,3.5
676,212,3.0
1728,212,3.0
280,212,4.0
4179,212,3.0
3893,212,3.0
2970,212,4.0
4586,212,4.0
2406,212,3.5
4082,212,3.5
2662,212,2.5
1008,212,4.0
2812,212,3.0
2979,212,2.5
4340,212,3.5
629,212,2.5
2111,212,3.5
3831,212,4.0
2519,212,3.5
663,212,4.5
2095,212,4.0
275,212,3.0
3707,212,3.5
3580,212,3.5
2909,212,4.0
1793,212,3.5
900,212,4.0
632,212,3.5
1143,212,3.0
424,212,4.0
329,212,3.5
200,212,3.5
370,212,3.0
2102,212,3.5
829,212,3.5
4582,212,4.0
1849,212,3.5
3601,212,4.0
4298,212,2.5
292,212,3.5
3946,212,4.5
1560,212,4.0
1179,212,4.0
120,212,4.0
933,212,4.0
3242,212,4.0
2318,212,2.5
119,212,3.0
2474,212,4.5
422,212,4.0
688,212,3.5
742,212,4.0
1747,212,3.0
2,212,3.0
2395,212,3.5
2181,212,3.5
3338,212,3.5
2619,212,3.5
69,212,3.0
1818,212,3.0
182,212,4.0
58,212,4.0
1786,212,2.5
1816,212,4.0
572,212,4.0
3628,212,3.5
67,212,3.0
9,212,3.5
1991,212,4.0
1259,212,4.5
1,212,3.0
357,212,3.5
313,212,3.0
93,212,2.5
1723,212,3.5
80,212,3.0
3823,212,4.0
615,212,4.0
97,212,3.5
412,212,4.5
3280,212,4.0
2733,212,4.0
1509,212,2.5
1613,212,3.5
2784,212,4.0
4169,212,4.0
1402,212,2.5
427,212,2.5
1121,212,4.0
2464,212,4.5
30,212,4.0
2425,212,3.5
1104,212,4.0
217,212,4.0
155,212,4.0
288,212,4.5
1503,212,2.5
520,212,4.0
223,212,2.5
1342,212,3.5
1053,212,4.5
261,212,4.0
3946,212,3.5
745,212,3.5
96,212,4.0
86,212,3.0
75,212,3.0
912,212,3.5
3871,212,4.5
95,212,4.0
670,212,3.0
89,212,4.0
2525,212,3.0
128,212,3.5
8,212,4.0
789,212,3.5
27,212,3.0
685,212,3.5
271,212,4.0
617,212,2.0
532,212,3.5
1699,212,3.5
1329,212,3.5
3560,212,3.0
1544,213,3.5
1407,213,2.5
280,213,5.0
4336,213,3.5
1705,213,4.0
4609,213,4.0
839,213,4.5
3162,213,4.5
1008,213,4.0
574,213,4.0
26,213,4.0
1193,213,4.0
4340,213,4.5
1700,213,3.5
4646,213,3.5
1108,213,4.5
2317,213,4.0
1341,213,3.0
344,213,3.5
1996,213,4.0
3542,213,4.0
2151,213,4.0
661,213,3.5
900,213,4.5
556,213,3.0
2521,213,3.0
1398,213,4.5
415,213,3.0
379,213,4.0
569,213,4.0
1792,213,4.0
94,213,3.5
200,213,4.0
584,213,5.0
566,213,5.0
957,213,4.0
4298,213,3.0
3559,213,2.5
1842,213,3.5
2136,213,4.0
1201,213,3.5
2981,213,2.5
298,213,4.0
688,213,3.5
742,213,3.5
2564,213,3.5
107,213,3.0
2017,213,3.0
262,213,4.0
112,213,3.5
1072,213,3.5
3528,213,3.0
4072,213,3.0
1180,213,3.5
54,213,3.5
914,213,4.5
36,213,3.5
3343,213,4.5
9,213,2.5
1557,213,4.0
1723,213,4.5
43,213,4.5
189,213,3.5
800,213,3.5
53,213,4.0
1544,214,3.0
2452,214,3.0
3749,214,2.0
1530,214,3.0
2993,214,3.0
426,214,3.0
1087,214,3.0
384,214,2.0
2341,214,3.0
1498,214,3.0
3934,214,3.0
1036,214,3.0
3447,215,3.0
4780,215,3.5
3236,215,3.5
810,215,3.5
1821,215,4.5
3893,215,3.0
4336,215,4.5
1107,215,3.5
4307,215,3.0
2406,215,2.5
4609,215,4.0
1528,215,5.0
2331,215,5.0
2456,215,4.5
3243,215,4.5
1008,215,3.5
2568,215,3.0
1377,215,4.0
4638,215,3.0
2979,215,4.5
629,215,3.0
1700,215,4.0
2519,215,4.0
663,215,4.5
3008,215,4.5
3703,215,4.5
2730,215,4.5
1114,215,4.5
3577,215,4.0
2926,215,3.0
3712,215,4.0
389,215,4.0
911,215,5.0
200,215,4.0
1063,215,4.0
2155,215,3.5
4022,215,4.5
2400,215,4.0
278,215,4.0
2011,215,3.0
1832,215,4.0
3349,215,4.0
4173,215,5.0
2669,215,4.5
2144,215,3.5
159,215,4.0
1544,216,3.0
1540,216,3.0
1573,216,5.0
2721,216,3.0
813,216,2.0
2993,216,2.0
3360,216,5.0
3410,216,3.0
3254,216,4.0
1698,216,4.0
4265,216,4.0
426,216,2.0
4611,216,4.0
3990,216,4.0
4288,216,5.0
4502,216,3.0
3452,216,4.0
33,216,4.0
4079,216,3.0
4586,216,5.0
3745,216,5.0
2662,216,4.0
3993,216,4.0
4056,216,4.0
3451,216,5.0
2458,216,3.0
1377,216,5.0
2021,216,4.0
4342,216,4.0
4231,216,3.0
4579,216,2.0
4448,216,4.0
4720,216,5.0
2533,216,2.0
4795,216,3.0
3027,216,5.0
3220,216,4.0
2482,216,3.0
3831,216,5.0
2519,216,5.0
517,216,3.0
2756,216,3.0
1610,216,3.0
1335,216,3.0
713,216,3.0
3703,216,4.0
2095,216,3.0
3177,216,4.0
1998,216,4.0
4474,216,4.0
3889,216,5.0
4704,216,4.0
2151,216,5.0
3818,216,5.0
3606,216,5.0
681,216,3.0
275,216,4.0
834,216,4.0
4003,216,3.0
512,216,4.0
1974,216,4.0
766,216,5.0
1256,216,2.0
351,216,4.0
488,216,2.0
2724,216,1.0
546,216,5.0
2451,216,2.0
2674,216,3.0
1045,216,2.0
1007,216,5.0
3269,216,3.0
1544,217,4.0
696,217,4.0
1553,217,1.0
616,217,2.0
2141,217,3.0
1573,217,4.0
2103,217,2.0
2169,217,2.0
646,217,3.0
557,217,2.0
1125,217,2.0
300,217,2.0
821,217,2.0
921,217,3.0
356,217,3.0
1283,217,3.0
737,217,3.0
76,217,3.0
4780,217,4.0
930,217,3.0
3236,217,2.0
1305,217,4.0
2819,217,3.0
678,217,4.0
810,217,2.0
3702,217,3.0
1718,217,3.0
283,217,2.0
1407,217,1.0
645,217,3.0
676,217,4.0
404,217,3.0
835,217,4.0
1814,217,3.0
3610,217,3.0
1246,217,2.0
1136,217,3.0
2793,217,3.0
2020,217,3.0
280,217,3.0
2281,217,4.0
1361,217,2.0
1362,217,2.0
4273,217,2.0
4274,217,2.0
4265,217,3.0
1038,217,3.0
426,217,5.0
453,217,3.0
384,217,3.0
1886,217,2.0
287,217,4.0
479,217,3.0
2751,217,3.0
1639,217,2.0
851,217,3.0
978,217,2.0
4611,217,4.0
3990,217,4.0
4222,217,4.0
1910,217,3.0
3572,217,3.0
2675,217,3.0
327,217,3.0
33,217,3.0
1705,217,4.0
1107,217,3.0
3934,217,3.0
4079,217,2.0
4147,217,2.0
4307,217,3.0
707,217,2.0
2517,217,4.0
3464,217,3.0
2526,217,3.0
4586,217,2.0
2406,217,3.0
839,217,3.0
3162,217,3.0
2948,217,2.0
3745,217,2.0
1665,217,4.0
3243,217,3.0
2662,217,3.0
2288,217,3.0
2493,217,2.0
3993,217,3.0
358,217,3.0
1008,217,5.0
3451,217,3.0
1036,217,4.0
728,217,1.0
574,217,4.0
1370,217,4.0
1753,217,3.0
1586,217,4.0
2818,217,3.0
2320,217,4.0
1962,217,5.0
429,217,3.0
3448,217,3.0
2812,217,4.0
2097,217,3.0
2065,217,2.0
474,217,3.0
2824,217,2.0
241,217,3.0
1460,217,3.0
1061,217,2.0
1344,217,3.0
447,217,3.0
260,217,3.0
211,217,2.0
443,217,2.0
946,217,4.0
380,217,1.0
2546,217,3.0
771,217,2.0
1194,217,2.0
3906,217,3.0
456,217,3.0
2495,217,3.0
388,217,4.0
1379,217,3.0
1377,217,3.0
802,217,3.0
2982,217,3.0
990,217,2.0
301,217,2.0
2894,217,2.0
741,217,1.0
1421,217,4.0
246,217,3.0
2825,217,3.0
2540,217,3.0
1095,217,1.0
550,217,3.0
905,217,4.0
462,217,3.0
763,217,3.0
1892,217,2.0
4118,217,3.0
433,217,3.0
1625,217,3.0
458,217,3.0
1023,217,1.0
150,217,3.0
165,217,1.0
1193,217,3.0
4439,217,3.0
4340,217,2.0
4231,217,2.0
1364,217,2.0
2915,217,2.0
1154,217,3.0
1167,217,2.0
1781,217,3.0
629,217,4.0
1721,217,3.0
3241,217,2.0
1700,217,5.0
549,217,3.0
432,217,4.0
1912,217,2.0
1058,217,2.0
2533,217,4.0
2764,217,3.0
2842,217,4.0
1138,217,3.0
841,217,2.0
705,217,2.0
2923,217,4.0
790,217,2.0
542,217,2.0
2858,217,2.0
397,217,4.0
25,217,3.0
25,217,3.0
2393,217,1.0
3700,217,3.0
486,217,4.0
582,217,3.0
1783,217,2.0
1108,217,4.0
795,217,2.0
2349,217,4.0
639,217,3.0
906,217,2.0
2438,217,3.0
3206,217,3.0
2672,217,3.0
1417,217,2.0
3354,217,3.0
279,217,2.0
3905,217,1.0
4199,217,2.0
4018,217,2.0
1561,217,2.0
781,217,2.0
1492,217,4.0
626,217,2.0
1026,217,4.0
234,217,4.0
814,217,4.0
871,217,4.0
1298,217,3.0
2436,217,3.0
1537,217,5.0
719,217,3.0
619,217,1.0
1612,217,3.0
1214,217,2.0
1341,217,2.0
252,217,3.0
208,217,3.0
517,217,2.0
3890,217,3.0
4077,217,3.0
4346,217,3.0
225,217,4.0
1716,217,3.0
1133,217,3.0
3347,217,3.0
3166,217,3.0
3595,217,3.0
2018,217,2.0
3178,217,4.0
1500,217,2.0
2670,217,1.0
1610,217,3.0
344,217,5.0
1055,217,4.0
1051,217,4.0
833,217,3.0
1998,217,3.0
4474,217,3.0
26,217,5.0
3889,217,2.0
4704,217,2.0
656,217,2.0
2730,217,3.0
4244,217,3.0
2178,217,2.0
573,217,2.0
1368,217,3.0
3622,217,3.0
2330,217,3.0
3606,217,3.0
3455,217,2.0
4179,218,5.0
3449,218,3.0
2458,218,4.0
1753,218,2.0
3448,218,3.0
2327,218,4.0
2575,218,5.0
2923,218,2.5
3049,218,3.0
1537,218,4.0
160,218,3.0
192,218,2.0
31,218,4.0
1544,219,3.5
696,219,4.5
1553,219,2.5
1540,219,3.5
2103,219,1.5
646,219,1.5
2993,219,3.5
636,219,4.0
300,219,2.5
356,219,4.5
3447,219,3.0
76,219,2.0
4780,219,4.0
930,219,3.0
3236,219,4.0
2819,219,4.0
1545,219,3.5
283,219,3.0
645,219,3.0
3410,219,2.0
676,219,4.0
835,219,2.5
1814,219,2.0
1728,219,3.5
1136,219,0.5
2514,219,3.0
1698,219,4.5
280,219,4.5
1361,219,3.5
1362,219,3.5
4273,219,3.5
4274,219,3.5
426,219,4.5
453,219,3.5
384,219,3.0
3893,219,4.0
287,219,3.0
571,219,2.0
4288,219,3.0
2675,219,3.0
1705,219,5.0
3934,219,2.5
4307,219,4.0
2971,219,2.5
4586,219,3.5
1850,219,2.5
2173,219,3.5
2456,219,3.5
2662,219,3.5
2288,219,3.5
3300,219,2.5
1008,219,4.5
2458,219,2.5
1036,219,2.5
574,219,2.5
429,219,3.5
474,219,2.5
903,219,3.0
2824,219,2.0
241,219,3.0
1039,219,1.5
2568,219,2.5
2327,219,4.0
447,219,3.0
260,219,1.0
211,219,2.5
305,219,2.5
443,219,3.0
388,219,3.5
1377,219,4.5
4638,219,3.0
802,219,3.5
1354,219,3.0
301,219,3.0
451,219,1.5
2979,219,4.0
26,219,0.5
246,219,3.5
2540,219,3.5
1765,219,3.5
604,219,3.0
1095,219,2.0
2148,219,4.0
462,219,0.5
433,219,2.0
150,219,3.0
165,219,3.0
1193,219,2.0
4745,219,3.0
2021,219,2.5
4340,219,4.5
629,219,4.5
4720,219,2.5
1700,219,3.0
1058,219,2.5
2842,219,4.0
4646,219,4.0
841,219,3.5
2933,219,4.5
2923,219,3.0
3061,219,3.5
397,219,3.0
3027,219,2.5
920,219,2.5
3049,219,4.0
781,219,2.0
2742,219,2.0
3429,219,4.5
626,219,2.0
234,219,1.0
1360,219,4.0
71,219,2.0
2813,219,2.0
719,219,2.5
619,219,4.0
3831,219,4.5
2519,219,5.0
1153,219,2.5
1014,219,3.0
208,219,3.5
3890,219,3.5
4346,219,3.0
663,219,4.5
3166,219,2.5
2756,219,4.0
2018,219,4.5
3178,219,3.0
3008,219,5.0
344,219,2.5
1055,219,2.0
3703,219,3.5
2095,219,4.0
1051,219,3.0
1998,219,4.0
4104,219,3.5
3889,219,2.5
239,219,4.5
2072,219,2.5
1840,219,2.0
2151,219,3.0
1538,219,1.0
3261,219,4.5
3455,219,3.5
275,219,4.5
481,219,0.5
2460,219,2.5
214,219,1.0
4003,219,3.5
540,219,3.0
896,219,2.5
512,219,3.0
367,219,3.5
3463,219,4.0
1548,219,3.0
3707,219,4.0
351,219,1.0
472,219,1.5
524,219,2.0
2909,219,4.5
385,219,3.5
1045,219,0.5
1664,219,3.5
3577,219,5.0
1702,219,3.0
2472,219,1.0
1853,219,2.5
900,219,4.5
111,219,1.0
475,219,3.5
469,219,2.5
1056,219,0.5
169,219,4.0
2926,219,4.0
335,219,2.0
279,219,2.5
346,219,2.5
2042,219,2.5
2212,219,2.0
1054,219,3.5
1719,219,4.5
2630,219,4.0
3712,219,3.5
232,219,3.5
1182,219,1.0
373,219,4.0
389,219,5.0
576,219,3.5
321,219,3.0
3033,219,3.0
1195,219,3.5
4299,219,4.5
2417,219,3.5
1398,219,3.0
1012,219,3.5
160,219,3.5
231,219,2.0
1035,219,2.5
276,219,3.5
747,219,1.5
674,219,3.0
569,219,2.0
277,219,2.5
148,219,2.5
2256,219,3.5
884,219,3.5
934,219,3.0
1969,219,2.5
2928,219,2.5
895,219,1.5
424,219,3.0
329,219,3.5
1624,219,0.5
94,219,3.5
200,219,4.5
187,219,4.0
575,219,2.5
3744,219,4.5
2032,219,2.5
2102,219,2.5
829,219,4.5
2326,219,3.5
2820,219,2.0
584,219,2.5
733,219,2.5
1709,219,2.0
3239,219,1.5
2155,219,4.5
729,219,3.0
831,219,4.0
146,219,3.0
566,219,4.0
192,219,2.5
1551,219,4.0
31,219,3.5
1849,219,4.5
267,219,3.5
4022,219,3.5
715,219,2.0
578,219,1.0
608,219,2.0
3601,219,4.5
2139,219,4.0
4298,219,3.0
292,219,3.5
248,219,3.0
3946,219,5.0
3435,219,4.0
1560,219,2.5
118,219,3.0
689,219,1.5
669,219,0.5
1179,219,4.0
1229,219,0.5
3079,219,3.5
230,219,3.5
249,219,3.5
120,219,4.5
186,219,2.0
243,219,2.0
1378,219,0.5
1296,219,4.0
596,219,1.0
2628,219,5.0
2720,219,2.5
3351,219,3.5
115,219,2.5
1687,219,2.0
25,219,3.5
1084,219,2.5
933,219,4.5
3315,219,5.0
919,219,4.0
1761,219,3.5
140,219,4.0
34,219,3.0
1501,219,1.0
13,219,3.0
3579,219,4.0
11,219,2.5
2136,219,3.0
4527,219,4.0
1487,219,4.0
555,219,1.5
1606,219,1.0
4045,219,3.5
2318,219,3.0
511,219,3.5
278,219,4.5
2415,219,2.0
119,219,4.5
2474,219,5.0
688,219,4.0
881,219,4.5
6,219,2.5
1747,219,3.5
2,219,4.0
399,219,4.0
3172,219,4.0
262,219,4.0
112,219,4.0
114,219,2.5
592,219,4.5
2395,219,4.5
3466,219,0.5
1021,219,5.0
2064,219,4.5
1832,219,4.0
2401,219,2.5
117,219,3.0
3338,219,4.5
525,219,4.5
1829,219,2.0
2619,219,4.5
1575,219,4.0
69,219,5.0
1818,219,3.5
54,219,3.5
58,219,4.5
513,219,3.0
438,219,3.5
164,219,4.5
3191,219,2.0
2197,219,0.5
1401,219,2.5
2669,219,5.0
2138,219,5.0
1690,219,4.0
1544,220,5.0
696,220,4.0
1573,220,4.5
636,220,5.0
356,220,4.0
76,220,0.5
4780,220,5.0
3236,220,5.0
2819,220,2.0
678,220,4.0
810,220,5.0
1545,220,3.5
283,220,4.5
676,220,5.0
1728,220,2.0
2514,220,4.5
1698,220,5.0
280,220,5.0
2281,220,5.0
426,220,3.0
384,220,4.0
2341,220,3.0
4336,220,5.0
4222,220,4.5
1705,220,5.0
4307,220,3.5
3725,220,5.0
2406,220,5.0
1850,220,5.0
2662,220,5.0
2288,220,5.0
1008,220,5.0
2812,220,5.0
903,220,4.5
2032,220,3.5
2327,220,3.5
366,220,5.0
2546,220,3.5
1194,220,1.5
2979,220,4.5
26,220,5.0
246,220,3.5
150,220,4.0
1154,220,4.5
1167,220,4.5
629,220,5.0
1700,220,4.0
2533,220,3.5
705,220,2.5
3061,220,5.0
1646,220,0.5
3049,220,5.0
234,220,3.5
814,220,4.0
1360,220,3.5
3831,220,4.5
2530,220,4.0
3890,220,4.0
663,220,1.5
225,220,4.0
2756,220,5.0
22,220,5.0
344,220,5.0
466,220,4.0
3889,220,4.5
1538,220,4.0
681,220,4.0
4003,220,4.5
1123,220,3.5
512,220,5.0
812,220,4.5
546,220,3.5
2909,220,4.0
385,220,4.0
1793,220,5.0
3577,220,5.0
900,220,5.0
2926,220,4.5
232,220,4.0
632,220,5.0
160,220,4.5
231,220,4.0
445,220,4.5
565,220,1.0
278,220,2.0
277,220,4.5
148,220,1.0
884,220,4.0
329,220,5.0
94,220,3.5
200,220,5.0
829,220,4.5
584,220,5.0
831,220,4.0
3147,220,3.5
566,220,5.0
192,220,4.5
4749,220,4.0
31,220,4.5
267,220,4.0
2048,220,4.0
118,220,3.0
230,220,4.0
120,220,4.5
2720,220,2.5
115,220,4.0
34,220,4.0
567,220,5.0
13,220,4.0
2318,220,4.0
511,220,5.0
278,220,4.0
119,220,4.5
688,220,4.5
112,220,3.5
1832,220,4.5
3338,220,2.5
1829,220,4.0
420,220,4.0
1577,220,4.5
69,220,4.5
54,220,4.0
182,220,3.5
58,220,5.0
513,220,2.0
164,220,2.5
1786,220,3.0
3007,220,3.5
2860,220,4.0
623,220,4.0
1973,220,3.5
1817,220,2.5
121,220,3.0
12,220,3.5
2098,220,2.0
1339,220,3.0
1453,220,3.5
361,220,3.5
159,220,5.0
44,220,3.5
36,220,3.0
348,220,2.0
3647,221,4.5
2993,221,2.5
4344,221,5.0
4023,221,4.5
3236,221,5.0
2204,221,4.5
810,221,3.5
676,221,3.0
1821,221,3.0
1728,221,5.0
1839,221,3.0
280,221,4.5
2281,221,3.5
4179,221,4.5
3893,221,4.5
3603,221,4.5
4611,221,4.5
3990,221,4.0
4336,221,5.0
4288,221,4.5
3892,221,5.0
4079,221,4.0
4307,221,4.5
3449,221,4.5
2517,221,2.5
4586,221,4.0
4297,221,4.5
3725,221,5.0
2608,221,5.0
2406,221,5.0
4609,221,4.5
2553,221,3.5
4082,221,5.0
1528,221,5.0
1850,221,4.5
839,221,5.0
3162,221,5.0
2173,221,4.5
3181,221,5.0
2331,221,5.0
3243,221,5.0
2662,221,4.0
2667,221,4.5
3993,221,5.0
4486,221,4.5
358,221,4.0
2027,221,4.0
3451,221,3.5
2458,221,3.5
1036,221,3.5
3680,221,3.5
2818,221,3.5
2320,221,4.0
2812,221,4.0
474,221,4.0
3776,221,5.0
1397,221,4.0
366,221,3.5
1377,221,5.0
2982,221,3.5
2575,221,4.5
2821,221,4.0
1421,221,5.0
26,221,3.0
4092,221,4.0
2021,221,4.0
4207,221,4.5
4439,221,4.5
1532,221,3.5
1815,221,3.0
2933,221,4.5
1878,221,4.0
2336,221,4.5
3049,221,4.0
3220,221,5.0
1360,221,0.5
2041,221,4.5
2519,221,5.0
4085,221,4.5
3535,221,4.0
663,221,5.0
225,221,3.0
2756,221,4.5
3178,221,4.0
1390,221,4.0
2095,221,3.5
4104,221,4.5
3542,221,4.5
2730,221,4.0
2151,221,4.0
3818,221,4.5
4003,221,4.5
4677,221,3.5
766,221,4.5
3463,221,5.0
4303,221,5.0
661,221,3.0
1793,221,4.0
1007,221,4.5
1853,221,4.0
2516,221,4.0
2319,221,3.0
3536,221,4.0
3488,221,4.5
1543,221,2.5
3152,221,3.5
3712,221,3.5
3897,221,5.0
2310,221,4.0
1569,221,4.5
3705,221,4.5
329,221,4.0
3307,221,4.5
200,221,3.5
3056,221,4.0
3034,221,3.5
3744,221,5.0
3424,221,5.0
3837,221,4.0
1559,221,4.0
449,221,3.5
2155,221,4.0
4749,221,4.5
4094,221,4.5
4022,221,4.0
4803,221,4.0
2410,221,5.0
3946,221,4.5
4008,221,4.5
1985,221,2.0
120,221,2.5
186,221,2.5
1553,222,3.5
557,222,4.0
1125,222,2.5
356,222,3.0
1253,222,2.0
3236,222,4.0
2819,222,4.0
810,222,4.0
953,222,3.0
404,222,2.5
2486,222,3.5
1821,222,3.0
453,222,2.5
966,222,1.5
3893,222,3.5
1705,222,3.0
4307,222,4.0
2971,222,3.0
2517,222,1.5
3464,222,4.0
1528,222,3.5
1850,222,4.0
2331,222,3.0
1666,222,3.0
2288,222,4.5
3993,222,4.0
474,222,2.5
903,222,3.5
1397,222,2.5
1039,222,2.0
260,222,1.5
3470,222,3.0
26,222,2.5
462,222,2.0
150,222,2.5
2021,222,3.0
4340,222,3.0
1815,222,4.0
629,222,3.0
1787,222,2.5
249,222,3.5
3061,222,3.5
3700,222,3.5
1783,222,3.0
2813,222,3.0
663,222,3.5
3178,222,3.5
713,222,4.0
892,222,3.5
1166,222,3.0
1996,222,2.5
3889,222,4.0
275,222,4.5
2460,222,3.5
214,222,1.5
896,222,4.0
812,222,4.0
1114,222,4.0
385,222,2.5
2092,222,3.0
1584,222,4.5
1853,222,3.0
475,222,3.5
1056,222,2.5
1543,222,3.5
1719,222,4.5
535,222,2.5
389,222,4.0
2547,222,2.5
569,222,2.5
317,222,4.0
884,222,4.5
3364,222,2.0
424,222,4.0
329,222,3.0
220,222,1.5
200,222,3.5
3744,222,3.0
1269,222,2.0
2102,222,4.0
829,222,4.0
1044,222,3.0
1063,222,3.0
172,222,2.5
1124,222,3.5
727,222,4.0
831,222,4.0
2499,222,3.0
1551,222,4.0
1849,222,2.5
1178,222,4.0
248,222,2.5
1560,222,3.0
689,222,3.5
1179,222,4.0
381,222,3.5
120,222,3.5
2572,222,3.5
156,222,2.0
933,222,4.0
1761,222,3.5
1963,222,2.0
399,222,3.5
2181,222,3.5
3338,222,3.0
848,222,3.5
1431,222,2.0
362,222,2.0
2476,222,2.5
354,222,2.5
2669,222,3.0
1816,222,4.0
914,222,4.0
1083,222,3.0
572,222,4.5
129,222,3.0
67,222,2.5
440,222,3.5
97,222,3.5
1368,222,3.5
285,222,2.5
1367,222,2.0
1387,222,2.5
1923,222,2.5
1402,222,4.0
867,222,1.5
427,222,4.0
206,222,3.5
1801,222,1.5
599,222,2.0
3345,222,1.5
1104,222,4.5
302,222,3.0
2590,222,2.0
2074,222,2.5
1533,222,3.0
885,222,2.5
718,222,3.0
288,222,4.0
3860,222,4.5
1334,222,4.0
3575,222,3.5
184,222,3.5
1151,222,3.0
1544,223,3.5
1573,223,1.0
557,223,3.5
3236,223,3.0
2819,223,1.0
676,223,3.5
2281,223,3.0
384,223,3.0
4586,223,3.5
2662,223,3.5
1616,223,1.0
305,223,3.5
456,223,3.5
2979,223,3.5
26,223,2.0
1815,223,3.5
744,223,4.5
1783,223,4.0
234,223,3.0
1360,223,3.0
1542,223,0.5
1504,223,3.0
2756,223,3.5
512,223,4.0
3577,223,4.0
900,223,4.0
232,223,4.0
160,223,4.0
276,223,4.0
4227,223,4.0
329,223,3.5
3744,223,3.5
829,223,3.5
2155,223,3.0
831,223,3.0
566,223,4.0
192,223,3.5
31,223,3.0
4022,223,5.0
1179,223,4.0
120,223,4.0
688,223,3.0
1832,223,3.0
2721,224,5.0
810,224,5.0
1545,224,4.0
1821,224,5.0
3892,224,4.0
3243,224,5.0
2662,224,5.0
2288,224,5.0
2458,224,5.0
903,224,5.0
26,224,5.0
629,224,5.0
3241,224,5.0
1058,224,1.0
2533,224,5.0
1783,224,4.0
3831,224,5.0
2530,224,5.0
2317,224,5.0
3703,224,4.0
3455,224,5.0
812,224,5.0
3833,225,5.0
2993,225,5.0
4780,225,5.0
283,225,3.0
3410,225,3.0
2020,225,3.0
1698,225,4.0
1886,225,5.0
4678,225,4.0
4586,225,3.0
839,225,4.0
3162,225,4.0
2173,225,3.0
3243,225,5.0
2288,225,4.0
2812,225,5.0
2285,225,4.0
1964,225,2.0
2540,225,2.0
3259,225,4.0
3015,225,5.0
2021,225,4.0
4289,225,4.0
2412,225,2.0
1399,225,4.0
2915,225,3.0
954,225,3.0
1154,225,4.0
2533,225,3.0
2923,225,4.0
4795,225,1.0
1783,225,5.0
1417,225,3.0
234,225,3.0
3831,225,4.0
2317,225,5.0
2519,225,3.0
3178,225,3.0
3008,225,4.0
2322,225,3.0
2095,225,4.0
1544,226,3.5
696,226,4.0
893,226,4.5
1553,226,3.5
2141,226,2.0
2721,226,3.0
2103,226,3.5
813,226,3.0
3833,226,4.0
2993,226,5.0
1994,226,3.5
636,226,4.5
300,226,4.0
821,226,2.0
921,226,3.0
1283,226,5.0
3447,226,5.0
76,226,2.5
4780,226,5.0
3236,226,4.5
2950,226,3.5
2819,226,4.5
810,226,4.0
1545,226,2.5
953,226,4.0
3410,226,4.5
676,226,4.0
1814,226,3.5
2486,226,4.0
2765,226,3.0
1136,226,2.0
2514,226,4.0
1698,226,4.0
280,226,4.0
2281,226,2.0
4265,226,3.0
1110,226,3.0
426,226,3.5
966,226,3.5
1886,226,4.0
1498,226,2.5
2675,226,2.5
3452,226,3.0
33,226,3.0
1705,226,3.0
4016,226,3.0
3934,226,5.0
2971,226,4.0
4586,226,5.0
3725,226,4.0
2553,226,2.0
4082,226,4.0
3745,226,4.0
3795,226,4.0
2456,226,4.0
3243,226,4.0
2662,226,4.0
2288,226,4.0
3993,226,4.0
1008,226,4.5
1036,226,4.0
3448,226,2.5
2812,226,3.5
474,226,2.5
2824,226,3.0
2285,226,4.0
1039,226,3.0
2327,226,4.0
211,226,1.5
443,226,2.5
456,226,4.0
4638,226,3.0
2408,226,2.0
2979,226,4.0
26,226,1.5
3259,226,4.0
2148,226,3.0
2313,226,3.5
2021,226,2.5
3454,226,4.0
4340,226,3.5
1815,226,4.0
2412,226,3.0
2915,226,3.5
1154,226,4.0
1167,226,2.5
3241,226,3.0
1700,226,4.0
1787,226,3.5
2533,226,4.0
2842,226,4.0
841,226,3.0
2679,226,2.0
2111,226,3.0
3061,226,4.5
3700,226,3.5
3027,226,3.0
916,226,2.0
3049,226,5.0
626,226,3.0
234,226,2.5
1122,226,4.0
1360,226,4.0
1542,226,3.5
2813,226,3.0
651,226,2.0
2530,226,4.0
2317,226,4.0
2519,226,4.0
208,226,4.0
2089,226,3.0
663,226,4.0
225,226,3.5
2756,226,4.0
2018,226,5.0
22,226,4.0
3178,226,4.0
3008,226,4.5
1500,226,4.0
1335,226,4.0
3703,226,4.0
2095,226,5.0
1183,226,4.0
910,226,3.5
3889,226,4.5
239,226,4.0
1830,226,3.5
2072,226,2.5
2090,226,3.0
2151,226,4.0
573,226,3.0
3261,226,4.5
3455,226,3.5
275,226,4.0
481,226,0.5
4003,226,5.0
3741,226,3.5
1123,226,3.0
512,226,3.5
1062,226,2.5
367,226,2.0
766,226,4.5
3463,226,4.0
1548,226,4.0
812,226,4.0
546,226,3.5
2909,226,4.5
2738,226,1.0
631,226,1.5
385,226,2.5
1045,226,2.0
1793,226,4.0
2513,226,4.0
1572,226,2.5
1937,226,1.0
2944,226,0.5
1584,226,4.0
1834,226,2.0
2472,226,3.0
1853,226,4.5
900,226,4.0
469,226,3.0
333,226,2.5
169,226,3.5
2995,226,5.0
2926,226,4.0
2366,226,2.0
2042,226,4.5
1054,226,3.0
1719,226,3.0
1017,226,3.0
3712,226,3.5
232,226,4.0
389,226,4.5
576,226,4.0
2130,226,4.0
3747,226,2.5
600,226,2.5
4299,226,5.0
2417,226,2.5
632,226,4.0
2699,226,0.5
160,226,4.0
1759,226,4.0
231,226,3.5
1035,226,3.0
415,226,2.5
276,226,3.0
445,226,4.0
674,226,4.0
565,226,2.5
1898,226,4.0
2839,226,4.0
277,226,2.5
2256,226,4.5
317,226,4.0
884,226,4.5
1541,226,3.5
2293,226,3.0
1969,226,5.0
3524,226,2.5
2551,226,3.0
1714,226,4.0
424,226,3.0
329,226,4.0
1624,226,2.0
3244,226,4.0
200,226,4.5
187,226,3.0
3034,226,3.5
1869,226,1.0
3744,226,4.5
1269,226,2.0
3424,226,4.0
2102,226,3.5
1559,226,4.5
829,226,3.5
1497,226,4.0
1063,226,4.0
584,226,4.5
649,226,3.0
3571,226,1.0
1124,226,2.5
1709,226,4.0
516,226,4.0
727,226,4.0
1205,226,3.0
1710,226,4.0
2155,226,4.5
2202,226,2.5
2333,226,3.0
146,226,2.5
566,226,4.0
192,226,4.0
4582,226,4.5
4749,226,3.5
1551,226,4.0
3450,226,3.5
31,226,4.0
1849,226,4.0
304,226,0.5
4022,226,4.5
578,226,1.5
3601,226,4.0
2139,226,2.0
2410,226,4.0
958,226,2.5
1411,226,4.0
248,226,2.5
4008,226,4.5
118,226,4.0
689,226,3.5
3079,226,4.0
230,226,4.0
120,226,4.5
186,226,2.0
4326,226,2.5
1597,226,4.0
941,226,3.0
115,226,4.0
3315,226,4.5
13,226,2.5
3579,226,4.0
3242,226,5.0
534,226,3.5
1487,226,3.0
555,226,2.5
3039,226,4.0
2474,226,4.5
1747,226,4.5
2564,226,1.5
2,226,2.0
114,226,4.0
2395,226,4.5
1021,226,4.0
282,226,5.0
1832,226,5.0
117,226,4.0
3338,226,3.5
1444,226,3.5
54,226,2.5
182,226,4.0
2452,227,3.5
557,227,3.5
636,227,4.0
4023,227,4.0
3236,227,4.5
810,227,5.0
1821,227,4.0
280,227,3.5
4179,227,4.5
3893,227,5.0
4336,227,3.5
2021,227,4.5
1815,227,4.5
1783,227,4.0
663,227,5.0
329,227,4.5
829,227,4.0
584,227,5.0
3444,227,4.5
4094,227,4.0
4803,227,4.5
2400,227,5.0
1179,227,4.0
1137,227,4.5
1727,227,3.5
1687,227,4.5
3242,227,4.5
1606,227,5.0
511,227,4.5
278,227,3.5
592,227,2.5
1832,227,4.0
3338,227,4.5
1858,227,4.5
69,227,4.5
1818,227,4.5
2669,227,4.5
1816,227,3.5
1557,227,5.0
440,227,3.5
97,227,3.5
4102,227,4.0
102,227,4.5
1104,227,4.5
90,227,4.0
3860,227,4.0
48,227,4.0
1334,227,4.0
819,227,4.0
2108,227,4.0
96,227,3.5
75,227,4.0
2755,227,4.0
2525,227,4.5
128,227,4.0
271,227,4.5
78,227,4.5
1728,228,4.0
3154,228,3.0
851,228,3.5
839,228,4.5
3162,228,4.5
1586,228,4.0
771,228,4.5
719,228,4.0
297,228,4.0
1538,228,3.0
681,228,4.0
58,228,4.0
1544,229,5.0
696,229,4.0
1553,229,3.0
1540,229,4.0
1573,229,5.0
2930,229,4.0
2169,229,3.0
557,229,5.0
636,229,5.0
300,229,3.0
356,229,3.0
827,229,4.0
3236,229,5.0
1305,229,4.0
2819,229,3.0
2204,229,3.0
678,229,4.0
810,229,4.0
3702,229,4.0
1545,229,4.0
283,229,4.0
645,229,3.0
676,229,3.0
1814,229,4.0
2486,229,4.0
1821,229,4.0
2514,229,3.0
2020,229,3.0
280,229,5.0
2281,229,3.0
1361,229,3.0
1362,229,3.0
4273,229,3.0
4274,229,3.0
2671,229,3.0
426,229,4.0
384,229,4.0
1573,230,2.0
2721,230,3.0
636,230,2.0
300,230,3.5
1283,230,3.0
2819,230,3.0
1545,230,3.0
283,230,3.0
1821,230,1.0
2514,230,3.5
2020,230,2.5
1698,230,2.0
280,230,0.5
2281,230,2.5
1361,230,3.0
1362,230,3.0
4273,230,3.0
4274,230,3.0
2671,230,4.0
426,230,2.0
384,230,4.0
287,230,2.0
4336,230,1.5
327,230,2.0
3934,230,3.0
2971,230,0.5
2517,230,2.5
2406,230,3.0
839,230,3.5
3162,230,3.5
2458,230,1.5
2812,230,1.0
903,230,1.0
2285,230,3.0
241,230,4.0
1039,230,3.0
443,230,3.5
388,230,2.5
301,230,3.0
2979,230,3.0
26,230,3.0
1625,230,0.5
1815,230,3.0
1700,230,3.0
2533,230,3.0
2111,230,3.5
3049,230,2.5
626,230,3.5
871,230,0.5
1360,230,0.5
208,230,3.0
663,230,3.0
225,230,1.0
344,230,3.0
2095,230,1.5
2330,230,3.5
275,230,3.0
214,230,3.0
512,230,3.0
812,230,4.5
385,230,4.0
1007,230,1.0
364,230,4.0
632,230,4.0
160,230,4.0
565,230,4.0
329,230,4.5
3244,230,4.0
94,230,1.5
200,230,5.0
2102,230,3.0
829,230,2.0
831,230,1.0
566,230,2.0
31,230,4.0
267,230,4.5
118,230,2.0
3079,230,1.5
249,230,4.5
120,230,4.5
186,230,4.5
4649,230,3.0
25,230,4.0
34,230,3.5
13,230,5.0
119,230,3.5
688,230,3.5
1747,230,3.0
112,230,5.0
3236,231,4.0
1821,231,2.0
280,231,5.0
1705,231,5.0
2406,231,5.0
839,231,4.0
3162,231,4.0
2288,231,4.0
1008,231,4.0
2979,231,2.0
2519,231,4.0
4244,231,3.0
2669,231,5.0
96,231,3.0
1544,232,3.5
696,232,3.0
2721,232,3.0
813,232,2.5
2993,232,3.5
557,232,4.5
1994,232,3.5
636,232,4.5
356,232,3.5
3236,232,5.0
810,232,4.0
1545,232,3.5
676,232,3.0
1814,232,4.0
1821,232,4.5
2514,232,3.0
1698,232,3.0
280,232,4.0
4265,232,2.5
1110,232,2.5
2671,232,3.5
426,232,3.0
804,232,3.0
453,232,2.5
384,232,3.0
3892,232,4.0
327,232,2.5
3452,232,3.5
33,232,3.0
1705,232,4.5
3934,232,4.0
2971,232,4.0
4586,232,3.5
2662,232,4.0
2288,232,3.0
1008,232,3.5
574,232,3.5
3448,232,3.5
2812,232,3.5
1061,232,2.0
946,232,2.5
388,232,3.5
875,232,2.0
741,232,3.0
26,232,4.5
353,232,3.5
150,232,4.5
2021,232,3.0
4340,232,4.0
1815,232,4.0
1399,232,4.5
4448,232,1.5
1081,232,3.5
629,232,5.0
1700,232,3.5
432,232,3.0
1058,232,3.5
2111,232,3.0
3061,232,5.0
468,232,3.0
3206,232,3.0
3939,232,1.5
279,232,3.5
234,232,4.0
1542,232,3.0
1537,232,3.0
2813,232,3.5
519,232,2.0
3831,232,3.0
2317,232,3.5
2845,232,4.0
1153,232,2.5
663,232,4.5
344,232,3.0
1055,232,2.5
3348,232,4.5
374,232,3.0
1996,232,3.0
2090,232,3.0
1538,232,3.5
3261,232,4.0
1688,232,3.5
275,232,5.0
834,232,3.0
1483,232,2.5
540,232,2.5
1123,232,3.0
512,232,4.0
367,232,3.0
644,232,3.0
2983,232,3.0
766,232,4.0
3463,232,3.0
1548,232,4.5
812,232,4.0
3707,232,4.5
351,232,3.0
472,232,2.5
1505,232,4.0
546,232,3.5
524,232,3.5
2738,232,3.0
631,232,3.5
1114,232,3.5
385,232,4.0
1045,232,3.0
1793,232,3.5
652,232,3.0
3577,232,5.0
1366,232,2.5
2472,232,3.0
900,232,4.0
111,232,4.5
475,232,2.5
469,232,4.0
359,232,2.5
333,232,3.5
556,232,2.5
364,232,3.5
702,232,3.0
1056,232,3.0
169,232,2.5
2319,232,3.0
335,232,3.5
279,232,3.0
346,232,3.0
1543,232,3.5
605,232,3.0
1016,232,3.0
1054,232,4.5
1719,232,4.0
2854,232,2.5
1717,232,3.5
1017,232,4.0
232,232,4.0
1182,232,3.0
1190,232,3.5
389,232,4.0
1828,232,3.0
1314,232,3.0
321,232,3.5
1195,232,4.0
2538,232,2.5
2830,232,1.5
1340,232,4.0
4299,232,3.0
580,232,5.0
632,232,3.5
1398,232,2.0
865,232,3.0
1797,232,2.0
3597,232,3.5
716,232,3.0
160,232,4.5
231,232,4.0
276,232,4.5
908,232,2.5
1587,232,2.5
747,232,3.0
1640,232,2.5
674,232,3.5
565,232,4.0
1304,232,2.0
569,232,3.0
2817,232,2.5
1911,232,2.5
1301,232,3.5
498,232,4.0
3897,232,3.0
2362,232,3.5
1143,232,4.0
277,232,3.0
148,232,3.0
1030,232,2.0
306,232,2.5
2256,232,3.5
2109,232,4.0
317,232,4.5
884,232,4.0
1541,232,4.0
2293,232,3.0
722,232,2.5
3346,232,2.0
1792,232,3.0
934,232,3.0
856,232,3.0
1969,232,4.0
2093,232,2.5
530,232,4.0
2928,232,3.5
895,232,3.0
2106,232,4.0
2551,232,3.0
4227,232,3.0
700,232,3.0
424,232,3.0
329,232,4.0
1624,232,2.5
541,232,3.0
220,232,2.5
166,232,2.5
1836,232,2.5
94,232,4.0
200,232,4.5
187,232,3.5
370,232,3.0
383,232,3.5
1781,232,3.0
575,232,3.5
1826,232,2.5
1851,232,2.0
3744,232,3.5
1603,232,3.0
2032,232,3.5
1269,232,3.0
959,232,3.5
2102,232,4.0
757,232,3.0
829,232,3.0
1386,232,4.0
1044,232,3.0
1497,232,3.5
1063,232,3.5
484,232,3.0
2340,232,2.5
584,232,4.0
847,232,3.0
1159,232,2.5
733,232,3.5
1658,232,2.5
1124,232,3.5
2746,232,4.0
3245,232,2.5
2325,232,2.0
2355,232,2.0
1709,232,4.5
516,232,4.0
1804,232,2.5
499,232,3.5
727,232,3.0
1205,232,4.0
2155,232,4.0
1419,232,3.0
729,232,3.5
809,232,3.0
339,232,3.5
831,232,3.0
1581,232,3.0
725,232,3.5
2202,232,3.0
2333,232,4.0
146,232,5.0
566,232,3.0
963,232,3.0
192,232,2.5
1776,232,3.5
4582,232,3.5
4749,232,3.0
1551,232,4.0
3693,232,3.5
2104,232,2.5
3450,232,4.0
31,232,4.0
1849,232,3.5
267,232,4.5
304,232,2.0
715,232,4.5
1632,232,3.0
578,232,2.0
1580,232,2.5
1875,232,1.5
2191,232,3.0
1650,232,3.5
1078,232,3.0
957,232,3.0
1634,232,2.0
608,232,1.5
1438,232,2.5
3601,232,3.5
526,232,3.0
717,232,3.5
1192,232,2.5
2139,232,3.5
3129,232,3.0
4298,232,4.5
1178,232,4.0
805,232,3.0
1845,232,4.0
292,232,4.0
928,232,2.5
248,232,3.0
655,232,3.0
2969,232,2.5
3508,232,3.0
533,232,3.0
4472,232,2.5
545,232,3.0
1560,232,4.5
2400,232,4.0
118,232,3.5
1796,232,3.0
689,232,3.0
1071,232,1.5
2987,232,2.0
3109,232,3.5
669,232,2.0
1592,232,2.0
1059,232,3.5
1637,232,2.5
1848,232,3.0
2120,232,1.5
3014,232,2.5
816,232,3.5
2566,232,3.0
983,232,3.0
1433,232,2.0
528,232,3.0
539,232,3.0
442,232,3.5
746,232,2.5
1375,232,3.0
1179,232,4.5
1865,232,2.0
168,232,3.0
1229,232,3.5
1940,232,2.5
768,232,2.5
268,232,4.0
1410,232,2.5
3079,232,4.5
230,232,4.0
1069,232,3.0
1052,232,2.5
510,232,3.0
4524,232,3.0
381,232,4.0
1919,232,2.5
249,232,4.0
120,232,4.5
186,232,3.5
243,232,3.0
3989,232,3.5
163,232,3.0
1396,232,3.0
1296,232,3.5
1576,232,3.0
1791,232,4.0
1516,232,3.0
793,232,3.0
1137,232,3.5
596,232,2.0
4326,232,3.5
826,232,2.5
1597,232,3.0
3352,232,3.5
986,232,3.0
2628,232,3.5
869,232,3.0
3351,232,3.0
3559,232,4.0
558,232,4.5
693,232,2.0
1727,232,3.5
115,232,2.5
1687,232,4.0
1237,232,4.0
1068,232,2.5
25,232,4.5
708,232,2.5
156,232,3.0
3682,232,3.0
1074,232,3.0
1112,232,3.5
1842,232,3.0
944,232,3.0
2537,232,2.0
1174,232,3.5
2116,232,0.5
1636,232,2.5
2091,232,2.0
924,232,3.0
933,232,5.0
1873,232,3.0
3315,232,4.0
919,232,3.5
1761,232,3.5
3258,232,3.0
2163,232,1.5
1165,232,2.5
140,232,3.5
2339,232,3.5
2167,232,1.5
105,232,3.0
34,232,3.5
567,232,3.0
1501,232,2.0
417,232,3.5
13,232,3.5
870,232,3.0
577,232,2.5
1629,232,1.5
11,232,3.0
3242,232,4.0
1487,232,2.0
555,232,3.5
244,232,3.0
1606,232,3.5
2856,232,2.0
2411,232,3.5
1618,232,3.0
2318,232,3.5
3014,232,3.0
2131,232,2.5
511,232,4.0
879,232,3.5
2981,232,3.5
2872,232,2.0
278,232,2.5
386,232,2.0
3771,232,3.0
298,232,4.0
1963,232,2.5
664,232,3.5
2075,232,4.0
1751,232,4.0
2760,232,3.0
2677,232,2.5
1844,232,3.5
4220,232,3.5
2415,232,3.0
2125,232,1.5
119,232,4.0
1218,232,3.5
3039,232,2.0
2474,232,3.5
422,232,4.0
692,232,2.5
688,232,5.0
2121,232,3.5
2180,232,4.0
742,232,4.0
686,232,3.0
1277,232,3.0
1282,232,3.5
6,232,3.0
1747,232,4.0
517,232,4.0
107,232,2.5
2,232,3.5
399,232,3.5
3172,232,4.0
2017,232,3.5
262,232,3.5
74,232,3.0
112,232,3.5
114,232,2.5
1913,232,3.5
592,232,4.0
2395,232,4.0
1021,232,4.0
1072,232,3.5
1870,232,2.5
2064,232,4.0
2800,232,3.5
2986,232,3.0
282,232,4.0
137,232,3.5
2213,232,3.0
152,232,2.5
392,232,4.5
117,232,3.0
3338,232,4.5
1563,232,3.0
785,232,0.5
1829,232,2.5
1416,232,3.0
2619,232,3.5
420,232,3.0
3349,232,4.0
848,232,3.0
2078,232,3.5
1373,232,3.5
796,232,3.0
1926,232,3.0
1575,232,4.5
2826,232,3.5
4031,232,4.5
1577,232,2.5
69,232,4.5
1818,232,3.0
4593,232,2.0
182,232,3.0
58,232,3.5
513,232,3.5
116,232,3.0
164,232,4.5
640,232,3.5
1786,232,3.5
1332,232,4.0
2127,232,3.5
448,232,3.5
3007,232,4.0
623,232,4.0
1973,232,4.0
2249,232,3.5
1647,232,3.5
850,232,4.0
1706,232,4.0
2962,232,3.0
2301,232,4.0
1339,232,2.0
1816,232,4.5
866,232,4.0
914,232,3.5
361,232,3.0
444,232,3.0
1393,232,3.5
1780,232,2.5
723,232,3.0
1164,232,4.0
553,232,3.5
1181,232,4.0
923,232,3.0
3609,232,4.0
3143,232,4.0
1186,232,4.0
572,232,4.5
159,232,5.0
44,232,4.0
122,232,3.5
1601,232,3.5
67,232,4.5
749,232,3.0
36,232,3.5
281,232,4.0
3343,232,5.0
9,232,3.5
1557,232,3.5
1564,232,3.5
77,232,2.5
1620,232,3.5
996,232,3.5
4363,232,3.0
2598,232,3.5
477,232,4.0
1991,232,4.0
880,232,4.0
1568,232,4.0
2932,232,3.0
60,232,3.5
964,232,4.0
750,232,3.0
1,232,4.0
357,232,3.5
1723,232,4.5
1191,232,3.5
43,232,5.0
97,232,5.0
189,232,4.0
624,232,3.0
412,232,4.0
2096,232,3.0
968,232,4.0
2733,232,5.0
1368,232,4.5
1544,233,3.0
557,233,3.0
636,233,2.0
3236,233,4.0
810,233,5.0
1821,233,4.0
2514,233,3.0
426,233,3.0
3893,233,3.5
2970,233,3.5
4307,233,2.5
4586,233,3.0
3725,233,3.0
2331,233,3.0
3745,233,3.5
26,233,3.5
2313,233,3.0
4745,233,3.5
629,233,4.0
3061,233,4.0
2813,233,3.5
2519,233,3.0
663,233,4.0
2756,233,4.0
1123,233,3.0
812,233,2.5
3707,233,4.5
351,233,3.0
1793,233,3.5
1584,233,3.5
1853,233,3.5
900,233,4.0
277,233,3.5
3705,233,4.0
317,233,3.5
884,233,3.5
329,233,4.0
200,233,3.0
2102,233,2.5
829,233,3.5
2155,233,5.0
831,233,3.5
146,233,3.0
192,233,3.5
1560,233,3.5
1179,233,3.0
120,233,3.5
933,233,3.0
278,233,3.5
282,233,3.0
1877,233,3.0
2619,233,3.0
420,233,3.0
69,233,3.0
58,233,4.0
2669,233,3.5
1816,233,3.5
572,233,3.5
1557,233,3.0
1,233,2.5
357,233,3.5
440,233,4.0
51,233,1.5
97,233,3.5
2733,233,3.5
375,233,3.0
1582,233,3.5
988,233,2.5
288,233,3.5
1342,233,2.0
3575,233,4.0
96,233,3.0
457,233,2.0
2755,233,1.0
128,233,2.5
789,233,3.0
27,233,2.0
78,233,4.5
1544,234,5.0
1573,234,3.0
813,234,5.0
300,234,5.0
821,234,5.0
2819,234,2.0
1545,234,4.0
676,234,5.0
404,234,4.0
1136,234,2.0
1839,234,5.0
2514,234,2.0
1698,234,5.0
2281,234,4.0
1361,234,4.0
1362,234,4.0
4273,234,4.0
4274,234,4.0
4265,234,5.0
3154,234,4.0
426,234,4.0
453,234,3.0
384,234,5.0
966,234,3.0
2751,234,3.0
3452,234,4.0
3017,234,4.0
1705,234,4.0
3934,234,4.0
2971,234,5.0
2517,234,3.0
2406,234,4.0
839,234,5.0
3162,234,5.0
2948,234,2.0
3243,234,4.0
2493,234,4.0
1008,234,3.0
1036,234,3.0
728,234,4.0
574,234,3.0
1586,234,3.0
2818,234,3.0
429,234,5.0
2739,234,4.0
474,234,4.0
2824,234,1.0
211,234,2.0
305,234,5.0
443,234,4.0
380,234,3.0
875,234,3.0
741,234,4.0
905,234,4.0
2604,234,2.0
353,234,5.0
1193,234,2.0
1364,234,3.0
629,234,3.0
1721,234,5.0
1700,234,3.0
432,234,4.0
2842,234,4.0
705,234,3.0
2393,234,4.0
486,234,2.0
2349,234,3.0
1646,234,3.0
3354,234,3.0
3584,234,3.0
1026,234,3.0
234,234,3.0
814,234,5.0
871,234,3.0
1298,234,2.0
2436,234,2.0
519,234,5.0
2089,234,1.0
225,234,4.0
344,234,5.0
1055,234,4.0
239,234,3.0
1830,234,2.0
2072,234,3.0
2178,234,3.0
573,234,4.0
834,234,5.0
4520,234,4.0
1123,234,1.0
512,234,4.0
351,234,4.0
1565,234,4.0
385,234,4.0
2092,234,3.0
2513,234,3.0
2010,234,4.0
3577,234,4.0
1366,234,4.0
1584,234,3.0
900,234,5.0
309,234,4.0
2995,234,4.0
335,234,4.0
696,235,2.0
1540,235,4.0
3749,235,5.0
1573,235,4.0
2930,235,4.0
2721,235,3.0
813,235,3.0
1530,235,5.0
557,235,4.0
636,235,5.0
300,235,3.0
824,235,3.0
76,235,1.0
4780,235,4.0
1893,235,3.0
2371,235,4.0
4487,235,4.0
3236,235,4.0
1305,235,3.0
2819,235,2.0
2204,235,4.0
678,235,3.0
810,235,5.0
3702,235,4.0
1545,235,5.0
283,235,4.0
645,235,3.0
676,235,4.0
1814,235,4.0
2486,235,4.0
1821,235,5.0
2514,235,3.0
1698,235,4.0
280,235,4.0
2281,235,4.0
1361,235,3.0
1362,235,3.0
4273,235,3.0
4274,235,3.0
4265,235,4.0
2671,235,4.0
426,235,3.0
384,235,4.0
839,236,5.0
3162,236,5.0
3993,236,5.0
1616,236,3.0
2812,236,5.0
2097,236,1.0
2412,236,5.0
2688,236,2.0
2461,236,5.0
920,236,5.0
1417,236,3.0
3049,236,4.0
1222,236,4.0
2742,236,5.0
3429,236,5.0
1492,236,1.0
2629,236,2.0
1360,236,5.0
1542,236,2.0
3050,236,3.0
830,236,5.0
2519,236,5.0
3008,236,5.0
810,237,2.0
3725,237,4.5
4609,237,4.0
1370,237,2.5
1753,237,2.5
2818,237,3.5
2320,237,3.5
946,237,3.0
3700,237,3.0
3206,237,3.5
1222,237,3.5
234,237,2.5
2519,237,3.5
2460,237,2.5
1885,237,3.5
276,237,3.5
424,237,3.0
329,237,3.0
200,237,3.0
2155,237,4.0
1137,237,4.0
1084,237,3.0
933,237,4.0
3315,237,4.0
1606,237,2.5
2318,237,3.5
2669,237,3.5
2464,237,3.5
3353,238,4.0
2971,238,2.0
3725,238,3.0
2667,238,3.0
2832,238,5.0
358,238,3.0
388,238,4.0
1815,238,2.0
2918,238,5.0
4795,238,4.0
2672,238,3.0
2670,238,4.0
1702,238,4.0
1885,238,4.0
561,238,3.0
111,238,4.0
2630,238,4.0
373,238,4.0
1190,238,4.0
1544,239,4.0
893,239,4.5
616,239,3.5
1540,239,4.0
970,239,3.5
646,239,3.5
2993,239,3.5
557,239,4.5
3353,239,4.5
76,239,2.5
930,239,4.0
3236,239,5.0
678,239,4.5
810,239,5.0
283,239,3.5
676,239,4.0
1728,239,4.0
2020,239,3.5
1698,239,4.0
280,239,3.5
2281,239,4.0
2671,239,4.0
426,239,4.0
3893,239,4.5
287,239,3.0
1498,239,4.0
2970,239,4.0
1705,239,4.0
4307,239,5.0
3449,239,4.5
2517,239,3.5
4586,239,5.0
3725,239,4.0
2406,239,4.0
1528,239,5.0
1850,239,5.0
839,239,4.0
3162,239,4.0
2331,239,3.5
2456,239,4.0
3243,239,4.5
2662,239,2.5
2667,239,4.5
1008,239,4.5
2458,239,3.5
1397,239,4.0
1039,239,2.5
447,239,3.0
443,239,3.0
366,239,4.0
802,239,4.0
1354,239,5.0
2575,239,3.0
301,239,4.0
2979,239,5.0
150,239,4.0
2021,239,4.0
4340,239,3.5
1815,239,4.5
1154,239,4.0
629,239,5.0
3241,239,3.0
1700,239,4.5
1058,239,4.0
2842,239,4.5
471,239,4.5
2923,239,3.0
3061,239,5.0
397,239,3.5
639,239,4.5
3206,239,3.0
3049,239,5.0
234,239,3.5
1360,239,3.5
1537,239,2.0
71,239,3.0
2813,239,4.0
2317,239,4.0
1504,239,3.5
2519,239,5.0
1153,239,4.0
1014,239,4.0
208,239,3.0
663,239,5.0
225,239,3.0
3008,239,4.0
2095,239,2.5
910,239,4.5
2730,239,4.0
1840,239,3.5
2330,239,3.0
275,239,4.5
214,239,4.0
512,239,4.5
351,239,3.5
546,239,4.5
2674,239,4.0
2909,239,5.0
385,239,3.5
2513,239,3.5
402,239,5.0
1853,239,4.5
900,239,4.0
364,239,1.0
2995,239,4.0
1543,239,3.5
1054,239,4.0
3712,239,4.0
2356,239,4.5
232,239,4.5
389,239,4.0
321,239,4.5
632,239,4.0
3597,239,4.0
160,239,4.5
231,239,3.5
276,239,4.0
445,239,3.5
3897,239,4.5
277,239,4.0
2256,239,5.0
884,239,4.0
329,239,4.5
3244,239,5.0
94,239,2.5
200,239,4.0
3424,239,4.5
1559,239,4.5
829,239,4.0
1063,239,3.5
584,239,3.5
2746,239,3.5
831,239,4.0
725,239,4.5
275,239,5.0
566,239,4.0
192,239,4.0
4582,239,1.5
3450,239,4.0
31,239,4.0
267,239,4.5
715,239,4.0
3639,239,4.5
248,239,4.0
1179,239,4.0
249,239,4.0
120,239,4.5
186,239,3.5
1296,239,4.5
1137,239,4.0
2628,239,4.0
115,239,4.0
529,239,3.5
933,239,4.5
919,239,4.5
1761,239,5.0
34,239,4.5
13,239,3.5
11,239,3.5
1606,239,4.5
2318,239,3.5
511,239,3.0
298,239,4.0
119,239,4.0
688,239,4.0
6,239,3.5
1747,239,3.5
2,239,4.0
399,239,4.5
3172,239,4.0
112,239,4.0
114,239,4.0
592,239,4.0
2395,239,4.0
1021,239,5.0
282,239,4.5
1832,239,5.0
117,239,3.0
1829,239,2.5
69,239,4.5
1085,239,0.5
1544,240,5.0
696,240,3.0
893,240,3.0
1553,240,5.0
1573,240,5.0
2721,240,5.0
2103,240,4.0
813,240,3.0
646,240,5.0
2993,240,5.0
557,240,5.0
636,240,4.0
300,240,3.0
821,240,4.0
921,240,4.0
824,240,4.0
356,240,5.0
536,240,5.0
1380,240,4.0
737,240,4.0
76,240,4.0
827,240,4.0
930,240,5.0
3236,240,2.0
1305,240,3.0
1628,240,5.0
2819,240,5.0
678,240,3.0
810,240,5.0
1545,240,5.0
283,240,3.0
585,240,3.0
677,240,5.0
953,240,4.0
645,240,3.0
676,240,4.0
404,240,4.0
1814,240,5.0
1246,240,5.0
2049,240,3.0
1136,240,3.0
1839,240,5.0
1698,240,4.0
280,240,4.0
2281,240,4.0
1361,240,3.0
1362,240,3.0
4273,240,3.0
4274,240,3.0
4265,240,3.0
1110,240,3.0
1303,240,4.0
804,240,5.0
453,240,5.0
384,240,5.0
3934,240,5.0
1036,240,5.0
728,240,5.0
4023,241,5.0
3236,241,4.5
1821,241,3.5
3725,241,4.5
2662,241,3.0
629,241,3.0
3883,241,2.0
2519,241,3.5
663,241,3.0
2756,241,3.5
2802,241,5.0
3712,241,3.5
2839,241,4.0
2449,241,4.0
2190,241,3.0
2155,241,4.0
4094,241,5.0
1411,241,4.0
3946,241,3.5
2668,241,4.0
1687,241,4.0
933,241,4.0
3153,241,4.5
3242,241,4.5
4711,241,3.5
2181,241,3.5
3332,241,4.0
3338,241,3.5
2476,241,4.5
572,241,4.5
1465,241,4.0
3159,241,4.5
217,241,4.5
288,241,4.0
3924,241,5.0
240,241,4.5
125,241,4.0
2000,241,5.0
3759,241,4.5
3871,241,4.5
694,241,3.5
95,241,4.0
3238,241,4.5
2525,241,3.0
2550,241,3.5
2118,241,3.0
78,241,3.5
1540,242,3.0
2721,242,3.0
4344,242,4.0
636,242,3.0
300,242,2.0
824,242,4.0
76,242,4.0
827,242,4.0
1567,242,3.0
930,242,3.0
3236,242,5.0
1305,242,3.0
2950,242,3.0
2819,242,3.0
678,242,3.0
283,242,4.0
645,242,4.0
1698,242,3.0
2281,242,3.0
1361,242,3.0
1362,242,3.0
4273,242,3.0
4274,242,3.0
696,243,5.0
2930,243,4.0
2103,243,4.0
813,243,4.0
1530,243,5.0
1994,243,4.0
300,243,4.0
824,243,5.0
356,243,5.0
1253,243,5.0
810,243,4.0
1545,243,5.0
283,243,3.0
953,243,4.0
645,243,5.0
404,243,3.0
1821,243,3.0
2514,243,3.0
1698,243,3.0
280,243,4.0
1361,243,3.0
1362,243,3.0
4273,243,3.0
4274,243,3.0
426,243,5.0
384,243,5.0
696,244,5.0
557,244,5.0
1994,244,3.0
1729,244,5.0
3353,244,3.0
356,244,2.0
930,244,1.0
1305,244,3.0
678,244,4.0
810,244,5.0
1545,244,4.0
283,244,4.0
1728,244,4.0
2793,244,4.0
280,244,4.0
1038,244,1.0
426,244,4.0
384,244,2.0
287,244,4.0
3449,244,5.0
2406,244,5.0
2948,244,4.0
2331,244,5.0
2347,244,4.0
1665,244,5.0
2288,244,5.0
2027,244,4.0
1036,244,5.0
574,244,4.0
429,244,4.0
1460,244,4.0
443,244,2.0
946,244,4.0
456,244,4.0
3531,244,5.0
1399,244,3.0
629,244,5.0
841,244,3.0
920,244,5.0
3831,244,5.0
2317,244,4.0
1014,244,3.0
208,244,3.0
713,244,3.0
1051,244,4.0
1998,244,4.0
275,244,5.0
4487,245,4.0
4336,245,3.0
4720,245,2.0
3220,245,3.0
2670,245,1.0
344,245,4.0
2452,246,5.0
3353,246,4.5
1893,246,3.5
2371,246,4.0
3236,246,4.0
810,246,3.5
3702,246,5.0
1728,246,5.0
280,246,5.0
3514,246,4.0
3990,246,4.5
2456,246,4.0
3451,246,4.0
2812,246,3.0
366,246,3.5
802,246,4.0
3470,246,4.0
2313,246,4.0
1960,246,4.5
2111,246,3.5
1878,246,5.0
1783,246,4.5
1122,246,4.5
3831,246,3.5
1227,246,4.0
208,246,4.0
663,246,4.0
2802,246,2.0
3707,246,2.0
2909,246,4.5
3577,246,5.0
1584,246,3.5
1834,246,4.0
2630,246,5.0
232,246,4.5
389,246,4.5
2335,246,5.0
674,246,3.5
277,246,3.0
2310,246,4.5
329,246,5.0
200,246,5.0
829,246,4.5
1063,246,5.0
584,246,5.0
2155,246,5.0
729,246,4.5
831,246,5.0
608,246,4.0
1845,246,4.0
248,246,4.0
2888,246,4.5
118,246,4.0
1179,246,4.5
510,246,4.5
1597,246,3.0
1727,246,2.0
115,246,4.0
25,246,3.0
933,246,5.0
1761,246,4.5
567,246,4.0
13,246,4.5
278,246,5.0
6,246,3.0
2,246,4.5
1832,246,4.5
421,246,3.5
2619,246,4.5
69,246,4.0
182,246,5.0
58,246,5.0
164,246,5.0
121,246,4.5
12,246,4.5
572,246,5.0
3628,246,4.5
67,246,5.0
1557,246,4.5
1991,246,4.5
1,246,4.0
33,246,4.0
97,246,5.0
303,246,4.0
2633,246,4.0
2733,246,4.5
7,246,5.0
40,246,4.0
179,246,5.0
1509,246,4.0
130,246,4.0
18,246,4.0
138,246,5.0
909,246,4.0
2083,246,5.0
188,246,4.5
538,246,5.0
206,246,4.5
411,246,4.5
147,246,4.5
56,246,4.0
30,246,4.5
1544,247,5.0
557,247,4.0
636,247,3.0
4780,247,3.0
3236,247,4.0
810,247,5.0
676,247,4.5
1821,247,4.0
1698,247,5.0
280,247,3.5
4012,247,5.0
4336,247,4.0
3892,247,2.0
327,247,2.0
3934,247,4.0
4307,247,4.0
4586,247,2.0
3725,247,5.0
4082,247,3.0
1850,247,3.5
2456,247,3.0
2662,247,3.0
2288,247,4.0
1008,247,4.0
3448,247,1.0
2979,247,4.5
1815,247,3.0
629,247,4.0
3061,247,3.0
1783,247,2.0
2519,247,4.0
663,247,5.0
22,247,3.0
344,247,4.5
275,247,4.0
3707,247,3.0
3577,247,4.5
900,247,3.5
3712,247,5.0
232,247,4.0
160,247,2.0
231,247,2.0
276,247,4.0
884,247,3.5
329,247,4.0
200,247,4.0
829,247,3.5
2155,247,4.0
831,247,3.5
192,247,3.5
3639,247,5.0
1179,247,3.0
120,247,4.0
115,247,2.0
933,247,4.0
3242,247,3.0
2318,247,3.0
511,247,3.0
278,247,3.0
688,247,5.0
114,247,5.0
1021,247,3.0
69,247,2.0
58,247,3.0
2669,247,2.5
572,247,4.0
159,247,4.0
67,247,4.0
9,247,5.0
1,247,2.0
357,247,3.0
440,247,4.0
93,247,3.0
43,247,4.0
97,247,4.0
427,247,4.0
288,247,3.5
240,247,4.0
96,247,4.0
75,247,4.0
95,247,4.5
89,247,4.5
2755,247,5.0
2525,247,4.0
2550,247,4.0
109,247,2.5
128,247,2.0
789,247,3.0
271,247,4.0
78,247,4.0
10,247,2.5
177,247,5.0
2126,247,5.0
696,248,3.5
1814,248,3.0
1008,248,4.0
1700,248,4.0
512,248,3.5
900,248,3.5
232,248,3.5
632,248,4.0
329,248,3.5
200,248,4.0
120,248,3.0
13,248,4.0
2,248,4.0
69,248,4.0
58,248,4.5
18,248,4.0
427,248,3.0
520,248,4.5
261,248,3.5
184,248,3.0
89,248,3.5
201,248,3.5
789,248,4.5
103,248,3.5
371,248,4.5
1544,249,4.0
1553,249,3.5
616,249,3.5
813,249,3.0
2184,249,4.0
3647,249,3.0
2993,249,3.5
557,249,5.0
4344,249,4.5
1125,249,3.0
1994,249,4.0
636,249,2.5
1729,249,4.0
821,249,3.0
76,249,3.5
3236,249,4.0
2819,249,3.5
810,249,4.5
1545,249,4.0
283,249,4.0
953,249,3.5
645,249,3.5
676,249,4.0
404,249,3.5
1814,249,3.5
1821,249,4.5
1728,249,4.0
1698,249,4.0
280,249,4.0
426,249,3.5
453,249,3.0
384,249,3.0
4179,249,4.0
3893,249,4.5
287,249,3.5
4336,249,4.5
2970,249,4.5
1705,249,4.0
1107,249,4.0
4307,249,4.0
2971,249,3.0
2517,249,3.5
3725,249,4.5
2608,249,3.5
2406,249,3.5
4609,249,5.0
1850,249,4.0
839,249,4.5
3162,249,4.5
2173,249,5.0
2662,249,4.5
2288,249,4.5
1008,249,4.5
1036,249,3.0
728,249,3.0
1039,249,3.5
1061,249,2.0
2568,249,4.0
2327,249,4.0
447,249,4.0
211,249,2.5
305,249,4.0
1033,249,3.0
443,249,4.0
817,249,2.5
388,249,3.0
1377,249,4.5
593,249,3.5
2408,249,2.5
301,249,4.0
741,249,3.0
1213,249,4.0
2979,249,4.0
1964,249,2.5
26,249,2.0
246,249,3.5
604,249,3.0
462,249,2.5
763,249,3.5
433,249,3.0
2313,249,4.0
458,249,3.0
150,249,4.0
2021,249,3.5
4340,249,4.5
2412,249,3.0
1154,249,4.0
1167,249,3.5
629,249,4.5
3241,249,3.5
1700,249,3.5
1912,249,3.5
1058,249,4.0
2842,249,3.5
4646,249,4.0
841,249,3.5
790,249,3.0
3061,249,4.5
408,249,3.0
397,249,4.5
2173,249,2.5
3027,249,3.5
639,249,3.0
2985,249,3.0
3049,249,4.0
1222,249,3.0
1561,249,3.5
2931,249,3.5
2742,249,3.5
626,249,3.5
234,249,3.5
1122,249,3.5
1360,249,3.0
1542,249,3.5
71,249,3.0
2813,249,4.0
519,249,2.5
719,249,2.5
568,249,3.0
2317,249,4.0
2519,249,4.5
4346,249,4.0
663,249,5.0
2756,249,4.0
22,249,4.0
3178,249,4.0
344,249,3.5
1055,249,3.0
1166,249,2.5
1998,249,3.5
910,249,4.0
1996,249,4.0
2730,249,4.0
573,249,4.0
2330,249,4.0
3261,249,5.0
1688,249,3.5
3455,249,3.0
275,249,4.0
195,249,3.5
2460,249,4.0
214,249,3.5
1483,249,3.0
1789,249,3.0
1415,249,2.5
4677,249,3.0
874,249,3.0
512,249,4.0
414,249,2.5
1062,249,3.0
367,249,2.0
644,249,2.5
1019,249,3.5
351,249,3.5
472,249,3.0
546,249,4.0
2451,249,4.5
2909,249,4.0
2738,249,3.0
631,249,3.5
1045,249,3.0
2092,249,3.5
2513,249,4.0
3577,249,5.0
1584,249,4.0
1834,249,3.5
2472,249,3.0
1885,249,2.5
1853,249,4.5
900,249,3.5
475,249,4.0
469,249,3.5
333,249,3.5
364,249,3.5
1056,249,3.0
169,249,3.5
2521,249,3.5
2995,249,3.5
335,249,3.0
3536,249,3.0
279,249,3.0
346,249,4.0
1543,249,3.5
1054,249,4.0
1719,249,4.0
1065,249,3.5
3712,249,4.0
232,249,4.0
389,249,4.0
576,249,3.5
2837,249,3.5
321,249,3.5
409,249,3.0
2417,249,3.0
632,249,4.0
1398,249,3.5
865,249,3.5
1012,249,4.0
3460,249,4.0
2699,249,1.0
160,249,4.0
231,249,3.5
415,249,2.5
276,249,4.0
908,249,3.0
747,249,4.0
445,249,4.0
565,249,3.0
569,249,3.5
498,249,4.0
2146,249,2.5
3561,249,3.5
597,249,3.0
1143,249,4.5
277,249,3.5
148,249,3.5
2256,249,4.5
317,249,4.5
884,249,3.5
1792,249,3.0
911,249,3.0
1969,249,4.5
633,249,3.0
2928,249,4.0
700,249,2.5
424,249,4.0
329,249,4.0
1624,249,3.0
541,249,3.0
3244,249,4.0
220,249,3.0
94,249,3.5
200,249,4.0
187,249,4.0
1079,249,3.5
370,249,3.0
1781,249,3.5
575,249,3.5
1826,249,2.0
3744,249,4.5
2032,249,3.5
2102,249,3.0
829,249,4.5
1044,249,2.5
1212,249,3.0
1785,249,3.5
1124,249,3.0
2746,249,4.0
1899,249,4.5
3444,249,3.0
727,249,4.0
2155,249,4.0
729,249,4.0
831,249,4.5
146,249,3.5
3246,249,4.0
566,249,3.5
192,249,4.0
4749,249,4.0
1551,249,4.0
31,249,4.0
1849,249,4.5
267,249,4.0
4022,249,4.0
715,249,4.0
957,249,3.0
3601,249,4.5
4803,249,4.0
2139,249,4.0
3639,249,5.0
4298,249,4.0
292,249,4.0
248,249,4.0
655,249,3.0
118,249,3.5
1848,249,3.0
816,249,4.0
539,249,3.5
1179,249,5.0
268,249,3.5
230,249,4.0
510,249,3.5
249,249,4.0
120,249,4.0
186,249,3.5
243,249,3.5
1296,249,5.0
1516,249,3.5
1137,249,3.5
596,249,3.0
2628,249,4.0
3559,249,3.0
115,249,3.5
25,249,3.5
3682,249,3.0
1112,249,4.0
1842,249,3.0
944,249,3.0
2116,249,1.0
1084,249,3.0
933,249,4.0
3315,249,4.0
919,249,4.0
1761,249,3.0
1165,249,2.0
948,249,3.0
140,249,3.5
430,249,3.5
34,249,3.5
567,249,3.5
1501,249,3.0
417,249,4.5
13,249,3.5
577,249,3.5
2136,249,4.0
1487,249,3.0
244,249,3.0
648,249,3.0
2856,249,3.5
4045,249,3.5
1201,249,3.5
2318,249,4.0
511,249,4.5
879,249,3.5
2981,249,3.0
278,249,3.5
298,249,3.5
293,249,2.5
1963,249,3.5
527,249,3.5
2760,249,4.0
2415,249,3.5
2125,249,1.0
119,249,4.5
1197,249,3.5
2474,249,3.5
422,249,4.5
688,249,5.0
2121,249,3.5
742,249,4.0
881,249,4.0
1282,249,4.0
6,249,3.5
1747,249,4.0
2564,249,3.5
107,249,3.0
2,249,3.5
399,249,4.0
262,249,4.0
112,249,4.0
114,249,4.0
2395,249,4.5
1072,249,3.0
2181,249,3.5
1607,249,3.0
2986,249,2.5
282,249,3.5
1832,249,4.0
2213,249,3.5
152,249,3.0
2401,249,3.5
117,249,4.0
3338,249,4.0
1858,249,5.0
1829,249,4.0
1609,249,0.5
2619,249,4.0
420,249,4.0
1180,249,4.0
848,249,3.0
1373,249,3.5
1575,249,4.0
1431,249,0.5
2826,249,3.5
69,249,4.5
1818,249,4.5
4593,249,3.5
54,249,3.0
182,249,4.0
362,249,4.0
58,249,4.0
513,249,4.5
116,249,4.0
438,249,4.0
164,249,4.0
640,249,4.0
1786,249,5.0
354,249,4.0
659,249,3.5
2197,249,1.0
448,249,3.5
623,249,4.0
1973,249,4.5
2374,249,4.0
121,249,3.0
2669,249,4.0
12,249,3.5
1706,249,4.0
131,249,3.5
1816,249,4.5
866,249,4.0
914,249,4.0
361,249,3.5
444,249,3.0
1393,249,3.5
1780,249,2.5
1181,249,4.0
923,249,3.0
2345,249,3.0
3143,249,2.5
572,249,5.0
2203,249,3.0
3628,249,4.0
123,249,3.5
159,249,4.0
129,249,3.5
44,249,3.0
122,249,2.5
67,249,3.5
307,249,3.5
36,249,3.0
3343,249,4.0
9,249,4.0
1557,249,4.0
77,249,3.0
2210,249,3.0
996,249,3.5
348,249,4.0
477,249,3.0
1991,249,4.5
1568,249,4.0
1259,249,3.0
60,249,3.0
1799,249,3.5
1,249,4.0
357,249,4.5
1794,249,3.0
440,249,5.0
33,249,2.5
313,249,3.5
2161,249,4.0
1520,249,3.5
1346,249,3.5
93,249,3.5
207,249,3.0
1723,249,4.5
80,249,3.5
3055,249,3.0
4352,249,3.5
4168,249,3.5
51,249,3.0
1191,249,3.5
4657,249,4.5
43,249,4.0
1203,249,3.5
615,249,4.5
97,249,5.0
521,249,3.0
228,249,3.5
189,249,3.5
624,249,3.5
412,249,4.5
2806,249,3.5
800,249,3.5
3267,249,4.0
3280,249,4.0
712,249,3.5
642,249,3.5
2351,249,4.5
2733,249,4.0
2807,249,3.0
1368,249,4.5
40,249,3.5
252,249,2.5
1838,249,3.5
1197,249,3.5
1219,249,4.0
1002,249,3.5
179,249,3.5
940,249,3.5
583,249,3.0
4039,249,3.5
1509,249,3.5
548,249,3.5
1221,249,3.0
130,249,4.0
1502,249,3.5
769,249,3.5
18,249,3.5
1582,249,5.0
2784,249,4.5
138,249,4.0
102,249,4.5
3637,249,3.5
909,249,4.0
42,249,3.0
2282,249,3.5
53,249,3.0
988,249,3.5
1367,249,4.0
2561,249,5.0
170,249,4.0
926,249,4.5
336,249,4.5
1724,249,2.5
3394,249,4.0
721,249,3.5
929,249,4.0
2083,249,3.5
601,249,3.0
3249,249,3.5
3684,249,4.5
258,249,3.5
1402,249,3.5
1943,249,4.5
3868,249,3.5
1102,249,3.0
3434,249,4.5
188,249,4.0
395,249,3.0
70,249,4.0
427,249,4.0
206,249,3.5
2855,249,4.0
154,249,4.0
598,249,3.5
1148,249,3.5
2005,249,3.0
2827,249,4.5
393,249,3.5
2831,249,3.0
654,249,3.5
5,249,3.5
1121,249,4.0
3074,249,4.0
2201,249,3.0
133,249,3.0
81,249,3.5
221,249,4.5
2464,249,5.0
4477,249,4.0
147,249,3.5
56,249,4.0
625,249,3.0
3059,249,4.5
904,249,3.5
4181,249,4.5
1077,249,3.0
208,249,3.5
30,249,4.0
1434,249,4.0
1571,249,5.0
658,249,3.5
416,249,4.0
2548,249,4.0
1043,249,3.5
1295,249,3.0
391,249,3.5
1104,249,4.5
2725,249,3.5
302,249,4.0
1128,249,3.5
2590,249,3.5
90,249,4.5
2074,249,4.5
217,249,4.5
656,249,2.5
885,249,4.0
1570,249,4.0
718,249,3.0
288,249,4.5
1391,249,2.5
748,249,4.0
938,249,3.5
49,249,3.0
167,249,3.0
581,249,3.0
229,249,3.5
1795,249,3.5
1503,249,5.0
32,249,4.0
48,249,4.5
3690,249,3.5
520,249,4.0
15,249,4.0
35,249,4.0
52,249,4.5
46,249,4.0
223,249,3.5
507,249,4.5
4030,249,4.0
4446,249,4.0
199,249,3.0
4540,249,3.0
2338,249,4.5
1342,249,3.5
1743,249,4.5
1321,249,3.0
2865,249,4.5
240,249,5.0
1053,249,5.0
3534,249,4.0
1663,249,3.0
127,249,4.0
3575,249,5.0
184,249,4.5
2037,249,3.0
125,249,3.5
1151,249,4.0
2000,249,5.0
907,249,4.5
1288,249,4.5
745,249,4.5
3251,249,3.0
96,249,5.0
931,249,3.5
254,249,3.5
86,249,4.5
859,249,3.5
39,249,3.5
334,249,3.0
2315,249,4.0
1155,249,3.0
47,249,4.5
3286,249,4.0
1231,249,3.5
75,249,4.5
135,249,4.0
912,249,4.0
161,249,3.5
3871,249,5.0
694,249,5.0
83,249,4.5
95,249,4.5
4366,249,4.0
457,249,4.5
3238,249,5.0
89,249,3.5
2755,249,4.5
2525,249,4.0
201,249,4.0
29,249,3.5
1199,249,4.0
20,249,4.0
1140,249,4.0
1010,249,3.5
109,249,3.5
128,249,5.0
108,249,4.0
8,249,4.5
183,249,4.0
789,249,4.5
27,249,4.5
65,249,4.0
685,249,4.5
2723,249,3.0
653,249,4.5
271,249,4.0
78,249,4.5
103,249,4.0
92,249,3.0
57,249,4.0
547,249,3.5
79,249,4.5
532,249,4.5
177,249,5.0
1699,249,4.0
2126,249,4.5
4797,249,2.5
999,249,3.0
917,249,3.5
3560,249,4.0
1388,249,3.0
1685,249,4.5
371,249,4.0
149,249,3.5
2170,249,3.0
2169,250,4.0
2456,250,5.0
4056,250,5.0
456,250,4.5
2821,250,4.5
246,250,3.0
433,250,3.0
830,250,0.5
2670,250,5.0
910,250,5.0
232,250,4.0
2535,250,5.0
4344,251,4.5
3236,251,5.0
810,251,5.0
1821,251,5.0
4307,251,5.0
1528,251,5.0
2331,251,5.0
3243,251,5.0
2979,251,5.0
629,251,5.0
663,251,5.0
119,251,2.5
43,251,5.0
1544,252,4.5
1814,252,4.5
2027,252,4.0
329,252,5.0
119,252,4.5
723,252,4.5
43,252,5.0
97,252,3.5
7,252,4.0
70,252,4.5
56,252,4.5
90,252,3.5
125,252,4.5
1389,252,4.0
745,252,4.0
89,252,4.0
78,252,5.0
79,252,3.5
2331,253,5.0
3776,253,4.5
4720,253,4.0
3220,253,5.0
4104,253,4.0
4474,253,3.5
1688,253,3.5
3488,253,4.5
2839,253,4.0
2310,253,5.0
1541,253,5.0
3734,253,4.0
3332,253,4.5
723,253,4.5
1,253,2.0
1544,254,4.5
557,254,4.0
636,254,4.0
3236,254,5.0
1628,254,4.0
2819,254,3.5
810,254,5.0
283,254,2.5
676,254,4.0
1821,254,5.0
280,254,4.0
2281,254,4.0
1361,254,2.5
1362,254,2.5
4273,254,2.5
4274,254,2.5
426,254,3.5
851,254,3.5
4307,254,4.0
2406,254,4.0
839,254,4.0
3162,254,4.0
2288,254,3.5
1377,254,4.5
26,254,3.5
2148,254,3.0
629,254,5.0
3061,254,4.5
1783,254,4.0
906,254,4.5
1504,254,3.5
2519,254,5.0
663,254,5.0
4474,254,3.0
1538,254,2.5
275,254,4.5
3707,254,5.0
2909,254,4.5
1007,254,4.0
3577,254,4.5
900,254,5.0
3712,254,4.5
232,254,4.0
160,254,1.0
276,254,3.5
3705,254,3.5
3524,254,1.5
329,254,4.5
200,254,4.0
1559,254,4.0
829,254,5.0
2155,254,4.5
831,254,4.0
566,254,4.5
31,254,3.5
4022,254,4.0
3601,254,3.5
3639,254,4.0
1560,254,4.5
2400,254,4.5
1179,254,5.0
3079,254,4.0
230,254,3.5
381,254,4.0
120,254,4.5
2628,254,4.0
1687,254,4.0
529,254,4.5
933,254,4.5
3315,254,4.0
919,254,4.5
1761,254,3.0
4373,254,4.0
3242,254,4.5
2532,254,2.0
2318,254,2.0
511,254,4.0
278,254,4.5
298,254,4.0
1573,255,1.0
4780,255,2.0
2819,255,5.0
953,255,5.0
1698,255,2.0
3745,255,1.0
2288,255,1.0
3451,255,1.0
2982,255,5.0
353,255,3.0
4720,255,1.0
2813,255,2.0
2519,255,1.0
2682,255,4.0
269,255,1.0
3889,255,5.0
3818,255,1.0
3455,255,5.0
4003,255,2.0
1123,255,3.0
631,255,2.0
2516,255,1.0
3772,256,5.0
3353,256,4.0
1283,256,4.5
737,256,4.5
1545,256,4.0
2288,256,5.0
1364,256,4.5
1154,256,5.0
2089,256,4.0
1998,256,4.0
1538,256,4.0
481,256,4.5
1062,256,4.0
3707,256,4.0
472,256,3.5
1505,256,5.0
631,256,4.0
385,256,4.0
1045,256,3.5
1243,256,4.0
1135,256,4.0
1366,256,3.0
1834,256,4.0
1885,256,3.5
900,256,4.5
475,256,4.0
469,256,4.0
1056,256,3.0
2319,256,4.0
279,256,3.5
346,256,4.5
1543,256,4.0
2042,256,3.5
1017,256,4.0
389,256,4.5
2547,256,3.5
1018,256,4.5
632,256,4.5
431,256,4.0
276,256,4.0
674,256,3.0
1030,256,2.5
756,256,4.0
884,256,4.5
424,256,4.0
3244,256,4.0
94,256,3.0
1079,256,3.0
1781,256,3.5
829,256,3.5
1063,256,4.5
172,256,4.0
2326,256,4.0
516,256,4.0
1899,256,4.5
3444,256,4.0
2155,256,5.0
566,256,4.0
248,256,4.0
1560,256,4.0
230,256,4.0
510,256,4.0
249,256,4.0
2720,256,2.0
417,256,3.5
2318,256,0.5
107,256,3.5
262,256,4.5
117,256,4.0
54,256,3.0
182,256,3.5
58,256,4.5
914,256,4.5
572,256,4.5
159,256,4.0
44,256,3.0
67,256,4.0
1557,256,4.0
1170,256,3.0
1991,256,4.5
1,256,4.5
712,256,4.0
336,256,4.0
1402,256,3.5
427,256,4.0
904,256,3.5
30,256,4.0
1571,256,4.0
217,256,4.5
288,256,5.0
48,256,4.0
52,256,3.5
223,256,3.5
240,256,4.0
819,256,4.0
184,256,4.5
96,256,4.0
75,256,4.0
83,256,4.0
2755,256,4.5
2525,256,4.0
2550,256,4.5
29,256,4.0
180,256,3.5
843,256,4.0
20,256,3.5
196,256,4.0
128,256,4.0
3222,256,4.5
2868,256,3.5
185,256,3.5
88,256,4.0
271,256,4.5
547,256,4.5
893,257,3.5
953,257,4.0
835,257,3.0
4265,257,3.5
804,257,4.0
3451,257,2.5
3448,257,4.0
2568,257,2.0
3049,257,1.5
3220,257,1.5
3831,257,3.5
276,257,4.0
1821,258,4.0
663,258,5.0
884,258,5.0
584,258,5.0
511,258,4.5
58,258,5.0
723,258,4.5
67,258,5.0
1557,258,4.5
93,258,4.5
102,258,0.5
89,258,5.0
789,258,5.0
300,259,4.0
2486,259,1.0
287,259,0.5
1036,259,0.5
2327,259,3.0
366,259,5.0
905,259,5.0
1360,259,4.0
344,259,3.0
512,259,3.5
2802,259,5.0
1835,259,3.0
631,259,4.0
900,259,5.0
232,259,4.0
389,259,4.0
1569,259,5.0
3744,259,5.0
439,259,4.0
2155,259,4.0
3647,260,2.0
4344,260,5.0
2371,260,4.0
3236,260,4.5
2950,260,4.5
4179,260,4.0
3893,260,4.5
3990,260,2.5
3934,260,4.0
4307,260,5.0
2608,260,3.5
2948,260,4.0
2173,260,4.0
3745,260,3.5
3300,260,4.0
3533,260,4.5
3680,260,5.0
3776,260,3.5
2568,260,4.5
4638,260,2.0
905,260,3.0
4092,260,4.0
4745,260,4.5
2641,260,4.0
2533,260,3.5
3061,260,4.0
3027,260,5.0
2742,260,4.5
3429,260,5.0
3220,260,4.0
2041,260,2.0
4085,260,5.0
663,260,4.0
2756,260,4.5
3008,260,4.5
1430,260,3.5
3542,260,4.5
2151,260,4.0
275,260,2.0
1123,260,4.0
1974,260,3.5
766,260,3.5
3463,260,3.0
1793,260,4.0
1007,260,4.0
3577,260,4.0
3536,260,5.0
2630,260,3.0
3712,260,4.0
2641,260,3.5
1398,260,3.0
3773,260,4.5
1898,260,3.0
2310,260,2.0
4641,260,4.5
4227,260,4.5
3097,260,3.0
3734,260,3.0
3244,260,4.5
4093,260,4.5
1704,260,4.0
3744,260,4.0
1559,260,2.5
829,260,4.5
2155,260,3.5
1710,260,2.5
831,260,4.0
4749,260,3.0
4022,260,0.5
3601,260,2.5
2410,260,3.0
893,261,4.0
3236,261,5.0
810,261,5.0
4307,261,4.5
1193,261,1.5
1364,261,3.0
629,261,4.0
3061,261,4.0
3049,261,4.0
619,261,2.5
2519,261,5.0
2322,261,2.5
766,261,4.0
3707,261,5.0
472,261,3.5
2513,261,2.5
1702,261,3.5
3712,261,5.0
389,261,4.5
1143,261,0.5
884,261,5.0
2102,261,1.0
829,261,3.5
2155,261,5.0
4803,261,5.0
3338,261,5.0
3628,261,5.0
97,261,4.5
2733,261,4.5
30,261,4.0
288,261,4.0
912,261,4.0
696,262,2.0
2452,262,3.0
1540,262,3.0
3749,262,3.0
2930,262,5.0
813,262,1.0
2186,262,3.0
3360,262,2.0
995,262,3.0
1893,262,3.0
827,262,3.0
4228,262,3.0
3236,262,3.0
2204,262,3.0
283,262,3.0
3254,262,4.0
2020,262,2.0
4265,262,4.0
1544,263,4.0
2452,263,5.0
1573,263,4.0
2930,263,4.0
2721,263,4.0
557,263,4.0
636,263,4.0
1729,263,4.0
3353,263,4.0
4780,263,1.0
1893,263,4.0
3236,263,3.0
810,263,4.0
3702,263,4.0
1545,263,3.0
283,263,4.0
2545,263,4.0
1814,263,4.0
1821,263,5.0
2514,263,3.0
2020,263,4.0
2671,263,4.0
384,263,4.0
1498,263,3.0
1639,263,2.0
1067,263,3.0
4336,263,4.0
2675,263,4.0
1192,263,5.0
2517,263,4.0
4586,263,4.0
2331,263,4.0
2458,263,4.0
3533,263,4.0
903,263,4.0
1039,263,2.0
2568,263,3.0
1377,263,5.0
4638,263,4.0
3470,263,5.0
1213,263,4.0
2979,263,5.0
26,263,4.0
246,263,3.0
905,263,4.0
657,263,4.0
1023,263,4.0
2021,263,4.0
1960,263,4.0
629,263,4.0
1787,263,3.0
2111,263,4.0
1783,263,4.0
639,263,4.0
1561,263,3.0
3220,263,4.0
626,263,2.0
234,263,3.0
1360,263,1.0
651,263,1.0
568,263,3.0
830,263,2.0
1227,263,2.0
1504,263,2.0
2519,263,4.0
2089,263,3.0
1133,263,3.0
537,263,4.0
1123,263,4.0
512,263,4.0
766,263,4.5
3463,263,3.5
3580,263,4.0
1835,263,4.0
385,263,3.5
1793,263,4.0
1007,263,4.0
3577,263,5.0
1834,263,3.5
900,263,4.5
876,263,4.0
232,263,4.5
1018,263,4.0
2335,263,4.5
4302,263,4.0
160,263,4.0
1759,263,4.0
276,263,4.0
747,263,2.0
569,263,4.0
1605,263,3.0
3773,263,4.5
3897,263,3.5
277,263,3.0
1541,263,5.0
3524,263,4.0
4227,263,3.5
329,263,4.5
200,263,4.0
383,263,4.0
3744,263,4.5
2102,263,3.5
1063,263,3.5
584,263,4.0
2862,263,3.5
2155,263,4.5
146,263,3.0
566,263,4.0
3618,263,4.0
192,263,4.0
2602,263,4.0
3450,263,3.5
31,263,4.0
4094,263,4.5
4022,263,3.5
4803,263,4.0
1845,263,4.5
1179,263,3.0
230,263,3.5
249,263,4.0
1544,264,4.0
813,264,3.0
557,264,2.5
636,264,4.0
1729,264,2.5
1305,264,4.5
810,264,3.5
676,264,2.0
1821,264,4.0
426,264,3.0
804,264,2.5
3452,264,5.0
3449,264,3.0
1036,264,4.5
1753,264,4.0
2818,264,4.0
1962,264,4.0
2285,264,3.5
246,264,3.5
433,264,3.5
353,264,2.5
150,264,3.5
22,264,2.5
1538,264,4.5
275,264,2.0
214,264,2.0
232,264,5.0
1195,264,1.5
277,264,4.0
230,264,4.0
3749,265,1.0
2930,265,4.0
557,265,3.0
4344,265,3.0
636,265,4.0
1380,265,2.0
1567,265,3.0
930,265,4.0
1305,265,4.0
1718,265,4.0
676,265,4.0
1246,265,3.0
2035,265,4.0
1728,265,4.0
280,265,4.0
2281,265,3.0
1361,265,3.0
1362,265,3.0
4273,265,3.0
4274,265,3.0
571,265,3.0
4012,265,4.0
3892,265,5.0
2795,265,3.0
2971,265,3.0
3725,265,3.0
4609,265,4.0
839,265,2.0
3162,265,2.0
2331,265,4.0
2456,265,3.0
3243,265,4.0
2288,265,5.0
1036,265,4.0
1370,265,3.0
1586,265,3.0
2818,265,5.0
2320,265,3.0
1962,265,5.0
443,265,2.0
366,265,3.0
1755,265,3.0
1354,265,4.0
301,265,4.0
26,265,4.0
905,265,4.0
4745,265,4.0
4439,265,4.0
4340,265,5.0
3453,265,4.0
1815,265,4.0
3311,265,4.0
1154,265,3.0
629,265,4.0
542,265,4.0
1917,265,2.0
582,265,4.0
468,265,3.0
468,265,3.0
906,265,3.0
1250,265,3.0
279,265,4.0
234,265,4.0
814,265,4.0
871,265,2.0
1298,265,2.0
71,265,2.0
2519,265,2.0
671,265,2.0
208,265,3.0
2829,265,3.0
225,265,4.0
376,265,2.0
1055,265,4.0
3274,265,4.0
2090,265,4.0
3818,265,3.0
2330,265,3.0
481,265,1.0
1968,265,3.0
512,265,5.0
4081,265,1.0
367,265,2.0
1544,266,2.0
893,266,5.0
2452,266,1.0
1540,266,4.0
2721,266,2.0
2169,266,2.0
3833,266,5.0
646,266,3.0
557,266,5.0
995,266,2.0
1994,266,3.0
4780,266,4.0
2371,266,4.0
3236,266,5.0
810,266,4.0
1545,266,2.0
3410,266,3.0
676,266,4.0
3834,266,3.0
1728,266,5.0
2793,266,5.0
280,266,4.0
1361,266,4.0
1362,266,4.0
4273,266,4.0
4274,266,4.0
3893,266,5.0
1886,266,4.0
2970,266,5.0
1705,266,4.0
4016,266,3.0
4678,266,2.0
4307,266,5.0
3449,266,5.0
2971,266,2.0
4586,266,5.0
2608,266,5.0
2406,266,5.0
1528,266,5.0
1850,266,5.0
2948,266,3.0
1665,266,4.0
3243,266,4.0
2662,266,4.0
2667,266,5.0
2288,266,4.0
2493,266,4.0
1008,266,5.0
1036,266,3.0
2818,266,3.0
2320,266,3.0
1962,266,1.0
2824,266,2.0
1397,266,5.0
1039,266,2.0
2568,266,3.0
2327,266,4.0
443,266,4.0
456,266,2.0
1379,266,1.0
1377,266,4.0
2982,266,5.0
246,266,3.0
905,266,3.0
1625,266,1.0
2313,266,5.0
1023,266,4.0
2021,266,3.0
629,266,4.0
4720,266,5.0
1700,266,4.0
1058,266,4.0
2533,266,4.0
2764,266,5.0
841,266,5.0
2923,266,1.0
397,266,3.0
486,266,1.0
3052,266,4.0
3027,266,3.0
1783,266,1.0
2672,266,1.0
920,266,2.0
1561,266,4.0
2883,266,4.0
3429,266,4.0
3220,266,5.0
626,266,1.0
1360,266,5.0
2041,266,5.0
2813,266,1.0
651,266,5.0
830,266,3.0
3831,266,1.0
2317,266,4.0
3363,266,3.0
1014,266,5.0
208,266,5.0
3890,266,5.0
663,266,5.0
2829,266,5.0
225,266,4.0
418,266,3.0
3178,266,4.0
3008,266,5.0
297,266,1.0
376,266,1.0
557,267,4.0
636,267,5.0
676,267,5.0
1728,267,5.0
280,267,5.0
2970,267,4.0
2406,267,5.0
2288,267,5.0
1036,267,5.0
1354,267,4.0
1783,267,5.0
2087,267,4.0
1360,267,4.0
1537,267,4.0
2813,267,5.0
2845,267,4.0
2519,267,4.0
965,267,2.0
1014,267,1.0
2682,267,5.0
2670,267,5.0
297,267,4.0
1055,267,4.0
2090,267,5.0
2330,267,4.0
3455,267,5.0
275,267,5.0
546,267,3.0
524,267,2.0
2909,267,5.0
478,267,4.0
3156,268,4.0
356,268,2.0
810,268,2.0
2486,268,3.0
2020,268,1.0
1087,268,3.0
287,268,4.0
1498,268,2.0
2307,268,3.0
1705,268,3.0
4079,268,4.0
2517,268,2.0
3725,268,4.0
1528,268,5.0
1850,268,5.0
3745,268,4.0
3993,268,4.0
1008,268,2.0
574,268,1.0
2320,268,2.0
429,268,3.0
946,268,2.0
2575,268,5.0
3470,268,3.0
2979,268,3.0
905,268,2.0
1339,268,2.0
1892,268,3.0
1023,268,5.0
2021,268,3.0
4231,268,4.0
4579,268,4.0
4720,268,2.0
1700,268,2.0
3840,268,4.0
2842,268,3.0
920,268,2.0
1561,268,3.0
3429,268,4.0
3220,268,4.0
626,268,2.0
234,268,2.0
814,268,3.0
871,268,3.0
2041,268,4.0
651,268,3.0
830,268,4.0
2845,268,2.0
2519,268,5.0
1014,268,4.0
1544,269,5.0
3749,269,5.0
2643,269,3.0
646,269,3.0
835,269,3.0
426,269,3.0
2341,269,3.0
3893,269,4.0
287,269,3.0
571,269,4.0
3934,269,4.0
1544,270,5.0
1093,270,5.0
2452,270,4.0
3749,270,4.0
2930,270,5.0
1530,270,5.0
646,270,2.0
2993,270,1.0
835,270,2.0
1303,270,2.0
426,270,3.0
804,270,2.0
384,270,4.0
966,270,3.0
287,270,3.0
3934,270,5.0
1036,270,4.0
2970,271,4.0
2406,271,4.0
839,271,4.0
3162,271,4.0
2331,271,3.0
4056,271,3.0
1370,271,4.0
2821,271,3.0
741,271,1.0
2148,271,2.5
1399,271,3.5
1081,271,3.5
3061,271,3.0
871,271,2.5
3831,271,3.0
2519,271,2.5
2829,271,2.5
766,271,3.5
364,271,3.0
1143,271,3.0
2310,271,4.5
3244,271,2.5
1084,271,2.5
282,271,4.0
280,272,3.5
26,272,2.5
1058,272,3.5
2256,272,4.0
1296,272,3.5
933,272,4.0
278,272,2.5
119,272,3.5
688,272,3.5
159,272,4.0
288,272,3.5
401,272,3.0
96,272,3.5
912,272,4.0
78,272,2.5
1544,273,5.0
1540,273,5.0
1573,273,4.0
4344,273,4.0
636,273,3.0
3447,273,4.0
4780,273,5.0
1893,273,5.0
2371,273,5.0
3236,273,4.0
1305,273,5.0
2950,273,4.0
2819,273,4.0
3702,273,5.0
676,273,4.0
3254,273,5.0
1814,273,4.0
2765,273,4.0
2514,273,1.0
2020,273,3.0
1698,273,5.0
280,273,5.0
2281,273,2.0
1361,273,3.0
1362,273,3.0
4273,273,3.0
4274,273,3.0
2671,273,4.0
1544,274,4.0
696,274,4.0
893,274,4.5
1553,274,4.0
616,274,3.5
2141,274,3.5
970,274,3.5
1573,274,4.0
2103,274,4.0
813,274,2.0
1530,274,3.0
3833,274,4.0
2184,274,4.5
1319,274,3.5
2687,274,3.5
646,274,2.5
3647,274,3.5
2993,274,3.5
557,274,4.5
4344,274,3.0
1994,274,2.0
300,274,3.5
821,274,3.5
3353,274,3.5
356,274,4.0
1283,274,2.5
4223,274,3.0
3447,274,3.5
1380,274,3.5
76,274,4.0
4780,274,4.0
930,274,3.0
3236,274,5.0
1939,274,3.5
3471,274,4.0
2819,274,4.5
810,274,4.5
1545,274,3.5
1718,274,3.5
283,274,4.0
1407,274,2.0
953,274,3.5
3410,274,4.0
676,274,3.5
404,274,2.0
3834,274,3.5
1814,274,3.0
2049,274,3.0
1821,274,4.0
1728,274,2.5
1136,274,2.0
1839,274,4.5
2793,274,3.0
4461,274,3.5
2514,274,3.5
1698,274,4.0
280,274,4.5
2281,274,4.0
1361,274,3.0
1362,274,3.0
4273,274,3.0
4274,274,3.0
4265,274,3.0
1110,274,3.5
426,274,3.5
804,274,3.0
453,274,3.5
1810,274,2.5
384,274,2.5
2695,274,3.5
4179,274,4.0
3893,274,4.0
1886,274,4.5
287,274,3.5
2751,274,3.5
571,274,3.5
978,274,4.0
4336,274,3.5
2970,274,2.5
3743,274,3.0
327,274,2.5
902,274,2.0
33,274,3.5
1705,274,4.0
3934,274,3.5
4307,274,4.5
3449,274,4.0
3464,274,3.5
4586,274,3.5
3725,274,4.5
2608,274,3.0
2406,274,4.0
4609,274,3.5
1528,274,4.0
1850,274,4.0
839,274,4.0
3162,274,4.0
2948,274,4.5
2173,274,4.0
2347,274,3.5
3243,274,3.5
2662,274,4.5
2667,274,3.5
2288,274,3.5
2832,274,3.5
3300,274,4.0
3993,274,4.0
4056,274,3.5
1008,274,3.5
2027,274,2.5
3451,274,4.0
1372,274,3.5
1616,274,3.5
728,274,3.5
574,274,3.5
429,274,2.5
2739,274,3.0
3448,274,2.5
2812,274,3.5
474,274,4.0
903,274,3.5
2824,274,3.0
2285,274,3.0
241,274,3.5
1039,274,3.5
1061,274,3.5
2568,274,3.5
3936,274,3.5
377,274,3.0
2327,274,4.0
447,274,4.0
260,274,2.0
211,274,2.5
443,274,4.0
366,274,2.5
817,274,2.0
1194,274,2.0
3906,274,2.5
2495,274,3.0
1857,274,3.0
388,274,3.5
4638,274,3.5
2408,274,3.5
802,274,3.5
301,274,4.5
1614,274,2.5
741,274,4.0
451,274,3.5
2979,274,4.0
1964,274,3.5
26,274,3.5
2825,274,4.5
1765,274,3.5
3259,274,3.5
1881,274,0.5
550,274,3.5
462,274,2.5
2313,274,4.0
458,274,2.5
150,274,3.5
165,274,3.0
1193,274,3.5
4745,274,3.5
2021,274,3.5
1815,274,3.5
4289,274,2.5
2412,274,3.0
2752,274,3.0
1364,274,3.5
2915,274,4.5
954,274,4.0
1154,274,3.5
1167,274,3.0
4448,274,3.5
629,274,4.0
1721,274,3.5
1767,274,3.5
1700,274,4.0
549,274,2.0
432,274,3.5
3883,274,3.5
1058,274,4.0
2533,274,3.5
249,274,2.5
2842,274,3.5
4646,274,4.0
2179,274,3.5
2679,274,2.5
2111,274,3.0
705,274,3.0
2933,274,3.5
4379,274,1.5
2172,274,4.5
3061,274,4.5
1971,274,3.0
397,274,3.5
4795,274,3.0
486,274,4.5
3027,274,2.5
1108,274,3.5
639,274,1.5
906,274,3.0
916,274,2.0
3206,274,1.5
920,274,4.0
1417,274,3.5
753,274,2.0
3049,274,4.5
279,274,4.0
1561,274,3.0
2749,274,2.0
781,274,3.5
2742,274,3.0
626,274,3.5
2629,274,4.0
234,274,2.5
871,274,3.0
1360,274,4.0
1542,274,3.5
1537,274,3.0
71,274,2.5
2041,274,3.5
2813,274,3.5
651,274,3.5
1760,274,3.5
519,274,2.0
719,274,3.5
619,274,3.5
830,274,2.0
2492,274,3.5
3831,274,4.0
2530,274,3.5
2317,274,3.0
1504,274,2.5
2519,274,5.0
1341,274,3.5
1014,274,4.0
2682,274,3.0
208,274,3.5
3890,274,4.0
2089,274,3.0
663,274,5.0
3432,274,2.5
225,274,3.5
2289,274,3.5
2756,274,4.0
418,274,3.5
3835,274,3.0
2018,274,3.5
22,274,3.5
3008,274,4.5
297,274,3.5
344,274,4.0
2322,274,3.5
376,274,3.0
269,274,3.0
1335,274,2.5
1055,274,2.0
3145,274,3.5
1977,274,3.5
3348,274,2.5
3703,274,3.5
2095,274,3.5
1166,274,2.5
2747,274,2.5
1998,274,3.5
1348,274,3.5
4528,274,3.0
374,274,3.5
4474,274,4.0
1183,274,3.0
910,274,3.0
1996,274,3.5
3889,274,4.0
3542,274,3.5
239,274,3.0
1830,274,3.0
1840,274,2.0
2090,274,3.5
2151,274,4.0
573,274,3.0
1538,274,3.5
1981,274,4.0
2330,274,4.5
1115,274,2.5
3261,274,5.0
3455,274,4.0
275,274,3.5
481,274,2.0
2193,274,3.5
2460,274,3.5
214,274,2.0
834,274,3.5
1483,274,2.5
4003,274,4.0
4731,274,4.0
1415,274,2.5
4677,274,3.0
2999,274,3.0
1637,274,3.5
1921,274,3.5
874,274,2.0
896,274,4.0
4305,274,3.5
512,274,3.0
414,274,2.0
1062,274,3.0
367,274,2.0
1238,274,4.0
2983,274,2.5
766,274,4.5
2579,274,1.0
3463,274,3.0
1548,274,3.5
4348,274,3.5
812,274,3.5
3707,274,4.5
1019,274,3.5
1228,274,3.5
351,274,2.0
472,274,3.0
3340,274,3.0
1565,274,2.0
394,274,2.0
546,274,3.5
2909,274,2.5
2738,274,2.0
631,274,3.0
385,274,3.0
1045,274,2.5
1793,274,4.0
1725,274,1.5
1007,274,4.0
1664,274,3.0
2092,274,3.5
2513,274,4.0
3021,274,3.5
1572,274,3.5
544,274,2.0
1135,274,3.5
402,274,4.0
1482,274,2.5
3577,274,4.5
1366,274,3.5
2944,274,3.5
1702,274,4.0
1584,274,3.0
2472,274,3.0
2045,274,1.0
1885,274,1.5
2592,274,2.5
1853,274,5.0
900,274,3.5
111,274,1.5
475,274,3.5
469,274,3.5
309,274,3.5
359,274,3.0
333,274,3.0
556,274,2.5
364,274,3.0
3848,274,2.0
702,274,3.5
1056,274,3.0
169,274,2.0
2319,274,1.5
3755,274,4.5
2926,274,3.5
335,274,2.5
279,274,2.0
346,274,3.0
1543,274,2.0
1016,274,3.0
2769,274,1.5
2042,274,3.5
1738,274,2.5
2994,274,3.0
2073,274,2.5
1054,274,3.5
1719,274,3.5
2001,274,3.5
2630,274,4.0
1017,274,1.0
3712,274,4.5
232,274,3.5
1182,274,2.0
1405,274,1.5
1190,274,2.5
389,274,4.0
2547,274,3.5
2837,274,3.5
321,274,2.5
3033,274,4.0
1195,274,3.5
2949,274,4.0
2538,274,3.0
602,274,2.0
4299,274,4.0
772,274,2.5
2417,274,2.5
632,274,3.5
1398,274,4.0
865,274,3.0
998,274,4.0
1012,274,3.5
2515,274,2.0
716,274,2.5
160,274,3.0
231,274,2.5
1861,274,2.0
595,274,2.0
415,274,3.0
276,274,3.5
908,274,2.5
747,274,2.5
1640,274,2.5
674,274,2.5
565,274,3.5
569,274,2.5
2833,274,3.5
1911,274,2.5
498,274,3.0
2580,274,3.5
2146,274,2.0
3561,274,4.0
597,274,1.5
1143,274,3.5
277,274,3.0
148,274,3.0
3003,274,2.0
2256,274,4.0
756,274,1.0
3705,274,3.5
317,274,3.0
884,274,4.0
3346,274,3.0
1792,274,3.0
934,274,2.5
1969,274,3.0
1871,274,3.5
530,274,3.5
2233,274,2.0
633,274,3.5
2928,274,4.0
3364,274,3.5
2106,274,3.5
1714,274,4.0
424,274,2.5
329,274,4.0
3035,274,3.5
1624,274,1.5
3244,274,3.5
220,274,0.5
166,274,1.5
94,274,2.5
200,274,4.0
370,274,2.5
1781,274,2.0
575,274,3.5
1826,274,2.5
3034,274,4.0
3000,274,3.5
2690,274,2.0
1869,274,2.0
2421,274,2.0
4219,274,4.0
3744,274,3.0
2390,274,3.5
2032,274,2.5
4375,274,3.5
1269,274,1.0
3515,274,3.5
3424,274,3.5
2102,274,2.5
3541,274,4.0
829,274,5.0
1044,274,2.5
1497,274,3.0
172,274,3.0
2326,274,4.5
1785,274,3.5
847,274,1.0
3571,274,4.0
733,274,2.0
2746,274,3.5
4096,274,3.5
516,274,4.0
1899,274,2.5
499,274,3.5
727,274,2.0
1205,274,3.0
1710,274,4.0
2155,274,5.0
1419,274,2.5
1824,274,1.5
729,274,3.0
809,274,3.5
1710,274,4.5
831,274,5.0
725,274,4.0
1657,274,2.5
2333,274,2.5
146,274,4.0
3743,274,4.0
566,274,4.0
192,274,3.0
4582,274,1.5
4749,274,3.5
1551,274,3.5
2104,274,2.5
31,274,4.0
1849,274,3.0
267,274,2.5
304,274,2.0
715,274,3.0
578,274,2.0
1580,274,3.0
1875,274,2.0
1770,274,3.5
1650,274,4.0
957,274,2.0
3601,274,4.0
717,274,3.5
2048,274,3.5
2139,274,2.5
2410,274,2.5
3639,274,3.5
4298,274,3.5
292,274,3.5
113,274,2.5
248,274,2.0
655,274,2.0
3010,274,4.0
3508,274,4.0
3946,274,3.5
4521,274,1.0
3435,274,4.0
545,274,3.0
1560,274,4.0
118,274,2.5
689,274,2.5
1071,274,1.5
2987,274,2.0
1059,274,3.0
1637,274,4.0
1848,274,2.5
816,274,3.5
1433,274,2.0
539,274,3.5
1375,274,1.5
1179,274,4.5
168,274,2.5
768,274,2.0
3079,274,4.0
230,274,4.0
510,274,4.0
1919,274,3.5
249,274,2.5
120,274,3.5
2311,274,3.5
186,274,2.5
243,274,2.0
1296,274,3.5
1576,274,3.5
1791,274,3.5
1516,274,3.0
793,274,2.0
1137,274,3.5
596,274,2.0
994,274,3.5
4326,274,4.0
826,274,2.5
3559,274,3.5
558,274,4.0
115,274,3.0
1687,274,3.0
1237,274,2.0
25,274,3.0
529,274,3.0
156,274,1.5
3682,274,3.0
3624,274,3.0
1112,274,2.0
1842,274,1.5
944,274,3.5
2537,274,1.0
1174,274,2.0
2438,274,4.0
1636,274,2.5
2091,274,1.5
924,274,3.5
933,274,3.5
919,274,3.5
1761,274,3.5
2163,274,2.0
2512,274,4.0
1165,274,2.0
4443,274,3.5
948,274,3.5
140,274,3.5
2339,274,4.0
430,274,3.5
105,274,2.0
34,274,3.5
567,274,3.5
417,274,2.5
13,274,3.0
870,274,2.5
3579,274,4.5
3242,274,4.0
2136,274,4.0
1487,274,3.0
555,274,3.5
244,274,3.0
648,274,1.5
1606,274,1.5
2856,274,4.5
2411,274,3.5
4045,274,3.5
1201,274,4.0
2922,274,3.5
2318,274,4.0
3014,274,2.5
511,274,3.5
2981,274,3.0
278,274,4.0
298,274,4.0
3179,274,2.0
2415,274,3.0
119,274,3.5
1197,274,2.0
2611,274,4.0
2474,274,5.0
422,274,3.0
688,274,4.0
742,274,4.0
881,274,4.0
1277,274,3.0
212,274,3.5
1282,274,2.5
6,274,3.5
1747,274,3.5
2564,274,4.0
107,274,2.0
4711,274,4.0
2,274,3.5
399,274,3.0
3316,274,2.5
3292,274,3.0
3172,274,3.5
2017,274,4.0
262,274,4.0
112,274,2.5
114,274,3.0
1082,274,4.0
592,274,3.0
2395,274,3.5
59,274,2.0
2412,274,3.5
1021,274,4.0
985,274,4.0
1072,274,1.5
2181,274,3.5
1607,274,3.0
2986,274,2.5
282,274,4.0
1832,274,4.0
152,274,2.0
392,274,3.0
117,274,4.0
3338,274,3.5
4385,274,3.5
1858,274,3.5
1444,274,3.0
3528,274,3.5
4072,274,3.5
1829,274,3.0
2234,274,3.5
421,274,3.5
4122,274,2.0
420,274,2.5
3994,274,3.0
1373,274,2.0
2826,274,4.0
2332,274,1.0
69,274,3.5
1818,274,4.0
54,274,3.5
182,274,3.0
58,274,3.5
513,274,3.5
116,274,3.5
164,274,4.0
640,274,3.0
1786,274,4.5
354,274,3.5
659,274,3.5
1332,274,3.5
2127,274,2.5
448,274,2.5
1973,274,3.5
2249,274,3.5
2374,274,3.0
2669,274,4.0
12,274,3.5
2962,274,2.0
1453,274,3.0
1816,274,4.0
3870,274,3.5
4246,274,3.0
1181,274,3.0
572,274,5.0
2203,274,3.5
123,274,2.5
159,274,4.0
44,274,2.5
1601,274,3.5
67,274,3.5
4406,274,3.5
36,274,3.0
9,274,3.5
1557,274,3.5
2554,274,3.5
1620,274,3.5
996,274,3.5
4363,274,3.5
4584,274,2.0
1991,274,4.0
1568,274,3.5
2932,274,3.0
60,274,2.0
1,274,3.0
357,274,3.5
2160,274,3.5
1794,274,3.5
2718,274,1.0
440,274,4.5
1336,274,2.5
33,274,3.0
313,274,3.5
894,274,3.0
1520,274,3.5
1346,274,3.5
207,274,3.0
1723,274,4.0
820,274,3.0
80,274,3.0
531,274,3.0
4168,274,3.0
1645,274,3.5
43,274,4.5
4098,274,3.5
1203,274,3.5
97,274,5.0
189,274,3.5
412,274,3.0
2806,274,4.0
800,274,2.0
3267,274,3.5
3002,274,3.5
712,274,3.5
1368,274,4.0
1509,274,4.5
130,274,2.0
1544,275,5.0
2452,275,5.0
1540,275,5.0
3749,275,3.0
1573,275,5.0
2721,275,4.0
2169,275,2.0
3647,275,5.0
4344,275,3.0
1491,275,3.0
4023,275,5.0
2371,275,5.0
4487,275,5.0
3236,275,5.0
2950,275,4.0
2204,275,5.0
810,275,3.0
3702,275,4.0
3410,275,4.0
676,275,4.0
1821,275,5.0
1728,275,5.0
4461,275,3.0
2020,275,3.0
4179,275,3.0
3893,275,5.0
3603,275,5.0
1067,275,4.0
3706,275,5.0
4611,275,3.0
3990,275,3.0
4336,275,5.0
3819,275,5.0
2970,275,1.0
3892,275,5.0
4222,275,5.0
4016,275,3.0
4307,275,5.0
2795,275,5.0
2971,275,4.0
4586,275,5.0
4297,275,5.0
3725,275,5.0
2608,275,4.0
1528,275,5.0
1850,275,5.0
2173,275,4.0
2331,275,5.0
2347,275,5.0
3745,275,5.0
3243,275,4.0
2662,275,5.0
2667,275,5.0
2288,275,4.0
3993,275,5.0
3451,275,5.0
2458,275,4.0
3680,275,5.0
903,275,5.0
3776,275,3.0
1397,275,3.0
2568,275,5.0
2327,275,3.0
4783,275,5.0
1377,275,4.0
3996,275,4.0
4638,275,3.0
1354,275,3.0
2982,275,5.0
2821,275,4.0
2979,275,4.0
2540,275,4.0
905,275,4.0
4118,275,5.0
1625,275,5.0
1023,275,5.0
2021,275,2.0
4207,275,4.0
4439,275,5.0
3829,275,3.0
3311,275,4.0
4231,275,4.0
4579,275,4.0
1960,275,5.0
4720,275,5.0
3241,275,5.0
2533,275,5.0
2923,275,3.0
486,275,5.0
3027,275,5.0
1783,275,4.0
3206,275,2.0
1561,275,4.0
2742,275,4.0
3429,275,4.0
3220,275,2.0
1122,275,5.0
3831,275,5.0
2317,275,5.0
2519,275,4.0
1014,275,5.0
663,275,5.0
2756,275,5.0
3178,275,5.0
344,275,4.0
1335,275,1.0
2235,275,5.0
1055,275,5.0
3703,275,5.0
1390,275,5.0
2095,275,3.0
3274,275,5.0
4104,275,5.0
910,275,5.0
3889,275,5.0
3542,275,5.0
2090,275,5.0
2151,275,4.0
3818,275,5.0
3606,275,4.0
3455,275,5.0
275,275,4.0
1123,275,3.0
512,275,2.0
4643,275,2.0
2983,275,3.0
1974,275,5.0
766,275,4.0
2802,275,5.0
3463,275,5.0
812,275,3.0
3580,275,4.0
4303,275,5.0
546,275,2.0
2909,275,4.0
3476,275,3.0
1007,275,5.0
4732,275,5.0
402,275,4.0
3577,275,5.0
1584,275,4.0
1834,275,5.0
900,275,3.0
876,275,2.0
2516,275,5.0
3732,275,5.0
2995,275,5.0
2603,275,3.0
1016,275,5.0
1719,275,5.0
2630,275,4.0
232,275,4.0
373,275,3.0
4200,275,4.0
389,275,4.0
2335,275,5.0
4302,275,5.0
632,275,2.0
4769,275,2.0
3597,275,1.0
160,275,4.0
1759,275,4.0
276,275,4.0
445,275,2.0
4710,275,2.0
2817,275,2.0
1301,275,2.0
3897,275,5.0
597,275,2.0
1143,275,3.0
277,275,2.0
2310,275,5.0
1541,275,4.0
934,275,4.0
3524,275,5.0
1544,276,4.0
1553,276,4.0
1530,276,5.0
2993,276,5.0
636,276,5.0
2819,276,5.0
810,276,5.0
676,276,5.0
1303,276,4.0
426,276,5.0
804,276,3.0
453,276,4.0
384,276,4.0
4016,276,5.0
2288,276,5.0
474,276,5.0
1544,277,4.0
1530,277,2.0
646,277,3.0
2993,277,4.0
1303,277,3.0
804,277,4.0
453,277,3.0
1087,277,4.0
384,277,4.0
287,277,4.0
851,277,4.0
978,277,4.0
3934,277,3.0
1036,277,5.0
728,277,3.0
474,277,5.0
1821,278,5.0
3703,278,4.0
1544,279,3.0
2993,279,3.5
557,279,4.0
3236,279,5.0
810,279,3.0
1545,279,3.5
676,279,4.0
1728,279,5.0
1698,279,2.0
280,279,4.0
426,279,4.0
2970,279,4.0
1705,279,5.0
2517,279,4.0
4586,279,5.0
2406,279,4.5
1528,279,3.5
1850,279,3.5
839,279,5.0
3162,279,5.0
2288,279,3.5
1008,279,4.5
574,279,3.0
388,279,4.0
301,279,3.0
629,279,4.0
1700,279,4.0
3061,279,3.5
3049,279,4.0
3831,279,3.5
2317,279,2.0
2519,279,3.5
663,279,3.5
2330,279,5.0
275,279,3.5
1793,279,5.0
402,279,2.5
3577,279,3.0
1719,279,4.0
232,279,3.0
580,279,3.0
231,279,1.0
2256,279,3.0
3000,279,3.0
829,279,3.0
831,279,2.0
4582,279,5.0
3601,279,3.5
3639,279,3.5
230,279,3.0
120,279,4.0
2628,279,4.0
933,279,4.0
511,279,4.5
278,279,3.5
2474,279,4.0
742,279,3.0
2395,279,2.5
1832,279,3.5
1858,279,4.5
1829,279,3.0
2619,279,4.0
69,279,2.5
1786,279,3.5
354,279,4.5
2669,279,3.0
1706,279,2.0
1816,279,4.0
572,279,4.0
3628,279,4.5
123,279,3.0
281,279,3.0
1557,279,4.0
1991,279,4.0
880,279,3.5
1,279,2.0
357,279,3.0
440,279,4.0
97,279,4.0
412,279,4.0
1368,279,3.0
1509,279,3.5
2561,279,3.5
1402,279,3.5
206,279,3.0
221,279,3.0
30,279,5.0
416,279,3.5
1104,279,3.5
2725,279,3.0
90,279,2.0
217,279,3.0
718,279,3.0
288,279,4.0
229,279,3.0
520,279,2.0
240,279,3.5
1053,279,5.0
819,279,3.0
1160,279,2.5
1288,279,3.0
96,279,5.0
47,279,3.0
75,279,4.5
912,279,3.0
3871,279,3.5
694,279,4.0
3238,279,4.5
2755,279,5.0
128,279,4.5
789,279,4.0
27,279,3.0
271,279,3.0
177,279,5.0
2763,279,3.5
2044,279,3.0
3560,279,3.0
219,279,2.0
1544,280,4.5
1553,280,3.0
2721,280,4.0
2993,280,3.0
4023,280,4.5
2819,280,3.0
810,280,4.0
3410,280,4.5
1814,280,3.5
2514,280,4.0
2671,280,4.0
3990,280,3.0
2675,280,4.5
3452,280,4.0
4016,280,4.0
4082,280,4.0
1850,280,5.0
2288,280,3.5
3448,280,4.0
903,280,4.5
1039,280,2.5
1033,280,4.0
26,280,4.0
150,280,3.5
2021,280,3.5
2996,280,4.0
1721,280,4.0
1783,280,3.0
916,280,4.5
2461,280,3.5
2985,280,3.5
2931,280,4.0
2742,280,4.0
1360,280,2.5
1542,280,4.0
2813,280,3.0
3050,280,4.0
568,280,3.0
344,280,4.0
2322,280,2.0
3703,280,4.0
2095,280,2.5
573,280,4.0
2552,280,3.5
2460,280,2.5
766,280,5.0
1548,280,5.0
812,280,4.5
631,280,3.0
1045,280,3.5
652,280,4.0
1366,280,1.5
1584,280,5.0
1834,280,5.0
900,280,4.5
876,280,2.5
111,280,4.0
2319,280,3.5
1719,280,4.0
3712,280,3.5
2356,280,5.0
389,280,4.5
3597,280,3.0
277,280,4.0
2449,280,4.5
884,280,4.5
911,280,3.5
3524,280,3.0
329,280,4.5
200,280,3.5
2102,280,3.5
1063,280,5.0
584,280,4.0
1978,280,3.0
725,280,4.5
2333,280,5.0
668,280,4.5
192,280,4.0
4582,280,3.5
4094,280,4.5
1849,280,4.0
958,280,5.0
816,280,3.0
3079,280,4.5
1919,280,4.5
1727,280,5.0
115,280,4.0
13,280,3.5
298,280,4.5
688,280,3.5
686,280,2.5
1747,280,5.0
2395,280,4.5
1593,280,4.5
2181,280,4.5
3338,280,4.0
1563,280,3.0
1373,280,4.5
1818,280,4.0
58,280,4.0
1786,280,4.5
3007,280,4.5
2669,280,4.5
1339,280,4.0
1816,280,4.0
690,280,3.5
1579,280,3.5
1181,280,4.0
1186,280,4.5
3343,280,4.0
1708,280,2.0
2359,280,3.0
97,280,4.0
3267,280,5.0
1404,280,4.0
1502,280,5.0
1582,280,5.0
1387,280,3.5
4650,280,4.0
427,280,5.0
1121,280,4.0
2464,280,5.0
377,281,1.5
3061,281,4.0
1542,281,3.0
2519,281,3.5
766,281,3.5
3463,281,3.5
1759,281,3.5
727,281,4.0
192,281,4.0
3242,281,4.5
688,281,4.5
1544,282,4.5
696,282,3.5
893,282,4.0
3749,282,4.0
4344,282,4.0
636,282,4.5
3236,282,4.0
2819,282,2.0
810,282,4.5
1545,282,3.5
676,282,4.0
1814,282,4.0
1821,282,5.0
2020,282,3.5
1698,282,4.5
280,282,4.5
1361,282,3.5
1362,282,3.5
4273,282,3.5
4274,282,3.5
2671,282,3.5
426,282,3.0
4179,282,4.0
4336,282,3.5
3452,282,4.5
3934,282,4.0
4307,282,5.0
4586,282,5.0
3725,282,5.0
4609,282,4.5
1528,282,4.5
1850,282,4.5
2662,282,4.5
2288,282,5.0
2458,282,4.0
1397,282,4.5
2327,282,4.5
366,282,4.5
802,282,4.0
2979,282,4.5
26,282,3.0
905,282,4.0
2313,282,5.0
4745,282,4.0
3454,282,3.0
4340,282,4.0
1815,282,4.5
1154,282,5.0
1167,282,4.5
629,282,4.5
4720,282,3.5
1700,282,4.0
2842,282,4.5
2111,282,4.0
3061,282,4.5
3700,282,4.0
3206,282,4.0
2672,282,4.5
3049,282,4.5
1561,282,4.0
1360,282,4.0
3831,282,3.0
2530,282,4.0
2317,282,4.5
2519,282,4.5
4085,282,4.0
208,282,3.5
4077,282,4.0
663,282,4.5
2756,282,4.5
2018,282,4.0
3178,282,5.0
3008,282,3.5
344,282,4.5
892,282,4.0
2151,282,4.0
3261,282,4.0
275,282,4.0
896,282,3.0
414,282,2.0
3707,282,4.5
351,282,3.0
2451,282,4.5
3476,282,4.5
631,282,3.0
385,282,4.0
1045,282,3.0
1793,282,4.0
1007,282,3.5
2513,282,4.0
3577,282,4.5
1584,282,5.0
1834,282,4.0
1853,282,4.5
900,282,4.5
2319,282,3.0
1543,282,3.0
1054,282,4.5
1719,282,2.5
1017,282,4.0
232,282,4.5
389,282,4.0
321,282,4.0
632,282,4.5
3597,282,4.0
160,282,4.0
276,282,4.0
674,282,4.0
3897,282,4.0
1143,282,4.0
761,282,3.5
317,282,4.5
884,282,5.0
1969,282,3.0
329,282,5.0
200,282,4.0
3744,282,3.5
2102,282,4.0
829,282,3.0
1497,282,3.0
1785,282,3.0
831,282,3.5
566,282,4.0
3450,282,4.5
3601,282,3.5
2400,282,4.0
3352,282,4.5
2720,282,4.5
1687,282,4.0
3315,282,4.0
567,282,4.5
1606,282,4.5
2922,282,1.0
278,282,4.0
298,282,4.5
2760,282,4.5
119,282,5.0
688,282,3.5
1747,282,4.0
282,282,4.0
69,282,3.5
2669,282,4.0
572,282,3.5
1,282,4.0
357,282,2.5
97,282,4.5
4102,282,4.5
507,282,3.5
271,282,4.0
177,282,4.5
1544,283,3.0
2721,283,1.0
3833,283,4.0
2184,283,3.0
2993,283,4.0
557,283,5.0
636,283,5.0
810,283,5.0
1814,283,3.0
2514,283,3.0
2020,283,2.0
1886,283,3.0
2662,283,3.0
903,283,3.0
2568,283,2.0
2327,283,4.0
1033,283,2.0
2979,283,5.0
165,283,4.0
696,284,4.0
341,284,4.0
1553,284,4.0
616,284,1.0
1540,284,3.0
2721,284,3.0
2103,284,3.0
646,284,5.0
2993,284,5.0
557,284,5.0
1994,284,3.0
636,284,2.0
300,284,3.0
356,284,5.0
536,284,1.0
76,284,4.0
4780,284,5.0
1893,284,3.0
2371,284,3.0
3236,284,4.0
1939,284,4.0
1305,284,3.0
1628,284,4.0
2819,284,5.0
2204,284,4.0
678,284,3.0
810,284,5.0
3702,284,4.0
1545,284,5.0
283,284,4.0
953,284,3.0
645,284,4.0
676,284,5.0
404,284,3.0
1814,284,5.0
1698,284,5.0
280,284,5.0
2281,284,4.0
1361,284,5.0
1362,284,5.0
4273,284,5.0
4274,284,5.0
1303,284,4.0
384,284,4.0
4344,285,5.0
3236,285,4.0
3410,285,5.0
4336,285,5.0
3725,285,5.0
2173,285,4.5
3451,285,4.0
2979,285,4.0
4439,285,4.0
2151,285,2.0
766,285,2.0
2319,285,2.5
4786,285,3.5
1626,285,3.5
2721,286,3.5
2184,286,3.0
557,286,5.0
636,286,4.0
821,286,3.0
356,286,4.0
3236,286,5.0
2950,286,3.0
810,286,4.5
1545,286,4.0
1814,286,3.5
2486,286,4.5
1821,286,4.0
2671,286,3.5
804,286,3.0
3893,286,3.5
1705,286,4.5
1107,286,5.0
2971,286,4.0
3725,286,4.0
574,286,3.0
2285,286,3.0
443,286,3.5
26,286,1.0
1023,286,3.0
150,286,4.0
2021,286,3.0
1815,286,3.5
629,286,4.5
705,286,3.5
3061,286,5.0
920,286,4.0
2742,286,3.0
2813,286,1.5
651,286,3.0
663,286,5.0
2289,286,3.5
2756,286,4.5
910,286,3.5
2151,286,3.0
275,286,3.5
766,286,3.5
546,286,4.5
2909,286,5.0
385,286,4.0
1007,286,4.0
3577,286,4.5
900,286,3.5
2995,286,2.5
1543,286,0.5
2630,286,5.0
373,286,4.0
389,286,4.0
2130,286,3.0
632,286,5.0
160,286,3.5
276,286,2.0
884,286,3.5
3524,286,3.0
424,286,3.0
329,286,5.0
200,286,4.0
2102,286,3.0
829,286,5.0
2155,286,5.0
831,286,5.0
893,287,2.0
813,287,1.0
1530,287,2.0
3647,287,4.0
557,287,1.5
536,287,1.5
4780,287,2.5
3635,287,5.0
2950,287,4.0
3410,287,4.5
1821,287,4.0
2765,287,2.5
2514,287,1.5
426,287,1.0
287,287,1.0
571,287,1.5
3449,287,3.0
2517,287,0.5
4586,287,4.0
3725,287,3.0
1528,287,3.5
2288,287,3.0
728,287,0.5
1753,287,0.5
1586,287,0.5
3448,287,0.5
2824,287,1.5
2285,287,2.5
2376,287,3.5
1039,287,0.5
2568,287,2.0
2327,287,1.5
4638,287,2.0
2408,287,0.5
3259,287,3.0
905,287,2.5
150,287,0.5
4745,287,4.5
1167,287,1.5
629,287,3.5
1700,287,1.5
2533,287,4.0
2764,287,1.5
2111,287,4.0
3027,287,2.0
2672,287,0.5
1222,287,1.0
3220,287,4.0
3831,287,1.0
2317,287,3.0
4085,287,4.0
663,287,4.0
2756,287,4.0
2018,287,4.0
22,287,1.0
1335,287,4.0
275,287,2.5
512,287,0.5
367,287,0.5
3463,287,4.0
1548,287,1.5
812,287,2.0
3707,287,5.0
1793,287,4.0
1007,287,3.5
544,287,0.5
900,287,1.5
3488,287,5.0
2630,287,4.0
3712,287,4.5
4200,287,1.0
389,287,2.0
1012,287,2.5
231,287,1.0
207,287,2.5
498,287,1.0
1898,287,5.0
2839,287,4.5
277,287,1.5
2310,287,3.5
884,287,2.5
1969,287,3.5
4227,287,4.0
3056,287,2.5
383,287,2.5
4093,287,5.0
3744,287,5.0
757,287,1.0
1497,287,3.0
192,287,4.0
3450,287,4.5
2410,287,5.0
1178,287,1.5
4521,287,1.0
1544,288,4.5
696,288,3.0
2452,288,3.5
1540,288,4.0
1573,288,4.0
2382,288,3.0
813,288,2.0
646,288,1.0
557,288,5.0
4344,288,3.5
3360,288,3.5
636,288,3.0
1729,288,4.0
300,288,2.0
821,288,2.0
824,288,3.0
2371,288,5.0
1567,288,3.0
3236,288,5.0
1305,288,3.5
2950,288,3.5
2819,288,3.0
678,288,3.0
810,288,5.0
1545,288,3.0
283,288,3.0
677,288,2.0
953,288,2.0
676,288,2.0
1814,288,3.0
1821,288,5.0
2035,288,4.0
1728,288,4.0
1839,288,3.0
2514,288,3.0
2020,288,3.0
1698,288,4.0
280,288,4.0
2281,288,5.0
1361,288,3.0
1362,288,3.0
4273,288,3.0
4274,288,3.0
4265,288,4.5
1110,288,3.5
2671,288,3.0
1038,288,3.0
426,288,1.0
1810,288,2.0
384,288,2.0
4179,288,3.5
1886,288,5.0
1498,288,3.0
3514,288,3.0
4012,288,4.0
4336,288,4.0
3819,288,3.0
2970,288,5.0
264,288,3.0
3892,288,4.5
3743,288,3.0
1924,288,2.0
3572,288,3.0
2675,288,3.0
327,288,3.0
902,288,2.0
3452,288,4.0
3017,288,3.0
33,288,4.0
1705,288,3.0
4016,288,3.0
1107,288,3.0
3934,288,4.0
4147,288,3.0
3449,288,4.5
2971,288,5.0
2517,288,3.0
3464,288,2.0
2526,288,3.0
4586,288,5.0
4297,288,3.0
3725,288,5.0
2608,288,4.0
2406,288,3.0
2553,288,5.0
1528,288,4.5
1850,288,4.0
839,288,3.0
3162,288,3.0
2948,288,4.0
2173,288,5.0
2331,288,4.0
1665,288,4.0
2456,288,3.0
3243,288,3.5
2662,288,4.5
2667,288,4.0
2288,288,5.0
2832,288,3.0
2493,288,2.0
3993,288,4.0
4056,288,3.5
4486,288,3.0
3556,288,2.0
358,288,4.0
1008,288,5.0
3451,288,4.0
2458,288,4.5
1372,288,3.0
1616,288,3.0
1036,288,4.5
3533,288,3.5
1370,288,3.0
1753,288,3.5
1586,288,2.5
2818,288,4.0
2320,288,3.5
1962,288,4.0
429,288,3.0
3448,288,2.0
2812,288,5.0
2097,288,2.0
474,288,4.0
903,288,3.0
1039,288,4.0
1061,288,3.0
2568,288,3.0
377,288,2.0
447,288,4.0
211,288,2.0
305,288,3.0
443,288,2.0
366,288,4.0
380,288,4.0
817,288,3.0
1194,288,3.0
3906,288,1.0
1379,288,4.0
1377,288,4.5
1755,288,3.0
1354,288,4.0
3592,288,3.0
2982,288,3.0
2575,288,2.0
2821,288,4.0
1213,288,3.5
2979,288,3.5
1421,288,2.0
26,288,3.0
246,288,2.0
2540,288,2.5
1765,288,4.0
905,288,3.5
1625,288,3.0
1193,288,3.0
2021,288,4.5
3454,288,3.0
3829,288,4.0
4340,288,5.0
3453,288,3.5
3531,288,4.0
1815,288,3.0
3311,288,4.0
4231,288,4.5
2412,288,4.0
2554,288,2.0
4017,288,2.5
1399,288,3.0
1364,288,2.0
2915,288,4.0
954,288,3.0
1154,288,4.5
1167,288,3.5
1781,288,2.0
4448,288,3.0
1960,288,4.0
1081,288,3.0
629,288,3.5
1721,288,2.0
4720,288,3.5
3241,288,4.0
1700,288,3.5
564,288,3.0
432,288,3.0
2533,288,3.5
2179,288,3.0
2111,288,3.0
705,288,3.5
2933,288,3.0
744,288,2.0
3061,288,4.5
1878,288,3.0
25,288,3.0
2393,288,2.0
3700,288,1.0
486,288,3.5
582,288,3.5
3027,288,3.5
1783,288,4.0
3408,288,3.0
1108,288,1.0
795,288,1.0
2349,288,3.0
639,288,3.0
468,288,3.0
1646,288,1.0
3206,288,3.5
2672,288,3.0
1417,288,4.0
753,288,1.0
3049,288,3.5
2489,288,2.0
3354,288,3.0
279,288,5.0
3905,288,2.0
4182,288,2.0
4199,288,2.0
4018,288,2.0
1561,288,3.5
781,288,2.0
1026,288,3.0
234,288,4.0
814,288,3.5
871,288,3.0
1298,288,2.0
2436,288,2.0
1537,288,4.0
71,288,2.0
519,288,2.0
2766,288,3.5
830,288,4.0
3831,288,4.0
2530,288,3.0
2317,288,4.0
1227,288,2.0
1651,288,3.0
1014,288,4.0
208,288,3.0
3535,288,3.0
4189,288,3.0
3890,288,4.0
4077,288,3.0
4346,288,3.5
663,288,3.5
1519,288,2.0
225,288,4.0
1716,288,3.0
1133,288,3.0
3347,288,4.0
3166,288,3.0
2756,288,4.0
418,288,3.0
2018,288,4.0
22,288,3.0
3178,288,3.0
2177,288,3.0
1500,288,3.0
2670,288,3.0
1610,288,3.5
344,288,4.0
1775,288,3.0
376,288,3.0
269,288,3.0
466,288,3.0
892,288,3.0
1055,288,4.0
3348,288,3.5
3703,288,3.0
1510,288,2.0
2095,288,3.0
1051,288,3.0
3274,288,3.0
1430,288,4.5
374,288,2.0
4474,288,5.0
3889,288,5.0
3542,288,3.0
656,288,2.0
2730,288,3.5
2090,288,4.0
2151,288,3.0
573,288,2.0
1368,288,4.0
3622,288,3.0
2330,288,2.0
3606,288,3.0
3455,288,3.0
275,288,2.0
214,288,1.0
3255,288,3.0
1534,288,4.0
4003,288,4.0
4520,288,3.0
4731,288,3.0
3741,288,1.0
4677,288,2.0
2999,288,4.0
2589,288,2.0
1921,288,3.5
1123,288,3.0
512,288,3.5
347,288,2.0
4081,288,3.0
644,288,3.5
3733,288,3.5
1974,288,3.0
766,288,4.5
1548,288,3.5
4348,288,1.0
812,288,3.5
1505,288,4.0
3340,288,3.0
546,288,4.5
661,288,3.0
2674,288,3.5
3775,288,3.0
2909,288,3.0
1114,288,3.0
385,288,3.5
1793,288,5.0
3269,288,3.0
1925,288,3.0
3469,288,3.0
3577,288,4.5
1702,288,2.0
1584,288,3.0
900,288,4.0
475,288,2.0
469,288,3.0
364,288,3.0
2995,288,3.0
279,288,3.0
2143,288,3.0
605,288,3.0
1054,288,2.0
1536,288,4.0
1719,288,3.0
2630,288,3.5
1065,288,3.5
1017,288,4.0
2356,288,2.0
232,288,4.5
1182,288,4.0
3492,288,2.5
1418,288,2.0
389,288,3.5
576,288,4.0
3537,288,4.0
1018,288,3.0
3747,288,3.0
2346,288,3.0
1499,288,3.0
1195,288,3.0
3597,288,3.0
160,288,4.0
1759,288,4.0
231,288,3.5
1035,288,4.0
4339,288,3.0
276,288,4.0
445,288,4.0
602,288,3.0
2833,288,4.0
498,288,4.0
3382,288,3.0
2146,288,2.5
277,288,3.0
1030,288,3.5
2310,288,4.0
756,288,3.0
1569,288,4.0
3705,288,3.0
704,288,3.0
884,288,3.5
1691,288,4.0
1046,288,3.0
2106,288,4.0
3097,288,3.5
424,288,3.0
329,288,3.5
166,288,3.5
200,288,4.0
383,288,4.0
1781,288,4.0
1788,288,3.5
4093,288,4.5
1410,288,3.0
3744,288,3.5
1603,288,4.0
4375,288,3.5
2334,288,3.5
757,288,3.5
829,288,4.0
1497,288,4.0
1063,288,3.0
172,288,4.0
484,288,2.5
584,288,4.5
439,288,4.0
847,288,4.0
2862,288,3.5
2455,288,3.5
449,288,3.0
733,288,3.0
2746,288,3.5
1978,288,3.0
516,288,3.0
499,288,3.0
727,288,3.0
1205,288,3.5
2155,288,4.5
1426,288,3.0
831,288,4.0
566,288,3.5
192,288,3.5
4582,288,4.0
4749,288,3.0
1551,288,4.0
31,288,4.5
1849,288,4.0
4022,288,2.5
3601,288,3.5
717,288,4.0
2048,288,4.0
2410,288,4.5
2242,288,2.0
1845,288,3.5
292,288,3.0
248,288,3.0
1796,288,4.0
689,288,3.5
1848,288,2.5
2566,288,3.5
1433,288,2.0
442,288,3.5
1179,288,4.5
1229,288,3.5
1410,288,2.5
3079,288,4.0
230,288,4.5
249,288,2.5
120,288,4.5
186,288,3.0
1791,288,3.0
1597,288,3.5
668,288,3.5
2720,288,4.5
3351,288,4.0
3318,288,3.5
941,288,4.0
1727,288,3.5
115,288,3.5
1687,288,4.0
4353,288,3.5
156,288,2.5
1074,288,4.0
935,288,3.0
3315,288,4.0
34,288,4.0
567,288,3.0
13,288,3.0
3760,288,2.5
1201,288,4.0
2318,288,4.0
400,288,3.0
2182,288,2.5
2704,288,4.0
119,288,4.0
6,288,3.5
2,288,2.5
2017,288,3.5
114,288,3.5
2395,288,3.0
1021,288,3.0
137,288,3.0
117,288,2.5
2619,288,5.0
796,288,3.0
1575,288,4.5
69,288,4.0
1818,288,4.0
58,288,4.5
438,288,3.5
1046,288,2.5
2669,288,4.0
159,288,3.5
67,288,4.5
1,288,4.0
893,289,4.5
2371,289,4.0
1567,289,3.5
4265,289,3.5
4179,289,4.5
2517,289,2.0
1528,289,4.0
150,289,3.0
1167,289,3.5
2533,289,4.5
2317,289,3.0
1544,290,4.0
3749,290,4.0
1573,290,4.0
2930,290,4.0
4344,290,5.0
636,290,4.0
2371,290,4.0
4487,290,5.0
3236,290,5.0
2950,290,4.0
3254,290,4.0
4462,290,4.0
1821,290,5.0
1728,290,3.0
1038,290,4.0
4179,290,5.0
3603,290,5.0
3706,290,4.0
4012,290,5.0
4611,290,5.0
3990,290,5.0
4336,290,5.0
2970,290,5.0
4288,290,5.0
3892,290,5.0
4222,290,5.0
3743,290,4.0
3904,290,5.0
4307,290,4.0
3449,290,4.0
2971,290,5.0
4586,290,4.0
4297,290,4.0
3725,290,5.0
2553,290,5.0
1528,290,5.0
1850,290,5.0
839,290,4.0
3162,290,4.0
2173,290,5.0
3181,290,4.0
2331,290,5.0
2347,290,5.0
1665,290,5.0
3243,290,4.0
2667,290,4.0
2288,290,4.0
4056,290,5.0
4486,290,5.0
358,290,4.0
3451,290,5.0
2458,290,4.0
1372,290,4.0
1616,290,3.0
3533,290,4.0
3680,290,4.0
2812,290,5.0
1377,290,4.0
3996,290,4.0
2821,290,4.0
2979,290,4.0
2825,290,4.0
1023,290,4.0
4207,290,5.0
4439,290,5.0
3454,290,5.0
3829,290,5.0
3531,290,4.0
1815,290,5.0
3311,290,4.0
1960,290,4.0
629,290,4.0
2918,290,5.0
3883,290,4.0
3061,290,4.0
3844,290,4.0
1878,290,4.0
25,290,5.0
486,290,3.0
2606,290,3.0
1783,290,4.0
279,290,4.0
1653,290,2.0
2883,290,3.0
3220,290,4.0
3229,290,4.0
1537,290,3.0
830,290,4.0
2492,290,3.0
3831,290,4.0
2519,290,4.0
1014,290,4.0
3937,290,4.0
3890,290,5.0
4077,290,4.0
663,290,3.0
1610,290,4.0
1390,290,4.0
1510,290,3.0
3274,290,4.0
3889,290,3.0
3542,290,4.0
4221,290,2.0
4003,290,4.0
4677,290,4.0
1544,291,4.0
632,291,4.0
277,291,5.0
192,291,5.0
115,291,5.0
119,291,5.0
114,291,5.0
69,291,4.0
58,291,5.0
67,291,4.0
9,291,5.0
1,291,5.0
80,291,4.0
130,291,4.0
170,291,4.0
206,291,4.0
32,291,4.0
127,291,4.0
20,291,4.0
8,291,4.0
789,291,5.0
78,291,1.0
1544,292,4.0
696,292,3.5
1553,292,1.5
1573,292,3.5
1530,292,3.0
557,292,2.5
4344,292,2.0
300,292,3.0
824,292,4.0
356,292,3.5
3236,292,3.0
2819,292,2.0
678,292,4.0
810,292,4.5
1545,292,3.5
283,292,4.0
645,292,3.0
676,292,4.0
835,292,4.0
1814,292,4.0
1728,292,3.5
2514,292,4.0
2020,292,3.5
1698,292,4.0
280,292,4.0
2281,292,3.0
1361,292,3.5
1362,292,3.5
4273,292,3.5
4274,292,3.5
4265,292,3.0
2671,292,3.5
804,292,4.0
2407,292,2.0
264,292,4.0
3743,292,1.0
327,292,3.0
1705,292,4.0
3934,292,4.5
2971,292,4.5
2517,292,4.0
4586,292,4.0
3725,292,2.5
4609,292,4.0
4082,292,4.5
839,292,3.0
3162,292,3.0
2347,292,3.0
2288,292,4.0
3993,292,4.0
1008,292,4.5
2458,292,3.0
3680,292,2.0
574,292,4.0
903,292,4.0
1061,292,1.0
447,292,4.0
443,292,2.0
388,292,4.0
2982,292,3.0
301,292,3.0
26,292,4.0
353,292,3.5
150,292,3.0
1815,292,3.0
1154,292,4.0
1167,292,3.5
629,292,4.0
1700,292,4.0
1058,292,3.0
2533,292,3.0
841,292,4.0
2111,292,2.5
2923,292,4.0
397,292,4.0
3408,292,3.0
279,292,3.0
4018,292,4.0
2749,292,2.0
234,292,4.0
1360,292,3.0
1542,292,2.0
71,292,3.0
651,292,2.0
519,292,3.0
2317,292,3.5
2052,292,1.0
208,292,4.0
4077,292,4.0
4346,292,4.0
663,292,2.0
1716,292,4.0
1133,292,4.0
3347,292,4.5
3166,292,4.0
2018,292,2.0
297,292,4.0
344,292,4.0
269,292,3.0
713,292,1.0
1055,292,4.0
1051,292,4.0
1348,292,2.0
1183,292,2.0
3889,292,4.0
2330,292,3.5
3455,292,3.5
681,292,3.0
275,292,3.0
481,292,2.0
195,292,3.0
214,292,4.0
834,292,3.0
3255,292,4.0
1534,292,3.5
874,292,2.0
540,292,3.0
1123,292,3.0
512,292,3.0
644,292,3.0
1974,292,2.0
1548,292,4.0
1256,292,1.0
812,292,2.0
351,292,2.0
3340,292,5.0
546,292,2.0
385,292,4.0
1045,292,3.0
1925,292,3.0
2513,292,3.5
1482,292,3.0
1366,292,4.0
900,292,4.0
702,292,3.0
335,292,4.0
279,292,3.0
346,292,3.0
1054,292,2.0
1719,292,2.0
232,292,4.0
1405,292,3.0
373,292,4.0
389,292,3.0
1340,292,2.0
632,292,4.0
3597,292,4.0
160,292,4.0
231,292,3.0
431,292,4.0
276,292,4.0
222,292,3.0
1304,292,4.0
277,292,3.5
884,292,2.0
2106,292,4.5
329,292,3.5
200,292,4.0
1603,292,4.0
2820,292,3.5
3147,292,4.0
1746,292,4.0
1345,292,4.0
275,292,4.0
566,292,3.0
192,292,4.0
1574,292,1.0
31,292,4.0
267,292,3.5
4298,292,2.0
248,292,3.5
118,292,3.5
669,292,3.0
816,292,3.0
230,292,4.0
186,292,4.0
25,292,4.0
919,292,4.0
567,292,4.0
417,292,2.0
13,292,4.0
11,292,4.0
244,292,4.0
278,292,3.5
298,292,2.5
119,292,4.0
2,292,3.0
319,292,3.0
262,292,4.0
112,292,4.5
2064,292,3.5
117,292,3.5
69,292,4.5
1818,292,3.5
182,292,3.5
58,292,3.5
116,292,3.5
448,292,4.0
121,292,3.0
2669,292,4.0
12,292,4.0
2098,292,1.0
131,292,4.0
1453,292,2.0
1816,292,2.0
444,292,3.5
690,292,3.0
1780,292,3.0
923,292,2.5
159,292,4.0
129,292,3.5
122,292,4.0
67,292,4.0
307,292,2.5
36,292,3.5
9,292,4.0
1557,292,2.0
2210,292,3.0
477,292,3.0
1991,292,4.0
1568,292,3.0
1,292,4.0
357,292,4.0
93,292,4.0
80,292,4.5
43,292,4.0
615,292,3.5
97,292,3.0
189,292,3.5
412,292,2.0
800,292,4.0
1384,292,2.5
712,292,3.0
7,292,3.0
252,292,1.5
940,292,3.0
583,292,3.5
1509,292,4.0
130,292,4.0
1404,292,2.5
1502,292,3.0
18,292,4.0
138,292,3.0
102,292,4.5
909,292,4.0
42,292,3.5
1615,292,4.0
1367,292,4.5
170,292,3.5
336,292,3.5
929,292,3.0
258,292,3.5
500,292,1.5
427,292,4.5
206,292,4.5
3608,292,2.0
5,292,3.5
2464,292,2.0
56,292,3.0
904,292,1.5
30,292,4.0
1574,292,1.0
1533,292,2.0
581,292,3.0
229,292,4.0
1503,292,1.5
32,292,4.0
48,292,4.0
520,292,4.0
15,292,2.5
35,292,3.5
46,292,3.5
223,292,4.0
507,292,3.5
141,292,3.0
240,292,3.5
261,292,3.5
127,292,3.5
184,292,4.5
125,292,4.0
401,292,4.0
1155,292,2.0
95,292,4.5
62,292,1.5
2740,292,2.5
89,292,4.0
201,292,4.5
2555,292,0.5
128,292,2.5
183,292,4.0
984,292,1.5
250,292,3.5
2378,292,2.0
103,292,4.0
1544,293,3.0
1729,293,3.0
2819,293,2.0
953,293,2.0
2695,293,2.0
2341,293,2.0
2971,293,2.0
1377,293,3.0
2575,293,4.0
150,293,3.0
2915,293,2.0
1483,293,2.0
874,293,2.0
2521,293,2.0
716,293,2.0
696,294,3.0
1553,294,2.0
1540,294,3.0
2721,294,2.0
2103,294,3.0
3833,294,4.0
2184,294,4.0
300,294,3.0
1283,294,2.0
3447,294,2.0
3236,294,4.0
1939,294,4.0
1305,294,4.0
2204,294,2.0
678,294,2.0
810,294,5.0
3702,294,2.0
953,294,2.0
645,294,1.0
3410,294,5.0
404,294,1.0
3834,294,3.0
3254,294,4.0
1814,294,3.0
1246,294,3.0
2765,294,2.0
1136,294,1.0
2793,294,3.0
2514,294,2.0
2020,294,2.0
1698,294,3.0
2281,294,3.0
1361,294,3.0
1362,294,3.0
4273,294,3.0
4274,294,3.0
2671,294,1.0
3154,294,4.0
1303,294,3.0
804,294,1.0
453,294,4.0
1810,294,2.0
1087,294,1.0
966,294,1.0
1886,294,3.0
1639,294,2.0
1067,294,3.0
3706,294,4.0
3990,294,4.0
264,294,4.0
3169,294,2.0
3572,294,2.0
2675,294,4.0
3017,294,2.0
4016,294,2.0
4147,294,3.0
4307,294,3.0
3464,294,4.0
2526,294,4.0
2553,294,5.0
2948,294,4.0
3745,294,2.0
3243,294,3.0
2288,294,3.0
2493,294,5.0
1008,294,3.0
1036,294,4.0
1370,294,4.0
1753,294,4.0
1586,294,3.0
2818,294,4.0
2320,294,4.0
1962,294,5.0
429,294,2.0
474,294,3.0
2568,294,4.0
2327,294,1.0
447,294,2.0
211,294,2.0
305,294,2.0
380,294,4.0
817,294,3.0
1194,294,1.0
1377,294,3.0
2982,294,4.0
301,294,3.0
451,294,2.0
1421,294,2.0
1881,294,1.0
905,294,3.0
3638,294,3.0
1625,294,5.0
2313,294,5.0
150,294,2.0
165,294,4.0
2021,294,1.0
4231,294,2.0
1364,294,3.0
2915,294,4.0
2641,294,3.0
1154,294,3.0
4720,294,4.0
3241,294,3.0
1700,294,3.0
1058,294,3.0
2533,294,3.0
2764,294,3.0
841,294,3.0
2933,294,5.0
2923,294,3.0
790,294,3.0
25,294,1.0
2393,294,3.0
3700,294,4.0
3052,294,4.0
3027,294,3.0
1783,294,4.0
906,294,4.0
2461,294,4.0
1646,294,1.0
3206,294,2.0
2672,294,1.0
1417,294,3.0
3049,294,4.0
1492,294,4.0
626,294,2.0
1026,294,1.0
234,294,4.0
814,294,4.0
871,294,2.0
1298,294,1.0
2436,294,1.0
1360,294,1.0
1537,294,1.0
1979,294,4.0
519,294,2.0
619,294,2.0
2482,294,2.0
2317,294,4.0
1227,294,2.0
2519,294,3.0
1735,294,3.0
252,294,1.0
208,294,2.0
2829,294,4.0
225,294,2.0
3008,294,5.0
1610,294,3.0
2322,294,1.0
1055,294,3.0
3703,294,4.0
2095,294,4.0
4474,294,4.0
3889,294,5.0
3542,294,2.0
573,294,3.0
1115,294,3.0
3606,294,3.0
3455,294,5.0
3356,294,2.0
3582,294,1.0
3772,295,3.5
2184,295,5.0
3236,295,5.0
2793,295,5.0
4336,295,4.0
2675,295,2.5
4307,295,5.0
3725,295,5.0
1850,295,4.5
358,295,2.0
2320,295,0.5
1397,295,4.0
946,295,2.0
2825,295,3.5
3061,295,5.0
663,295,4.5
3577,295,4.5
309,295,2.5
829,295,4.5
831,295,4.5
1179,295,3.5
572,295,5.0
97,295,5.0
557,296,5.0
3236,296,4.5
810,296,5.0
1821,296,4.5
2979,296,5.0
629,296,4.5
234,296,1.0
663,296,5.0
231,296,1.0
230,296,1.0
97,296,5.0
2141,297,2.0
2184,297,2.0
646,297,1.0
1252,297,1.0
4344,297,3.0
636,297,3.0
824,297,2.0
356,297,3.0
1283,297,1.0
827,297,3.0
930,297,2.0
1628,297,2.0
678,297,4.0
1545,297,2.0
4236,297,4.0
835,297,2.0
2020,297,1.0
280,297,3.0
384,297,1.0
287,297,1.0
571,297,3.0
851,297,1.0
978,297,1.0
3706,297,4.0
4307,297,5.0
1372,297,4.0
3680,297,4.0
574,297,3.0
2285,297,1.0
945,297,1.0
3079,297,1.0
1344,297,2.0
260,297,1.0
443,297,4.0
456,297,2.0
388,297,3.0
1377,297,4.0
1755,297,2.0
802,297,3.0
1544,298,2.0
893,298,4.0
2993,298,3.5
557,298,3.0
4344,298,3.0
300,298,2.0
3353,298,2.5
356,298,3.0
3447,298,3.5
76,298,2.5
4780,298,4.0
3236,298,4.5
2819,298,3.0
810,298,3.0
3410,298,3.5
676,298,4.0
1728,298,4.5
2793,298,3.0
4461,298,3.0
280,298,4.0
1361,298,3.5
1362,298,3.5
4273,298,3.5
4274,298,3.5
804,298,0.5
4179,298,3.0
3893,298,3.5
1886,298,3.0
2970,298,4.0
1705,298,3.0
4678,298,3.5
4307,298,4.0
2193,298,0.5
3464,298,3.0
4586,298,2.5
3725,298,4.0
2406,298,4.0
1528,298,4.0
1850,298,4.0
839,298,4.0
3162,298,4.0
2948,298,3.0
2347,298,3.5
3745,298,3.0
2662,298,3.5
2667,298,3.5
2288,298,3.5
3300,298,4.0
2493,298,2.5
3993,298,4.0
1008,298,4.0
2812,298,3.0
1397,298,2.0
2327,298,2.5
366,298,2.5
380,298,3.0
1194,298,1.5
1354,298,2.0
301,298,3.5
741,298,2.0
1765,298,4.0
3259,298,2.0
550,298,2.0
2313,298,3.5
4745,298,4.0
2021,298,2.5
4340,298,2.5
2915,298,3.5
1154,298,3.0
1167,298,3.0
1081,298,3.5
1700,298,3.5
1058,298,2.5
2693,298,1.5
2764,298,3.0
4646,298,3.0
4379,298,0.5
3027,298,2.0
639,298,0.5
2336,298,4.0
2985,298,0.5
3049,298,3.0
279,298,3.5
2742,298,2.5
3220,298,2.5
234,298,3.0
1122,298,0.5
1360,298,2.5
1542,298,2.5
2813,298,3.0
619,298,2.0
568,298,0.5
2492,298,3.5
3831,298,3.0
2530,298,3.0
2519,298,4.0
208,298,4.0
663,298,5.0
225,298,3.0
2018,298,3.5
3008,298,3.0
3703,298,3.0
2095,298,3.0
1998,298,2.0
1348,298,1.0
1430,298,3.0
910,298,1.5
1996,298,1.0
3889,298,3.0
4244,298,4.0
2090,298,2.5
2151,298,4.0
1538,298,0.5
1981,298,1.5
2330,298,3.5
3261,298,3.5
1688,298,2.5
3455,298,3.0
275,298,3.5
481,298,0.5
2193,298,2.0
2460,298,2.5
214,298,3.0
834,298,1.5
1483,298,1.5
1789,298,2.5
3741,298,1.5
4677,298,2.0
1123,298,2.5
896,298,3.0
1968,298,2.5
512,298,2.5
414,298,2.0
1062,298,1.0
766,298,3.5
812,298,2.5
3707,298,2.5
3580,298,2.0
1019,298,2.0
351,298,0.5
472,298,3.0
488,298,0.5
3340,298,3.0
546,298,1.0
2909,298,3.0
1835,298,2.5
2738,298,2.0
631,298,2.0
385,298,2.5
1793,298,3.5
3269,298,3.0
2513,298,2.5
1572,298,0.5
1135,298,0.5
402,298,2.5
3577,298,3.0
1311,298,3.0
1702,298,2.5
1834,298,2.5
2472,298,3.0
2045,298,0.5
2592,298,3.0
900,298,2.0
475,298,2.0
469,298,2.0
1056,298,2.0
2319,298,1.0
2521,298,2.5
2995,298,2.5
1034,298,0.5
3536,298,3.5
279,298,2.0
1543,298,3.0
2042,298,4.0
1317,298,2.5
1717,298,1.5
2935,298,0.5
3712,298,3.5
232,298,3.0
1182,298,2.5
2941,298,2.5
1190,298,1.0
389,298,2.5
2547,298,1.0
576,298,2.5
2130,298,3.0
2837,298,1.0
1018,298,0.5
2030,298,0.5
3033,298,2.5
4299,298,3.5
1414,298,2.0
2417,298,2.0
632,298,2.0
1398,298,2.0
865,298,2.5
1012,298,1.0
3460,298,2.0
3597,298,0.5
716,298,0.5
160,298,2.5
1759,298,2.0
231,298,3.0
1861,298,1.5
415,298,1.0
276,298,3.0
674,298,2.5
565,298,1.5
1605,298,0.5
2833,298,0.5
3013,298,0.5
1911,298,2.0
1301,298,0.5
2479,298,0.5
1898,298,3.0
2146,298,0.5
3561,298,3.0
277,298,3.0
148,298,2.5
1030,298,1.0
761,298,2.5
2310,298,2.5
2109,298,2.0
823,298,0.5
1569,298,2.5
3705,298,3.0
317,298,3.0
884,298,3.0
1541,298,2.5
2293,298,0.5
1969,298,3.0
530,298,0.5
3524,298,1.5
2928,298,1.5
895,298,0.5
2106,298,2.0
700,298,0.5
424,298,2.5
329,298,2.5
3734,298,0.5
220,298,1.0
166,298,2.5
1836,298,0.5
94,298,3.0
200,298,2.5
187,298,1.5
370,298,1.5
4093,298,3.0
2421,298,0.5
1704,298,3.0
3744,298,3.0
2032,298,2.5
3186,298,1.5
2102,298,3.0
1559,298,2.0
829,298,4.0
4617,298,0.5
1063,298,2.0
2190,298,2.0
2326,298,2.5
484,298,0.5
2820,298,2.5
1854,298,2.0
584,298,2.0
847,298,1.0
449,298,2.5
1124,298,2.0
2746,298,1.0
4096,298,2.5
516,298,2.5
1899,298,3.0
3444,298,1.5
727,298,2.5
2155,298,2.5
729,298,4.0
831,298,4.0
2333,298,3.0
146,298,0.5
275,298,3.0
192,298,3.0
4582,298,3.5
4749,298,2.0
1551,298,3.0
2104,298,2.5
3450,298,2.5
31,298,2.5
1849,298,4.0
4022,298,2.5
578,298,2.0
1580,298,0.5
526,298,0.5
4803,298,4.0
2139,298,2.0
2410,298,3.5
3639,298,2.0
4298,298,3.0
1178,298,3.0
2947,298,1.0
958,298,1.0
292,298,2.0
3946,298,4.0
533,298,2.5
1560,298,3.0
118,298,1.0
689,298,2.0
1059,298,2.5
816,298,2.0
442,298,0.5
1179,298,3.5
230,298,3.0
1069,298,0.5
120,298,3.0
186,298,2.5
243,298,0.5
1396,298,0.5
1296,298,4.0
3415,298,2.0
793,298,2.5
3779,298,2.5
596,298,0.5
4326,298,3.0
1597,298,3.5
2628,298,3.5
2720,298,2.0
115,298,3.0
1687,298,2.5
25,298,3.0
156,298,1.0
3624,298,0.5
933,298,3.5
919,298,2.5
34,298,2.5
1501,298,1.5
417,298,2.5
13,298,2.5
870,298,0.5
3579,298,2.5
1629,298,0.5
3242,298,3.5
2136,298,1.0
555,298,2.0
244,298,0.5
1606,298,2.0
2411,298,3.0
4045,298,3.0
1201,298,3.5
2922,298,3.0
2318,298,3.0
511,298,2.0
2981,298,2.0
3771,298,0.5
1963,298,3.0
4007,298,4.0
119,298,2.5
1218,298,0.5
2474,298,2.0
422,298,3.0
688,298,3.0
686,298,0.5
881,298,2.0
1277,298,3.0
1282,298,2.5
6,298,2.5
1747,298,3.0
2,298,2.5
3172,298,3.0
262,298,2.5
74,298,0.5
112,298,2.0
114,298,3.0
1913,298,2.5
592,298,2.5
2884,298,3.0
2395,298,4.0
985,298,2.0
2181,298,2.5
2800,298,0.5
2213,298,2.0
152,298,1.5
3338,298,3.5
4385,298,3.0
1591,298,0.5
1829,298,3.0
421,298,4.0
2619,298,2.5
552,298,0.5
3349,298,2.5
848,298,1.5
3068,298,1.5
1230,298,2.0
1575,298,3.0
2826,298,2.5
1577,298,0.5
69,298,3.5
4593,298,0.5
54,298,4.5
362,298,3.0
116,298,1.0
164,298,3.5
640,298,3.0
2476,298,4.0
1786,298,3.0
354,298,3.0
1332,298,3.0
2209,298,0.5
1742,298,1.5
3007,298,1.0
1973,298,1.5
2249,298,1.5
2374,298,3.5
2669,298,1.0
12,298,1.5
1706,298,3.5
2301,298,2.0
1339,298,0.5
1453,298,2.5
1816,298,3.0
914,298,3.0
553,298,3.5
1181,298,4.0
3609,298,2.0
2345,298,0.5
3143,298,2.5
572,298,3.0
3628,298,4.0
123,298,2.5
129,298,0.5
122,298,0.5
67,298,3.0
749,298,0.5
36,298,2.0
349,298,0.5
3343,298,2.0
9,298,3.0
3485,298,0.5
2358,298,2.5
1273,298,2.0
2480,298,1.5
3324,298,1.0
348,298,3.0
4363,298,3.0
3111,298,1.5
2598,298,1.0
294,298,0.5
1568,298,1.5
1259,298,1.5
1,298,3.0
357,298,3.0
2359,298,0.5
2302,298,0.5
2789,298,0.5
440,298,2.5
1336,298,0.5
33,298,0.5
2161,298,0.5
1346,298,3.0
93,298,3.0
207,298,1.0
1723,298,2.0
80,298,3.5
4352,298,0.5
1191,298,3.5
4098,298,2.5
615,298,2.5
97,298,3.5
521,298,2.5
412,298,3.0
2806,298,2.0
3267,298,2.0
3280,298,0.5
2096,298,3.0
642,298,2.5
1234,298,1.5
285,298,0.5
1838,298,0.5
3060,298,2.0
1219,298,0.5
179,298,1.5
620,298,2.5
446,298,0.5
4039,298,2.5
3159,298,0.5
130,298,3.5
1502,298,3.0
18,298,2.0
1582,298,3.0
102,298,3.5
4169,298,3.5
3637,298,1.5
909,298,3.0
2282,298,0.5
53,298,1.0
1367,298,2.5
2561,298,3.0
170,298,3.0
926,298,3.0
1387,298,0.5
336,298,3.5
1724,298,1.5
1247,298,0.5
380,298,0.5
929,298,2.5
3249,298,3.0
258,298,1.0
3384,298,3.5
3434,298,3.0
538,298,0.5
206,298,3.0
2855,298,0.5
154,298,4.0
2827,298,3.0
2831,298,1.5
5,298,3.0
1121,298,2.5
221,298,3.5
1496,298,1.5
2464,298,3.0
4477,298,3.0
904,298,2.0
2425,298,3.0
1571,298,4.0
803,298,2.0
416,298,3.0
1104,298,3.0
2725,298,3.0
1128,298,0.5
2074,298,3.0
288,298,3.0
3860,298,3.0
938,298,0.5
49,298,0.5
38,298,1.5
229,298,1.5
1795,298,2.5
1503,298,1.5
32,298,3.0
15,298,2.5
35,298,3.0
52,298,3.5
46,298,2.0
4030,298,2.5
2338,298,3.0
1342,298,2.5
1743,298,3.0
2865,298,2.5
3534,298,2.5
2108,298,2.5
127,298,3.0
3575,298,2.5
85,298,1.0
1151,298,3.5
2000,298,2.0
1288,298,3.0
745,298,3.0
225,298,2.5
96,298,3.0
254,298,0.5
3067,298,0.5
86,298,3.0
2315,298,2.0
47,298,3.0
82,298,1.0
1231,298,0.5
75,298,3.0
912,298,2.0
161,298,3.0
3759,298,3.0
37,298,2.5
3871,298,3.5
694,298,3.0
83,298,3.0
95,298,4.0
305,298,0.5
791,298,2.5
3238,298,3.0
2755,298,2.5
29,298,3.0
20,298,3.0
1010,298,3.0
128,298,3.0
8,298,3.5
183,298,3.0
789,298,3.0
27,298,3.0
65,298,1.5
3222,298,2.0
2939,298,2.0
3362,298,3.0
2850,298,0.5
2723,298,2.0
653,298,0.5
1168,298,1.5
88,298,0.5
271,298,3.5
1374,298,0.5
1350,298,0.5
92,298,2.5
617,298,1.5
3,298,2.5
532,298,2.0
177,298,3.0
1600,298,2.0
1599,298,2.0
1175,298,1.0
2763,298,2.0
1912,298,3.0
2218,298,1.5
917,298,0.5
1388,298,0.5
839,299,3.0
3162,299,3.0
2812,299,4.0
1815,299,4.0
1399,299,4.0
234,299,2.0
1998,299,4.0
1348,299,3.0
1840,299,3.0
681,299,4.0
275,299,5.0
214,299,3.0
834,299,4.0
512,299,4.0
810,300,4.0
1821,300,5.0
2979,300,3.0
629,300,4.0
3061,300,4.0
2519,300,5.0
663,300,4.5
2630,300,4.0
3744,300,5.0
2155,300,5.0
3639,300,3.0
117,300,3.0
2669,300,4.0
97,300,4.0
2733,300,5.0
288,300,3.5
96,300,5.0
3759,300,5.0
3871,300,4.5
694,300,5.0
696,301,4.0
2452,301,4.0
1540,301,4.0
2930,301,4.5
557,301,1.5
356,301,2.0
930,301,2.5
3236,301,4.5
678,301,4.0
810,301,4.0
3702,301,2.5
1545,301,2.5
676,301,3.0
1814,301,3.5
1821,301,4.5
2020,301,3.5
280,301,0.5
2671,301,4.0
426,301,2.5
384,301,1.0
1107,301,4.0
2971,301,4.0
3725,301,4.5
2331,301,4.5
2288,301,2.5
2458,301,4.0
903,301,3.5
443,301,4.5
2408,301,0.5
3470,301,3.5
26,301,1.5
905,301,4.5
1815,301,4.5
1399,301,0.5
1154,301,2.5
2111,301,4.0
3061,301,4.5
3700,301,2.0
1783,301,1.5
920,301,1.0
2813,301,1.5
2519,301,4.0
910,301,3.5
275,301,4.5
1789,301,1.5
766,301,3.5
812,301,3.5
351,301,1.5
2909,301,4.5
385,301,2.5
1007,301,4.0
3577,301,4.0
1834,301,3.5
900,301,4.0
389,301,4.0
277,301,4.5
884,301,4.0
329,301,4.5
200,301,4.0
3744,301,3.0
829,301,4.5
2155,301,4.5
566,301,4.0
192,301,3.5
31,301,3.0
2410,301,3.5
1560,301,4.5
118,301,0.5
3079,301,4.0
115,301,4.0
933,301,2.5
13,301,3.5
3242,301,4.0
114,301,4.0
1593,301,3.5
1832,301,5.0
1858,301,4.5
525,301,4.0
1093,302,4.0
2452,302,5.0
1540,302,4.0
3749,302,5.0
2930,302,4.0
646,302,3.0
557,302,4.0
3236,302,5.0
1545,302,3.0
677,302,3.0
676,302,5.0
280,302,4.0
426,302,3.0
384,302,3.0
966,302,2.0
287,302,4.0
893,303,2.5
536,303,3.0
676,303,3.5
280,303,5.0
3819,303,3.0
2971,303,5.0
3464,303,3.5
2406,303,5.0
839,303,5.0
3162,303,5.0
2456,303,2.0
2288,303,3.5
1036,303,5.0
3680,303,5.0
574,303,3.0
2818,303,5.0
2327,303,3.0
366,303,3.5
1354,303,3.0
814,303,5.0
1360,303,3.0
3831,303,5.0
2317,303,3.0
2018,303,5.0
1055,303,4.0
2090,303,4.0
2330,303,5.0
4677,303,5.0
512,303,5.0
160,303,3.5
231,303,5.0
276,303,3.5
565,303,4.0
1544,304,5.0
696,304,4.0
2452,304,3.0
1540,304,4.0
2930,304,1.0
1530,304,5.0
2643,304,4.0
1319,304,5.0
557,304,5.0
636,304,5.0
1729,304,4.0
300,304,3.0
356,304,4.0
536,304,4.0
76,304,4.0
1893,304,5.0
2535,304,4.0
1567,304,4.0
3236,304,5.0
1305,304,4.0
1628,304,4.0
678,304,4.0
810,304,5.0
3702,304,5.0
1545,304,3.0
283,304,4.0
676,304,4.0
1814,304,1.0
1821,304,5.0
1728,304,4.0
2514,304,4.0
1698,304,4.0
280,304,5.0
2281,304,5.0
2671,304,4.0
1038,304,4.0
426,304,4.0
804,304,4.0
287,304,3.0
1498,304,4.0
1639,304,2.0
571,304,3.0
851,304,3.0
2970,304,4.0
4222,304,5.0
3572,304,4.0
3452,304,4.0
1705,304,4.0
2220,304,2.0
4678,304,4.0
3934,304,4.0
2971,304,5.0
707,304,3.0
2517,304,4.0
4586,304,4.0
2406,304,4.0
4082,304,5.0
839,304,4.0
3162,304,4.0
1665,304,5.0
3243,304,5.0
2662,304,5.0
2288,304,5.0
2493,304,4.0
1008,304,5.0
2458,304,4.0
1036,304,5.0
574,304,4.0
1370,304,4.0
1753,304,5.0
1586,304,2.0
2818,304,5.0
2320,304,5.0
1962,304,5.0
429,304,2.0
3448,304,4.0
2812,304,4.0
474,304,2.0
903,304,3.0
2285,304,5.0
1397,304,5.0
1039,304,4.0
2568,304,4.0
2327,304,2.0
447,304,4.0
305,304,3.0
1033,304,3.0
443,304,4.0
366,304,5.0
380,304,2.0
4783,304,2.0
388,304,4.0
1354,304,4.0
301,304,4.0
3470,304,3.0
875,304,4.0
741,304,2.0
2979,304,4.0
1964,304,3.0
26,304,5.0
246,304,3.0
2540,304,2.0
433,304,4.0
353,304,4.0
629,304,5.0
2679,304,3.0
705,304,3.0
744,304,4.0
542,304,4.0
582,304,5.0
1783,304,4.0
639,304,4.0
906,304,4.0
920,304,4.0
1417,304,3.0
3049,304,3.0
1653,304,4.0
781,304,4.0
626,304,4.0
234,304,5.0
71,304,3.0
2519,304,2.0
671,304,2.0
2756,304,3.0
3008,304,3.0
344,304,5.0
537,304,5.0
1055,304,5.0
893,305,4.5
3749,305,3.0
1573,305,3.0
2184,305,5.0
1994,305,4.0
3353,305,5.0
4780,305,4.0
2371,305,4.5
3236,305,5.0
810,305,4.5
3702,305,5.0
1545,305,4.0
283,305,3.0
676,305,2.0
1814,305,3.0
2486,305,2.5
2049,305,2.5
1821,305,5.0
1728,305,4.0
2793,305,5.0
280,305,5.0
2281,305,4.5
1361,305,2.5
1362,305,2.5
4273,305,2.5
4274,305,2.5
426,305,4.0
453,305,4.0
4179,305,4.0
3893,305,5.0
4012,305,4.5
2970,305,4.0
3892,305,4.0
3743,305,5.0
1705,305,4.0
3934,305,5.0
4307,305,5.0
3449,305,5.0
3464,305,4.0
4586,305,2.5
3725,305,5.0
2608,305,4.0
2406,305,3.5
4609,305,5.0
4082,305,4.5
1850,305,5.0
839,305,4.0
3162,305,4.0
2948,305,4.0
2173,305,5.0
2331,305,5.0
2456,305,4.0
3243,305,4.5
2667,305,4.0
2288,305,5.0
2832,305,5.0
3993,305,5.0
2812,305,3.5
474,305,2.0
1397,305,3.5
447,305,1.5
366,305,4.5
380,305,2.5
1194,305,3.0
388,305,3.0
1377,305,4.0
802,305,2.5
1354,305,3.0
301,305,3.5
2979,305,4.0
26,305,3.5
2825,305,3.5
2313,305,5.0
4340,305,5.0
1815,305,4.0
3908,305,5.0
2915,305,3.0
2641,305,5.0
1154,305,5.0
1167,305,4.0
629,305,4.0
1700,305,1.0
1058,305,5.0
4646,305,5.0
2923,305,5.0
3061,305,5.0
397,305,3.0
3354,305,3.5
626,305,4.0
234,305,2.0
1122,305,5.0
2813,305,4.0
3831,305,5.0
2530,305,4.5
2519,305,5.0
663,305,4.5
225,305,5.0
2018,305,3.5
3178,305,5.0
1335,305,3.5
1998,305,3.0
3889,305,5.0
2330,305,4.0
3261,305,5.0
275,305,5.0
214,305,2.5
4003,305,4.0
1123,305,4.0
1548,305,4.0
3707,305,5.0
546,305,3.0
2451,305,4.0
2909,305,5.0
385,305,4.5
1007,305,4.5
402,305,5.0
3577,305,3.5
1366,305,3.0
1584,305,3.5
1834,305,4.5
1853,305,4.0
2516,305,2.0
364,305,4.0
3755,305,3.5
1034,305,4.0
1054,305,4.5
3712,305,5.0
389,305,4.0
321,305,4.5
865,305,4.0
3597,305,4.0
231,305,3.0
276,305,3.5
2839,305,3.5
277,305,3.0
2256,305,4.0
317,305,4.5
884,305,5.0
329,305,5.0
3244,305,5.0
94,305,3.0
3000,305,3.0
1704,305,4.5
3744,305,3.0
1559,305,3.0
829,305,5.0
1063,305,4.0
172,305,4.0
2190,305,1.0
733,305,4.0
3444,305,5.0
1710,305,4.5
831,305,5.0
725,305,3.5
3246,305,4.0
192,305,3.0
4582,305,2.5
1551,305,4.0
1849,305,3.0
267,305,5.0
578,305,4.5
3601,305,4.0
2139,305,1.5
655,305,4.0
3946,305,4.5
1560,305,4.5
2400,305,5.0
1637,305,3.0
816,305,2.5
1179,305,5.0
3079,305,5.0
230,305,3.5
381,305,4.0
120,305,5.0
186,305,3.5
1296,305,2.5
1137,305,5.0
596,305,4.0
826,305,4.0
941,305,3.0
115,305,4.0
933,305,2.5
3315,305,5.0
919,305,5.0
1761,305,3.5
1165,305,4.0
948,305,3.5
140,305,4.0
2856,305,5.0
4045,305,5.0
1201,305,3.0
2318,305,5.0
511,305,3.5
298,305,4.5
1963,305,4.0
1218,305,3.5
2474,305,4.0
422,305,4.0
688,305,3.0
742,305,4.0
881,305,5.0
2564,305,4.5
399,305,3.0
2017,305,4.0
114,305,3.0
592,305,4.0
1021,305,3.5
985,305,3.5
2181,305,3.5
2064,305,5.0
282,305,5.0
1832,305,4.0
2401,305,4.5
117,305,3.5
3338,305,5.0
1858,305,4.5
1609,305,3.5
421,305,4.0
2619,305,5.0
1373,305,4.0
1575,305,4.0
69,305,4.5
4593,305,3.5
182,305,3.5
362,305,4.0
58,305,5.0
513,305,3.0
887,305,4.0
1046,305,3.5
779,305,2.5
164,305,4.0
1786,305,3.0
354,305,5.0
1332,305,3.0
1085,305,3.0
448,305,2.5
623,305,3.5
1324,305,2.5
1973,305,3.0
850,305,3.0
2669,305,5.0
131,305,3.0
1339,305,3.0
1816,305,5.0
1690,305,3.5
914,305,4.5
361,305,4.0
1083,305,3.0
923,305,2.5
1186,305,3.5
572,305,5.0
2203,305,4.0
3628,305,4.0
123,305,4.0
159,305,4.0
129,305,3.0
44,305,4.0
67,305,5.0
9,305,3.0
2123,305,4.0
1557,305,4.5
4671,305,4.0
1273,305,4.0
996,305,4.0
4584,305,2.5
477,305,2.5
1991,305,5.0
294,305,2.5
880,305,2.5
1568,305,3.0
60,305,4.0
750,305,5.0
1,305,4.5
357,305,4.0
440,305,3.5
618,305,4.0
313,305,4.0
93,305,4.0
1723,305,4.5
97,305,5.0
412,305,3.0
2806,305,5.0
589,305,4.0
2733,305,3.0
40,305,4.0
1509,305,3.5
548,305,3.5
4230,305,2.0
909,305,2.0
2282,305,5.0
53,305,2.5
1367,305,4.5
2561,305,4.0
170,305,3.0
926,305,4.0
1387,305,3.5
1724,305,3.5
721,305,3.0
929,305,4.0
601,305,4.0
2462,305,4.5
258,305,4.0
1402,305,3.0
3868,305,3.0
395,305,3.5
70,305,3.0
427,305,2.0
206,305,3.0
154,305,4.0
1856,305,4.0
2827,305,4.0
393,305,4.0
2831,305,4.5
1121,305,4.5
28,305,4.0
134,305,1.5
221,305,2.5
30,305,3.5
2425,305,4.0
1571,305,2.5
416,305,5.0
2548,305,3.5
1104,305,4.5
302,305,4.5
288,305,5.0
581,305,3.0
32,305,2.5
520,305,4.5
15,305,4.0
52,305,5.0
46,305,2.0
223,305,4.0
141,305,4.0
701,305,4.0
1342,305,5.0
240,305,3.0
1334,305,3.5
2852,305,5.0
610,305,4.0
2108,305,3.0
261,305,4.0
127,305,3.5
3575,305,4.5
85,305,3.0
125,305,4.0
2955,305,2.0
2046,305,3.0
2000,305,5.0
3946,305,2.5
1288,305,2.5
745,305,3.0
96,305,3.5
630,305,3.5
86,305,2.5
1155,305,2.5
3286,305,4.0
75,305,3.5
912,305,4.5
3871,305,5.0
694,305,3.5
1224,305,3.5
95,305,4.5
308,305,4.0
670,305,4.0
791,305,5.0
457,305,4.0
3238,305,3.5
2755,305,5.0
2525,305,5.0
29,305,3.0
20,305,3.0
1140,305,3.5
1010,305,3.5
109,305,2.5
128,305,2.0
8,305,3.0
183,305,3.5
789,305,5.0
27,305,4.0
685,305,3.5
1168,305,3.5
2946,305,4.0
245,305,2.5
1686,305,3.5
271,305,3.0
78,305,2.0
617,305,4.0
3,305,3.0
10,305,2.0
177,305,3.0
1599,305,3.5
1175,305,4.0
672,305,3.0
2126,305,3.0
1189,305,4.0
4298,305,5.0
2984,305,4.5
2170,305,3.0
1616,306,2.0
900,306,3.0
232,306,3.0
389,306,3.0
632,306,3.5
2146,306,4.0
704,306,4.0
329,306,4.0
3244,306,2.0
516,306,3.5
566,306,3.0
816,306,2.0
119,306,3.5
1747,306,2.0
399,306,3.0
392,306,3.5
3349,306,3.0
1577,306,3.0
58,306,5.0
438,306,3.5
131,306,3.0
914,306,2.5
690,306,2.0
1164,306,3.0
67,306,4.0
349,306,3.0
1991,306,2.5
1,306,3.5
93,306,3.0
820,306,3.5
7,306,4.0
179,306,3.0
446,306,3.5
4230,306,2.5
1502,306,4.0
1367,306,4.0
4143,306,2.0
2425,306,4.0
391,306,3.5
90,306,4.0
155,306,3.0
1371,306,3.5
507,306,3.5
1342,306,4.0
3558,306,3.0
1616,306,2.0
125,306,4.0
96,306,3.0
2315,306,2.5
82,306,3.5
1231,306,3.0
95,306,3.0
89,306,4.0
943,306,4.5
1199,306,4.0
1140,306,3.0
4080,306,3.0
3004,306,2.0
789,306,3.0
185,306,3.0
1686,306,4.0
78,306,4.0
505,306,3.5
55,306,4.5
1175,306,3.0
465,306,3.5
1337,306,2.5
3560,306,2.5
1693,306,3.5
2745,306,2.5
106,306,3.0
1162,306,4.0
149,306,4.0
2115,306,3.5
1544,307,4.0
696,307,2.5
893,307,4.5
3772,307,3.0
1553,307,4.0
1540,307,2.5
2141,307,2.0
2721,307,2.0
1530,307,3.0
2184,307,3.5
3647,307,4.5
2993,307,3.0
557,307,3.5
4344,307,3.5
1994,307,3.0
636,307,2.0
300,307,2.0
821,307,1.5
356,307,2.5
4223,307,3.5
3447,307,4.0
76,307,2.5
4780,307,4.0
2371,307,3.0
1567,307,3.5
983,307,1.5
930,307,2.0
3236,307,4.5
2950,307,3.5
2819,307,4.0
810,307,4.0
3702,307,3.0
1545,307,1.0
645,307,1.0
3410,307,3.0
676,307,3.5
1814,307,2.0
1821,307,4.5
1728,307,3.5
1839,307,4.5
4461,307,2.0
2514,307,2.0
2020,307,2.0
1698,307,4.0
280,307,2.5
2281,307,3.0
1361,307,4.0
1362,307,4.0
4273,307,4.0
4274,307,4.0
4265,307,2.5
1110,307,2.5
2671,307,3.0
426,307,2.0
1087,307,1.5
384,307,1.0
3893,307,3.0
1886,307,2.5
3990,307,3.0
2970,307,3.5
3892,307,3.0
2675,307,2.0
902,307,2.0
3452,307,4.0
33,307,4.0
1705,307,3.0
4016,307,2.5
1107,307,3.5
3934,307,4.0
4307,307,4.0
2795,307,3.0
2971,307,3.0
2517,307,0.5
4586,307,3.5
3725,307,3.5
2553,307,3.5
4082,307,3.0
1850,307,4.0
839,307,2.0
3162,307,2.0
2948,307,5.0
2173,307,3.0
2347,307,3.5
3745,307,2.5
2456,307,3.5
3243,307,3.5
2662,307,3.0
2288,307,4.0
1008,307,3.5
2458,307,3.5
3605,307,1.0
1372,307,4.0
1616,307,4.0
3680,307,2.0
3448,307,2.5
2812,307,3.0
474,307,2.0
903,307,1.5
2824,307,2.0
2285,307,0.5
2032,307,2.5
1039,307,3.0
2134,307,2.0
1061,307,0.5
2568,307,2.5
3936,307,0.5
2327,307,3.5
447,307,3.0
211,307,2.5
366,307,2.0
946,307,2.0
1379,307,0.5
1377,307,3.5
4638,307,4.5
802,307,4.0
2575,307,4.0
2979,307,3.0
1964,307,0.5
26,307,2.0
2825,307,4.0
3259,307,4.0
905,307,3.0
2148,307,1.0
1035,307,3.0
3015,307,2.0
150,307,2.5
2021,307,3.0
1815,307,3.0
2412,307,3.0
3171,307,3.0
2752,307,3.0
1399,307,2.5
2915,307,2.5
1154,307,3.5
1167,307,3.0
4448,307,3.0
1721,307,3.0
1767,307,2.5
3241,307,1.5
1700,307,3.0
2129,307,1.5
3883,307,3.0
2693,307,1.5
2533,307,4.0
249,307,2.5
2179,307,3.5
2111,307,4.0
2923,307,2.0
4379,307,2.5
3061,307,5.0
408,307,4.0
4795,307,2.0
2393,307,1.0
2606,307,2.0
3027,307,4.0
639,307,1.0
916,307,2.0
1250,307,2.0
3206,307,2.5
1417,307,1.5
3939,307,1.5
3049,307,3.0
3477,307,2.0
2931,307,2.0
2742,307,0.5
3429,307,3.0
2629,307,0.5
234,307,4.0
3586,307,2.5
814,307,3.0
1360,307,3.5
1542,307,3.0
1537,307,3.0
2813,307,2.5
651,307,3.0
619,307,1.5
568,307,1.5
1612,307,2.5
2492,307,1.5
3831,307,2.0
2317,307,3.0
2519,307,4.0
3257,307,1.0
2682,307,2.0
4085,307,1.0
517,307,4.0
663,307,4.0
1229,307,3.0
2829,307,3.5
225,307,2.5
2756,307,3.0
2018,307,3.0
2003,307,1.5
3008,307,3.0
2670,307,2.5
344,307,3.0
1525,307,2.5
1335,307,3.5
713,307,3.0
892,307,2.5
3145,307,2.0
1977,307,3.5
3703,307,4.0
1510,307,3.0
2095,307,3.0
1166,307,0.5
4474,307,3.5
1996,307,2.0
3889,307,4.0
3465,307,1.5
2730,307,2.5
573,307,2.5
1981,307,1.5
3261,307,5.0
3455,307,3.5
275,307,3.5
2353,307,0.5
2193,307,2.0
2460,307,2.0
214,307,2.0
4003,307,4.0
1921,307,4.0
2478,307,1.0
896,307,2.5
3582,307,0.5
512,307,3.5
1217,307,2.5
367,307,0.5
3792,307,0.5
3094,307,1.5
2983,307,0.5
766,307,5.0
3463,307,3.0
1548,307,2.5
3084,307,1.0
812,307,3.0
3707,307,4.0
3580,307,3.0
351,307,2.0
2909,307,3.5
1045,307,1.5
652,307,4.5
2701,307,1.5
3577,307,4.0
1311,307,0.5
1937,307,1.5
1702,307,3.0
1584,307,5.0
1834,307,4.0
2472,307,2.5
2592,307,1.5
1853,307,4.0
900,307,2.5
876,307,3.5
2516,307,2.5
2470,307,0.5
3848,307,3.0
2319,307,1.5
2995,307,3.0
3536,307,3.5
3488,307,2.0
279,307,3.0
3011,307,2.0
832,307,2.0
1543,307,2.5
2769,307,2.0
2994,307,1.5
2212,307,0.5
2073,307,1.5
1054,307,4.0
2527,307,2.5
2630,307,3.0
1028,307,2.5
3712,307,5.0
877,307,2.0
232,307,3.0
2537,307,3.0
576,307,4.0
2130,307,3.0
2837,307,2.0
321,307,3.0
1195,307,4.5
2538,307,1.5
4299,307,3.0
1414,307,2.0
2417,307,0.5
2686,307,3.0
632,307,2.5
2864,307,2.5
998,307,2.5
1012,307,2.0
3460,307,2.5
2945,307,4.0
3597,307,2.0
969,307,2.0
160,307,4.0
2681,307,1.5
1861,307,2.5
2507,307,1.0
276,307,3.0
445,307,2.5
674,307,3.5
565,307,3.0
1605,307,2.5
2817,307,2.0
1911,307,1.5
3247,307,1.5
3897,307,2.5
2146,307,0.5
278,307,3.5
1143,307,1.0
277,307,3.0
3003,307,2.0
2428,307,1.5
823,307,0.5
1569,307,1.5
2791,307,3.0
2449,307,2.0
884,307,3.5
1541,307,3.0
3346,307,1.5
1792,307,2.0
2093,307,2.5
3524,307,1.0
2233,307,1.0
2615,307,2.0
633,307,0.5
1357,307,1.0
2106,307,2.5
2551,307,2.0
2600,307,2.0
1714,307,3.0
424,307,3.0
329,307,3.0
1624,307,2.0
2875,307,0.5
220,307,1.5
1836,307,1.0
200,307,3.0
187,307,3.0
1781,307,2.0
1826,307,1.5
2690,307,1.0
1869,307,1.5
2421,307,2.5
3643,307,2.5
4219,307,1.0
1704,307,3.0
3744,307,4.0
2379,307,2.0
4375,307,4.0
1269,307,2.0
3424,307,2.5
3186,307,3.5
2102,307,2.5
3541,307,4.0
1559,307,3.0
829,307,3.5
4617,307,2.0
1044,307,0.5
1497,307,3.5
1212,307,2.5
2326,307,3.5
1458,307,3.0
584,307,3.5
649,307,2.0
1124,307,3.5
2746,307,3.5
3245,307,0.5
2325,307,1.0
2562,307,1.5
1899,307,1.5
3239,307,1.0
499,307,3.0
1205,307,2.5
2155,307,5.0
831,307,3.5
1581,307,2.0
2202,307,3.0
2936,307,0.5
1019,307,2.0
384,307,1.5
3246,307,3.0
566,307,3.0
963,307,2.0
3618,307,4.0
192,307,3.0
4749,307,3.0
31,307,3.5
1849,307,4.0
267,307,3.0
4022,307,3.5
1632,307,2.0
1580,307,2.0
518,307,2.0
2191,307,1.0
1078,307,1.0
3601,307,5.0
526,307,2.5
2048,307,3.5
2410,307,3.0
958,307,4.0
1845,307,4.5
2969,307,0.5
4535,307,3.0
118,307,2.5
1796,307,2.5
2987,307,2.0
2100,307,0.5
2240,307,0.5
1433,307,1.5
528,307,2.0
442,307,2.5
1179,307,4.5
3079,307,3.5
1069,307,2.0
1052,307,2.0
1919,307,3.0
249,307,2.0
120,307,4.0
780,307,1.0
3415,307,2.0
2036,307,2.0
1576,307,3.5
994,307,3.0
4326,307,2.0
1597,307,3.0
3781,307,4.5
2628,307,3.0
2720,307,3.5
1643,307,2.5
3559,307,1.5
558,307,3.0
115,307,3.5
1687,307,4.5
1237,307,3.0
405,307,4.5
3682,307,0.5
3624,307,3.0
1842,307,1.0
2116,307,1.0
924,307,2.0
933,307,4.0
3315,307,3.0
2512,307,2.0
1165,307,0.5
948,307,1.5
13,307,3.5
870,307,2.0
3579,307,4.0
3242,307,4.0
2136,307,3.0
534,307,3.0
555,307,2.5
1606,307,3.5
2318,307,4.5
3014,307,3.0
3888,307,2.5
511,307,3.0
278,307,3.5
4105,307,3.0
298,307,4.5
2415,307,3.0
2125,307,0.5
2611,307,3.0
2474,307,3.5
422,307,3.0
688,307,3.5
2180,307,5.0
742,307,4.0
686,307,3.0
881,307,4.0
212,307,4.0
1282,307,2.5
6,307,3.5
1747,307,4.0
517,307,2.0
2,307,3.5
3316,307,0.5
3072,307,4.0
2071,307,2.5
1394,307,3.0
112,307,4.0
1913,307,4.5
592,307,4.0
2884,307,4.5
2395,307,4.0
2412,307,3.5
1021,307,4.5
1870,307,3.0
2181,307,4.0
1731,307,4.0
2800,307,4.0
1607,307,3.0
282,307,4.5
1832,307,4.5
2213,307,4.5
2445,307,3.0
117,307,3.5
3338,307,4.5
1858,307,4.0
1444,307,3.0
1829,307,3.0
2234,307,3.0
848,307,3.0
3068,307,4.0
1575,307,4.0
2826,307,4.0
69,307,5.0
4593,307,3.0
54,307,3.5
58,307,5.0
1786,307,4.0
354,307,4.0
914,307,4.5
444,307,4.0
723,307,4.5
68,307,4.0
1601,307,4.5
67,307,5.0
1553,308,1.0
1540,308,1.0
3749,308,1.0
2930,308,1.0
2721,308,3.0
813,308,4.0
557,308,1.0
824,308,1.0
4780,308,1.0
930,308,1.0
810,308,2.5
3702,308,0.5
645,308,1.0
2486,308,1.0
1821,308,1.0
280,308,1.0
4336,308,3.0
3452,308,4.0
1705,308,1.0
4307,308,1.0
4586,308,4.0
2406,308,1.0
4609,308,0.5
2456,308,5.0
1008,308,0.5
629,308,0.5
2089,308,3.0
663,308,0.5
275,308,1.0
3577,308,1.0
2319,308,3.5
232,308,4.0
389,308,1.0
431,308,3.5
3897,308,3.0
277,308,5.0
329,308,4.0
200,308,3.5
2102,308,3.5
1497,308,2.0
2333,308,3.5
192,308,5.0
4749,308,1.0
510,308,1.0
115,308,5.0
34,308,2.0
567,308,2.0
13,308,3.0
119,308,4.0
114,308,5.0
392,308,3.5
117,308,1.0
3338,308,5.0
58,308,4.0
2669,308,1.0
159,308,4.0
67,308,3.5
1,308,4.0
93,308,4.5
97,308,1.0
4169,308,5.0
427,308,3.0
3236,309,3.5
1821,309,4.0
4336,309,5.0
3892,309,4.0
4222,309,2.5
3904,309,4.5
4307,309,4.0
4609,309,5.0
2553,309,4.0
4082,309,3.0
1850,309,2.5
2173,309,3.5
2662,309,4.5
2832,309,4.0
4486,309,5.0
2812,309,4.0
802,309,1.0
873,309,4.0
4207,309,4.0
3829,309,1.5
629,309,4.5
2918,309,3.5
397,309,4.5
2670,309,2.5
2090,309,3.0
232,309,4.0
3920,309,4.0
172,309,4.0
3246,309,4.0
1560,309,4.0
689,309,3.5
893,310,1.0
2993,310,2.0
4487,310,4.0
4179,310,4.0
1067,310,3.0
2517,310,0.5
2553,310,5.0
3451,310,5.0
2327,310,4.0
4439,310,5.0
2438,310,4.5
1122,310,4.0
1360,310,3.0
2317,310,3.5
681,310,4.5
1123,310,4.0
900,310,3.5
389,310,4.0
674,310,3.5
2505,310,5.0
220,310,0.5
187,310,0.5
1788,310,4.5
3744,310,5.0
2102,310,5.0
172,310,4.0
2820,310,3.0
2325,310,3.5
893,311,2.5
280,311,3.0
1067,311,0.5
1528,311,2.5
3451,311,1.5
2285,311,1.5
2327,311,3.0
2533,311,0.5
2111,311,4.0
3220,311,3.0
2813,311,0.5
2317,311,0.5
351,311,1.0
2350,311,2.0
756,311,2.5
893,312,4.0
557,312,4.0
4344,312,5.0
1729,312,3.0
3635,312,4.0
1305,312,3.0
810,312,4.0
585,312,3.0
676,312,3.0
1821,312,5.0
1728,312,5.0
280,312,4.0
4179,312,5.0
3706,312,3.0
4336,312,5.0
2970,312,5.0
3743,312,5.0
1705,312,3.0
4079,312,4.0
4307,312,4.0
3449,312,4.0
2971,312,5.0
2608,312,4.0
2406,312,4.0
2553,312,5.0
1528,312,5.0
839,312,4.0
3162,312,4.0
2948,312,5.0
2173,312,5.0
3181,312,4.0
2832,312,4.0
3993,312,4.0
1372,312,4.0
1036,312,3.0
3680,312,4.0
1370,312,4.0
1753,312,4.0
2818,312,4.0
2320,312,3.0
1962,312,3.0
2812,312,5.0
474,312,4.0
2285,312,3.0
443,312,3.0
366,312,4.0
1377,312,4.0
2408,312,1.0
2821,312,4.0
741,312,2.0
1964,312,2.0
1765,312,4.0
433,312,3.0
4745,312,4.0
2412,312,4.0
3171,312,3.0
1399,312,4.0
2915,312,5.0
954,312,4.0
1154,312,4.0
1167,312,4.0
629,312,4.0
3883,312,5.0
1058,312,3.0
25,312,4.0
582,312,2.0
279,312,4.0
3429,312,3.0
2087,312,4.0
2629,312,2.0
234,312,3.0
814,312,4.0
871,312,3.0
1169,312,3.0
1537,312,3.0
1612,312,4.0
1014,312,4.0
208,312,4.0
2829,312,4.0
1519,312,4.0
225,312,4.0
2018,312,3.0
1055,312,3.0
2090,312,5.0
2330,312,3.0
3261,312,3.0
4731,312,4.0
4677,312,4.0
512,312,3.0
644,312,3.0
546,312,4.0
2674,312,4.0
3269,312,4.0
364,312,4.0
3755,312,3.0
279,312,3.0
2994,312,3.0
1017,312,3.0
3712,312,4.0
321,312,3.0
3747,312,4.0
1398,312,1.0
865,312,3.0
160,312,3.0
231,312,4.0
1035,312,3.0
276,312,4.0
3374,312,4.0
747,312,4.0
1640,312,4.0
379,312,3.0
565,312,3.0
2722,312,4.0
277,312,3.0
148,312,2.0
1030,312,4.0
2310,312,4.0
1569,312,4.0
317,312,5.0
884,312,4.0
1541,312,4.0
696,313,4.0
2721,313,4.0
2184,313,4.0
3647,313,5.0
3353,313,3.0
356,313,3.0
1283,313,3.0
1380,313,4.0
4780,313,5.0
3236,313,5.0
1545,313,2.0
1718,313,1.0
283,313,5.0
585,313,2.0
676,313,3.0
2049,313,3.0
1728,313,5.0
280,313,5.0
1361,313,5.0
1362,313,5.0
4273,313,5.0
4274,313,5.0
3154,313,5.0
426,313,1.0
453,313,1.0
4179,313,5.0
3706,313,5.0
4336,313,3.0
3819,313,2.0
2970,313,3.0
3743,313,5.0
1924,313,3.0
1705,313,4.0
4678,313,4.0
3934,313,3.0
4307,313,5.0
2971,313,2.0
3464,313,5.0
4586,313,2.0
2608,313,5.0
2406,313,5.0
1528,313,4.0
1850,313,5.0
839,313,4.0
3162,313,4.0
2948,313,5.0
2173,313,3.0
2662,313,4.0
2288,313,2.0
3300,313,5.0
2493,313,5.0
3993,313,3.0
358,313,3.0
1008,313,4.0
1372,313,4.0
1616,313,4.0
1036,313,2.0
1370,313,4.0
1753,313,2.0
2818,313,4.0
2320,313,3.0
1962,313,2.0
429,313,4.0
2812,313,3.0
474,313,4.0
2824,313,2.0
3776,313,5.0
1397,313,3.0
1460,313,4.0
2568,313,4.0
380,313,5.0
771,313,4.0
1194,313,5.0
388,313,4.0
4638,313,4.0
1354,313,4.0
301,313,4.0
741,313,1.0
1964,313,4.0
1765,313,4.0
1193,313,3.0
2021,313,5.0
4340,313,2.0
1399,313,3.0
1364,313,2.0
2915,313,4.0
954,313,4.0
1154,313,1.0
1167,313,1.0
1960,313,5.0
1081,313,4.0
629,313,5.0
3241,313,1.0
1700,313,2.0
1058,313,5.0
2533,313,2.0
4123,313,4.0
2111,313,3.0
2923,313,1.0
25,313,2.0
1917,313,4.0
2911,313,2.0
3354,313,4.0
279,313,5.0
3905,313,5.0
4182,313,3.0
4199,313,3.0
4018,313,4.0
234,313,2.0
814,313,3.0
871,313,3.0
2436,313,2.0
1612,313,2.0
3831,313,3.0
2317,313,1.0
2519,313,4.0
1651,313,5.0
208,313,3.0
3890,313,4.0
4346,313,4.0
663,313,5.0
2829,313,4.0
225,313,4.0
2756,313,4.0
2018,313,2.0
344,313,3.0
1055,313,4.0
3703,313,3.0
1051,313,4.0
1183,313,3.0
3889,313,1.0
239,313,1.0
2072,313,1.0
2090,313,1.0
2151,313,3.0
2330,313,5.0
3261,313,4.0
681,313,3.0
275,313,5.0
1534,313,4.0
4003,313,3.0
3741,313,2.0
1415,313,5.0
4677,313,4.0
2999,313,5.0
2589,313,4.0
1921,313,5.0
1123,313,2.0
512,313,3.0
4348,313,4.0
351,313,5.0
546,313,5.0
1045,313,2.0
2092,313,2.0
2513,313,3.0
3577,313,4.0
1441,313,3.0
309,313,3.0
364,313,3.0
3755,313,4.0
2995,313,3.0
279,313,3.0
3152,313,3.0
2630,313,4.0
1065,313,4.0
1017,313,3.0
373,313,2.0
1418,313,5.0
2130,313,2.0
321,313,5.0
2369,313,4.0
2346,313,4.0
865,313,5.0
160,313,4.0
231,313,4.0
747,313,4.0
207,313,5.0
1544,314,3.0
696,314,3.0
341,314,2.0
2452,314,4.0
1540,314,3.0
2141,314,3.0
970,314,3.0
2721,314,3.0
3156,314,3.0
2103,314,3.0
1530,314,4.0
646,314,2.0
1252,314,3.0
557,314,4.0
3360,314,1.0
636,314,4.0
1729,314,3.0
300,314,2.0
824,314,2.0
3353,314,3.0
356,314,2.0
1380,314,3.0
76,314,2.0
1893,314,3.0
3236,314,1.0
1939,314,1.0
1305,314,3.0
2819,314,2.0
678,314,3.0
810,314,4.0
3702,314,4.0
1545,314,3.0
283,314,2.0
645,314,1.0
676,314,3.0
404,314,3.0
3254,314,5.0
1814,314,3.0
1821,314,5.0
1839,314,3.0
2020,314,4.0
1698,314,3.0
280,314,5.0
2281,314,2.0
1361,314,3.0
1362,314,3.0
4273,314,3.0
4274,314,3.0
4265,314,3.0
2671,314,3.0
3154,314,3.0
1038,314,5.0
426,314,3.0
804,314,3.0
453,314,3.0
287,314,3.0
1067,314,3.0
2970,314,5.0
4016,314,3.0
2662,314,4.0
2667,314,3.0
1036,314,3.0
1370,314,2.0
1753,314,3.0
1586,314,2.0
2818,314,3.0
2320,314,3.0
1962,314,3.0
474,314,4.0
2407,315,3.0
2970,315,3.0
3452,315,3.0
2553,315,3.0
4082,315,5.0
3451,315,3.0
3454,315,4.0
2918,315,4.0
279,315,3.0
863,315,3.0
2169,316,4.5
813,316,1.5
821,316,2.5
536,316,1.5
2819,316,4.5
3934,316,3.0
1039,316,3.0
301,316,2.5
1765,316,3.5
3049,316,3.5
2742,316,3.0
1360,316,3.0
1537,316,1.5
619,316,3.0
2519,316,4.0
1153,316,3.0
2289,316,3.0
1977,316,3.5
833,316,3.5
1996,316,3.0
3261,316,3.5
214,316,1.5
1123,316,2.5
347,316,3.0
2983,316,2.5
1019,316,2.5
351,316,3.0
1045,316,3.0
1793,316,3.0
3536,316,3.0
1719,316,3.0
276,316,3.5
829,316,4.0
2155,316,4.0
831,316,3.5
3450,316,3.0
893,317,5.0
557,317,5.0
4344,317,5.0
636,317,3.0
4780,317,4.0
930,317,4.0
3236,317,5.0
810,317,5.0
280,317,4.0
4179,317,5.0
3893,317,5.0
4307,317,5.0
3725,317,3.0
2406,317,4.0
4082,317,3.0
1528,317,5.0
1850,317,4.0
2173,317,5.0
2347,317,3.0
2812,317,3.0
1397,317,5.0
1039,317,2.0
1377,317,4.0
4638,317,3.0
2979,317,5.0
905,317,4.0
2313,317,5.0
1815,317,2.0
629,317,5.0
3061,317,5.0
3049,317,4.0
2519,317,5.0
663,317,5.0
2756,317,2.0
1335,317,4.0
275,317,3.0
766,317,3.0
3707,317,4.0
2909,317,4.0
385,317,4.0
1007,317,5.0
1584,317,4.0
1853,317,5.0
900,317,4.0
1054,317,4.0
2630,317,3.0
373,317,3.0
321,317,5.0
1195,317,3.0
3597,317,3.0
1035,317,3.0
498,317,5.0
317,317,3.0
884,317,5.0
2928,317,4.0
1559,317,4.0
829,317,5.0
584,317,4.0
2155,317,4.0
831,317,3.0
725,317,5.0
715,317,5.0
3946,317,5.0
1560,317,5.0
1179,317,3.0
3079,317,3.0
1687,317,4.0
529,317,2.0
919,317,3.0
1761,317,2.0
511,317,2.0
422,317,4.0
399,317,3.0
2064,317,4.0
1832,317,5.0
1858,317,2.0
2619,317,4.0
1575,317,4.0
69,317,3.0
2669,317,4.0
1816,317,3.0
572,317,5.0
3628,317,4.0
159,317,3.0
3343,317,3.0
1557,317,2.0
1568,317,5.0
3215,317,5.0
440,317,4.0
33,317,2.0
1346,317,2.0
1723,317,3.0
80,317,3.0
4098,317,3.0
97,317,4.0
189,317,3.0
2806,317,2.0
4102,317,5.0
2733,317,4.0
1368,317,4.0
1502,317,4.0
2561,317,4.0
926,317,3.0
929,317,3.0
3249,317,3.0
3868,317,4.0
154,317,4.0
221,317,4.0
2464,317,3.0
2548,317,3.0
1104,317,2.0
885,317,4.0
240,317,5.0
1053,317,5.0
819,317,4.0
96,317,3.0
694,317,3.0
791,317,2.0
3238,317,3.0
2525,317,2.0
3772,318,3.0
1553,318,3.5
813,318,3.5
1994,318,3.5
300,318,3.0
356,318,3.5
737,318,3.5
76,318,3.5
4780,318,4.5
2371,318,3.5
3236,318,4.5
2950,318,4.0
2819,318,3.5
810,318,4.5
3702,318,4.0
1545,318,3.5
3410,318,4.5
676,318,4.0
1814,318,3.5
1821,318,4.0
1728,318,3.5
2281,318,3.5
4265,318,3.5
1110,318,3.5
426,318,3.0
453,318,3.5
3218,318,4.0
4179,318,4.0
3893,318,4.0
3990,318,3.5
2970,318,3.5
2675,318,3.0
327,318,2.5
33,318,4.0
1705,318,4.0
4678,318,4.5
4307,318,4.0
3449,318,4.0
2971,318,3.5
4586,318,3.5
3725,318,4.0
2608,318,3.5
4609,318,4.0
1528,318,4.0
3745,318,4.0
2456,318,3.5
2662,318,4.0
2288,318,2.5
3300,318,5.0
4056,318,4.0
574,318,3.5
429,318,3.5
3448,318,3.5
1397,318,4.0
3079,318,4.0
447,318,4.0
366,318,4.5
4638,318,4.0
802,318,3.0
1354,318,4.0
2575,318,4.0
1765,318,4.0
3638,318,4.5
2313,318,5.0
353,318,3.5
150,318,3.5
1815,318,3.5
4448,318,4.0
629,318,3.5
1058,318,3.5
2111,318,4.0
705,318,3.0
397,318,3.5
3700,318,3.5
3027,318,3.5
1783,318,3.0
3049,318,4.0
3354,318,4.0
279,318,4.0
3429,318,4.0
234,318,3.0
1122,318,4.0
1537,318,2.5
2317,318,3.5
2519,318,3.5
225,318,3.0
2756,318,4.0
3008,318,4.0
344,318,3.0
466,318,4.0
892,318,4.5
1390,318,5.0
1998,318,3.5
910,318,2.5
3542,318,3.5
239,318,3.5
3818,318,4.5
195,318,3.0
4677,318,3.5
1123,318,3.5
367,318,3.5
766,318,4.0
3463,318,3.5
3084,318,4.0
812,318,2.5
3580,318,4.0
546,318,4.0
2451,318,3.5
2909,318,4.0
1835,318,4.0
1793,318,4.5
1007,318,3.5
3577,318,4.0
1584,318,4.0
900,318,3.5
876,318,3.5
111,318,3.0
2344,318,4.0
2319,318,3.0
335,318,3.0
3536,318,4.0
279,318,3.5
1054,318,4.0
2630,318,4.0
3712,318,3.0
232,318,3.5
1190,318,3.5
4299,318,4.0
632,318,3.5
1398,318,3.0
231,318,3.0
565,318,3.5
3773,318,4.5
3897,318,3.5
1898,318,4.0
2839,318,4.0
277,318,3.0
306,318,2.5
2310,318,4.0
2256,318,4.0
317,318,4.0
884,318,4.0
3089,318,3.0
3524,318,2.5
424,318,3.0
3244,318,3.5
200,318,3.5
187,318,3.0
3744,318,4.0
3515,318,3.5
1559,318,4.0
829,318,3.0
2190,318,4.0
584,318,4.5
2862,318,3.5
3571,318,3.0
3444,318,3.5
2155,318,4.5
729,318,3.0
725,318,3.0
146,318,3.5
566,318,3.0
192,318,3.0
4749,318,3.5
3450,318,3.5
267,318,3.0
4803,318,3.5
1178,318,3.5
2947,318,4.0
248,318,3.5
152,318,3.0
2888,318,3.5
3946,318,3.5
118,318,4.0
1179,318,2.5
3079,318,4.0
230,318,3.0
510,318,3.0
249,318,3.0
120,318,4.0
186,318,3.5
3352,318,4.5
2628,318,3.5
3351,318,4.0
558,318,4.0
941,318,3.5
115,318,3.0
1687,318,3.5
25,318,3.5
529,318,4.0
935,318,4.0
933,318,3.5
3315,318,4.5
919,318,4.0
1761,318,4.0
34,318,3.5
1501,318,3.5
13,318,3.0
3579,318,4.0
3242,318,4.5
1606,318,4.5
2856,318,3.0
2318,318,4.0
511,318,4.0
673,318,3.5
298,318,3.5
3383,318,3.5
2474,318,4.0
422,318,4.0
688,318,3.5
742,318,3.0
1747,318,3.5
399,318,3.5
319,318,4.0
3172,318,4.0
262,318,3.5
74,318,3.0
112,318,3.5
114,318,3.0
1913,318,4.0
2395,318,3.5
2181,318,4.5
2064,318,3.5
3332,318,4.0
282,318,4.0
1832,318,4.0
2401,318,3.5
117,318,4.0
3338,318,4.0
1829,318,4.0
2619,318,3.5
3068,318,3.5
1575,318,3.0
69,318,3.5
182,318,3.5
362,318,3.0
58,318,4.5
116,318,3.0
164,318,5.0
640,318,4.0
4173,318,3.5
1786,318,4.0
354,318,4.0
659,318,3.5
1332,318,5.0
1742,318,3.5
1973,318,3.5
2374,318,4.0
2669,318,3.5
12,318,3.0
2144,318,4.0
1816,318,4.0
866,318,3.5
914,318,3.5
3870,318,4.0
923,318,3.0
3143,318,4.0
572,318,4.0
751,318,4.0
3628,318,4.5
159,318,3.5
129,318,3.0
67,318,4.0
307,318,3.5
749,318,3.5
185,318,4.0
281,318,3.5
349,318,4.0
3343,318,4.0
9,318,3.5
1557,318,3.0
1708,318,3.5
1620,318,4.0
4363,318,4.0
4661,318,3.5
1991,318,4.0
294,318,4.5
880,318,4.0
1568,318,4.0
1259,318,4.5
60,318,3.5
1,318,3.5
357,318,3.5
2359,318,4.5
440,318,4.5
33,318,3.0
313,318,4.0
1346,318,3.5
93,318,4.0
207,318,2.5
1723,318,4.0
2071,318,4.0
80,318,3.0
3823,318,4.0
22,318,3.0
51,318,2.5
1191,318,3.5
2502,318,5.0
1203,318,2.5
615,318,3.5
97,318,4.0
521,318,4.0
624,318,5.0
412,318,4.0
3280,318,3.5
4102,318,4.0
712,318,4.5
642,318,3.5
197,318,4.0
1368,318,5.0
40,318,3.5
1219,318,3.5
179,318,4.5
1509,318,4.5
548,318,4.0
1307,318,3.5
18,318,3.5
138,318,4.0
102,318,3.0
3887,318,3.5
2561,318,3.5
170,318,3.5
1651,318,3.0
721,318,4.0
929,318,3.5
2083,318,4.0
188,318,4.0
4497,318,4.0
70,318,4.0
427,318,3.5
206,318,3.5
1121,318,4.0
221,318,4.0
1496,318,4.0
2464,318,3.5
4181,318,3.0
1571,318,3.5
391,318,3.5
1104,318,4.0
2725,318,4.5
302,318,4.0
2590,318,4.5
217,318,4.0
288,318,5.0
581,318,2.5
2498,318,4.0
1503,318,3.0
32,318,3.0
48,318,3.5
46,318,3.5
434,318,3.5
1321,318,3.0
2852,318,3.5
3534,318,3.5
184,318,4.0
2000,318,3.0
1389,318,3.5
96,318,5.0
86,318,3.5
334,318,2.5
1155,318,3.0
239,318,3.5
3238,318,4.0
2525,318,3.5
2228,318,4.0
201,318,2.5
20,318,3.0
128,318,3.0
685,318,3.0
3916,318,4.5
78,318,4.5
532,318,3.0
2044,318,4.0
63,318,3.5
4170,318,4.0
557,319,4.5
810,319,4.0
1821,319,5.0
1698,319,5.0
4336,319,4.5
353,319,4.0
663,319,4.0
329,319,3.5
1063,319,4.0
516,319,4.0
58,319,5.0
9,319,4.5
97,319,5.0
125,319,4.5
2000,319,4.0
96,319,5.0
75,319,3.5
3871,319,5.0
89,319,4.5
789,319,3.5
10,319,4.5
79,319,3.5
177,319,4.5
26,320,0.5
1115,320,4.0
275,320,3.5
540,320,3.5
1863,320,4.0
3561,320,4.0
69,320,4.0
362,320,3.0
121,320,3.5
159,320,4.0
1991,320,4.0
1,320,4.0
1553,321,3.0
1540,321,3.0
636,321,4.0
300,321,5.0
821,321,3.0
921,321,4.0
824,321,3.0
356,321,3.0
76,321,3.0
827,321,4.0
930,321,4.0
2819,321,3.0
678,321,3.0
810,321,5.0
1545,321,3.0
283,321,5.0
676,321,4.0
1814,321,4.0
2514,321,3.0
2020,321,3.0
1698,321,3.0
280,321,3.0
1361,321,4.0
1362,321,4.0
4273,321,4.0
4274,321,4.0
2671,321,3.0
426,321,3.0
384,321,4.0
1498,321,5.0
1544,322,3.5
696,322,4.0
557,322,3.5
636,322,4.0
3236,322,5.0
810,322,3.5
676,322,3.5
1814,322,3.0
2514,322,3.5
2671,322,3.0
4179,322,4.0
3893,322,3.5
4336,322,5.0
3892,322,4.0
33,322,3.0
4586,322,5.0
3725,322,2.5
2608,322,3.5
4609,322,4.0
3745,322,3.0
2662,322,4.0
2327,322,4.0
388,322,3.5
1377,322,3.5
26,322,1.0
905,322,3.0
2021,322,4.0
1721,322,2.0
2842,322,3.5
2923,322,3.5
397,322,4.0
3049,322,3.5
3220,322,3.5
2813,322,3.5
2519,322,4.5
2627,322,2.5
663,322,4.0
2756,322,0.5
3008,322,2.0
910,322,3.5
2151,322,0.5
275,322,4.0
2909,322,1.0
385,322,3.5
1793,322,3.5
3577,322,3.5
900,322,2.0
3897,322,4.0
829,322,4.0
2155,322,4.0
2400,322,4.5
1296,322,3.5
933,322,3.0
3242,322,4.5
2136,322,4.0
2532,322,4.0
422,322,3.5
3338,322,5.0
1544,323,3.5
2452,323,3.5
1553,323,2.5
2141,323,3.0
1573,323,2.5
2930,323,3.5
813,323,3.5
1530,323,2.5
557,323,2.0
636,323,3.5
1729,323,3.5
300,323,2.0
821,323,3.0
824,323,4.0
76,323,2.5
1567,323,2.5
3236,323,4.0
1939,323,3.0
1305,323,3.5
2950,323,3.5
2204,323,3.5
810,323,3.5
3702,323,3.5
1545,323,2.5
676,323,3.5
3254,323,4.0
1814,323,3.5
2486,323,3.5
1821,323,4.5
4461,323,5.0
1698,323,4.0
429,323,2.0
401,323,2.5
96,323,3.5
86,323,1.5
190,323,3.0
334,323,1.5
82,323,4.0
3759,323,3.5
694,323,3.0
83,323,1.5
95,323,4.0
3238,323,4.0
89,323,3.5
2525,323,4.5
2550,323,4.0
2829,324,3.0
1974,324,4.0
766,324,4.0
2802,324,4.0
3084,324,4.0
812,324,4.0
3707,324,3.0
472,324,1.0
1553,325,2.0
2141,325,3.0
2993,325,2.0
4344,325,5.0
1491,325,5.0
1253,325,3.0
4780,325,3.0
4228,325,4.0
2371,325,5.0
3236,325,5.0
1305,325,3.0
810,325,2.0
283,325,2.0
2765,325,3.0
1728,325,5.0
2793,325,4.0
2020,325,3.0
2671,325,2.0
384,325,1.0
3603,325,4.0
2970,325,5.0
3452,325,4.0
1705,325,4.0
3449,325,5.0
2608,325,5.0
4082,325,4.0
2173,325,5.0
2347,325,5.0
2288,325,4.0
3451,325,3.0
3680,325,5.0
574,325,2.0
1370,325,3.0
3448,325,3.0
2812,325,5.0
474,325,4.0
2327,325,4.0
443,325,4.0
366,325,4.0
380,325,3.0
388,325,2.0
1379,325,2.0
1354,325,4.0
2821,325,3.0
301,325,4.0
1964,325,3.0
26,325,4.0
905,325,4.0
2148,325,4.0
3638,325,4.0
4118,325,4.0
2313,325,4.0
165,325,1.0
3454,325,3.0
4342,325,4.0
2641,325,4.0
1058,325,3.0
2842,325,4.0
841,325,4.0
705,325,3.0
2923,325,3.0
25,325,4.0
2173,325,2.0
3206,325,3.0
920,325,4.0
1561,325,2.0
2742,325,3.0
234,325,2.0
1537,325,4.0
1612,325,3.0
1651,325,3.0
2829,325,4.0
410,325,4.0
3347,325,3.0
3008,325,2.0
1500,325,3.0
1335,325,4.0
2235,325,4.0
1055,325,4.0
4104,325,4.0
4474,325,4.0
3889,325,3.0
3542,325,5.0
681,325,2.0
214,325,3.0
3741,325,2.0
488,325,2.0
546,325,4.0
3476,325,3.0
1007,325,4.0
2513,325,3.0
3577,325,4.0
1584,325,4.0
2516,325,3.0
279,325,2.0
2630,325,4.0
1422,325,3.0
389,325,3.0
2641,325,4.0
1012,325,4.0
160,325,4.0
431,325,4.0
276,325,4.0
207,325,3.0
1030,325,4.0
3179,325,4.0
616,326,3.5
557,326,5.0
356,326,4.0
3236,326,4.0
810,326,5.0
1821,326,4.5
426,326,3.0
2341,326,0.5
3725,326,4.5
1665,326,3.0
2456,326,4.5
2027,326,3.0
3079,326,3.5
593,326,5.0
1960,326,4.0
629,326,3.5
3061,326,4.5
1971,326,2.0
2519,326,3.5
663,326,4.0
275,326,5.0
3707,326,4.5
3577,326,3.5
2472,326,1.0
321,326,3.0
3374,326,4.5
3185,326,4.5
829,326,5.0
2190,326,4.0
3571,326,4.5
4099,326,4.0
2155,326,4.5
1178,326,4.5
1560,326,3.5
2400,326,5.0
1179,326,2.0
3079,326,4.0
381,326,4.5
1137,326,4.0
1687,326,5.0
529,326,4.5
2136,326,4.5
511,326,4.5
298,326,5.0
2760,326,4.5
2181,326,5.0
2064,326,1.5
1832,326,4.5
2619,326,4.5
1818,326,1.5
2669,326,4.5
2144,326,4.0
1816,326,3.5
1690,326,4.0
572,326,4.0
2123,326,3.5
1799,326,4.0
440,326,4.5
97,326,4.5
4102,326,5.0
2351,326,4.5
3418,326,4.0
18,326,3.5
1582,326,3.0
2561,326,4.0
929,326,1.0
3249,326,3.5
288,326,4.5
3038,326,5.0
2852,326,3.5
819,326,4.5
2108,326,4.5
96,326,3.0
2525,326,4.5
311,326,4.5
271,326,4.0
177,326,5.0
672,326,4.0
2126,326,4.5
1329,326,3.5
2993,327,5.0
636,327,4.5
810,327,5.0
3892,327,5.0
3725,327,4.0
1850,327,4.5
3451,327,5.0
2021,327,5.0
3061,327,4.5
1971,327,3.5
3206,327,3.5
1026,327,3.5
2813,327,5.0
619,327,2.0
1227,327,3.5
2151,327,5.0
2193,327,5.0
2460,327,5.0
766,327,4.0
2738,327,5.0
3577,327,4.5
1056,327,5.0
1543,327,5.0
1044,327,5.0
1849,327,5.0
1165,327,5.0
2474,327,3.5
1544,328,5.0
1573,328,5.0
2721,328,2.0
557,328,1.0
4344,328,2.0
636,328,3.0
3236,328,5.0
810,328,3.0
676,328,2.0
1821,328,5.0
1698,328,3.5
280,328,1.0
1361,328,2.0
1362,328,2.0
4273,328,2.0
4274,328,2.0
4265,328,4.0
1110,328,4.0
4179,328,5.0
4012,328,0.5
4336,328,1.0
2407,328,4.0
2970,328,4.0
3892,328,5.0
327,328,2.5
3452,328,5.0
33,328,3.0
1705,328,1.0
3934,328,5.0
4307,328,5.0
2971,328,5.0
4586,328,5.0
3725,328,5.0
2406,328,4.0
4609,328,5.0
1528,328,4.0
1850,328,4.5
2173,328,5.0
2331,328,4.0
3243,328,3.0
2662,328,3.0
2288,328,4.0
3993,328,5.0
4056,328,5.0
1008,328,4.0
1616,328,3.0
2818,328,4.0
2320,328,3.5
3448,328,0.5
2812,328,5.0
474,328,4.5
353,328,3.0
3454,328,3.0
1815,328,2.0
2915,328,3.0
1154,328,3.0
1167,328,3.0
4448,328,2.5
629,328,2.5
1700,328,4.0
2533,328,5.0
2111,328,3.0
705,328,3.5
3061,328,3.0
814,328,5.0
871,328,4.5
3831,328,5.0
3890,328,3.5
663,328,5.0
2756,328,1.0
22,328,2.5
1500,328,3.5
344,328,4.5
1055,328,1.5
3889,328,1.0
2090,328,3.5
573,328,1.5
4003,328,4.5
1123,328,3.0
512,328,0.5
812,328,2.5
3707,328,3.0
2909,328,4.0
1793,328,5.0
402,328,2.5
900,328,4.5
3712,328,1.0
389,328,3.0
632,328,2.0
3597,328,4.0
160,328,4.0
431,328,3.0
277,328,4.0
884,328,3.5
200,328,3.5
1497,328,5.0
516,328,2.5
831,328,5.0
2333,328,3.5
566,328,3.0
192,328,4.0
4749,328,3.0
1551,328,3.0
31,328,3.5
230,328,1.5
120,328,1.0
1597,328,2.0
933,328,2.0
567,328,2.5
13,328,3.5
3242,328,2.0
278,328,4.0
298,328,2.0
2474,328,5.0
881,328,2.0
399,328,2.5
2395,328,3.0
1832,328,4.5
69,328,3.0
1818,328,3.0
182,328,2.5
58,328,3.5
640,328,2.5
2669,328,3.0
131,328,2.0
572,328,4.5
159,328,4.0
67,328,4.5
9,328,4.0
1557,328,3.0
1,328,3.5
357,328,3.0
43,328,5.0
615,328,2.5
97,328,1.5
7,328,2.0
1368,328,1.0
179,328,1.5
221,328,2.0
30,328,3.5
2074,328,0.5
288,328,3.0
520,328,0.5
2108,328,3.0
184,328,2.5
75,328,4.0
135,328,3.5
161,328,3.0
95,328,1.0
685,328,3.0
271,328,3.5
78,328,3.0
57,328,3.5
4179,329,3.0
3893,329,4.5
4586,329,0.5
3725,329,4.0
2173,329,2.0
2313,329,5.0
1853,329,0.5
1544,330,4.0
893,330,3.5
3749,330,4.5
1573,330,3.0
1530,330,3.0
2993,330,0.5
557,330,3.5
4344,330,3.5
636,330,3.0
300,330,3.0
76,330,4.0
4780,330,4.5
2371,330,1.5
930,330,3.0
3236,330,4.0
1939,330,2.5
2819,330,0.5
810,330,5.0
1545,330,0.5
283,330,3.0
676,330,2.0
3254,330,4.0
1814,330,3.5
1728,330,2.0
1839,330,5.0
2793,330,5.0
4461,330,4.5
2514,330,3.5
2020,330,3.5
1698,330,3.0
280,330,3.5
2281,330,4.0
1361,330,4.0
1362,330,4.0
4273,330,4.0
4274,330,4.0
4265,330,3.0
2671,330,4.0
426,330,2.5
384,330,2.0
2341,330,3.5
4179,330,4.5
3893,330,4.0
1498,330,2.5
978,330,2.0
2970,330,1.5
3452,330,4.0
3934,330,5.0
4307,330,2.5
2971,330,4.0
4586,330,4.5
3725,330,4.0
2608,330,3.5
2406,330,4.0
4082,330,4.0
1528,330,2.5
1850,330,3.5
839,330,4.0
3162,330,4.0
2173,330,3.5
2331,330,4.5
2456,330,4.5
3243,330,5.0
2662,330,4.5
2667,330,4.5
2288,330,4.0
3993,330,4.0
1008,330,3.5
3680,330,5.0
3448,330,3.5
2812,330,4.0
474,330,5.0
3776,330,3.0
1039,330,1.5
2568,330,2.5
2327,330,4.0
443,330,0.5
366,330,2.5
4638,330,4.5
2575,330,4.0
301,330,4.0
26,330,3.5
905,330,5.0
150,330,3.0
2021,330,5.0
4340,330,3.0
1815,330,4.0
4231,330,3.5
1154,330,3.0
1167,330,3.0
629,330,3.5
2533,330,4.5
2111,330,4.0
3061,330,4.0
3027,330,1.0
3049,330,5.0
234,330,3.0
871,330,3.0
1360,330,3.5
1537,330,3.5
2813,330,2.0
651,330,5.0
3831,330,4.0
2317,330,4.0
2519,330,4.5
208,330,4.0
663,330,4.0
225,330,2.5
2756,330,4.5
3008,330,5.0
3703,330,3.5
910,330,3.5
2090,330,4.0
2151,330,3.5
3261,330,3.5
275,330,4.0
512,330,4.0
367,330,2.5
812,330,4.0
3707,330,4.5
351,330,2.0
2909,330,4.5
385,330,5.0
1007,330,4.0
3577,330,5.0
1853,330,3.5
900,330,4.5
3712,330,4.5
232,330,5.0
389,330,3.5
2335,330,4.5
2945,330,4.0
160,330,3.0
231,330,4.0
276,330,3.5
884,330,4.0
329,330,4.5
829,330,5.0
2155,330,3.5
1710,330,5.0
831,330,5.0
3601,330,5.0
3729,330,4.0
120,330,3.0
58,330,5.0
1816,330,4.0
572,330,5.0
1557,330,4.0
1991,330,5.0
97,330,5.0
412,330,5.0
696,331,3.0
1573,331,2.0
3236,331,5.0
4586,331,4.5
1850,331,5.0
474,331,3.5
301,331,4.0
651,331,4.0
663,331,4.0
3261,331,5.0
275,331,4.5
214,331,2.0
1123,331,4.0
896,331,3.0
512,331,2.5
766,331,4.5
3463,331,5.0
812,331,3.0
1228,331,5.0
351,331,1.0
631,331,2.0
1007,331,3.0
402,331,4.0
1584,331,4.0
900,331,3.0
333,331,1.5
169,331,2.0
2319,331,1.5
335,331,2.0
1719,331,3.0
232,331,3.0
389,331,4.0
160,331,2.0
431,331,3.0
565,331,4.0
3897,331,2.5
317,331,4.5
2928,331,3.0
424,331,2.0
329,331,4.0
166,331,0.5
94,331,2.5
200,331,3.0
3744,331,5.0
2032,331,3.0
2102,331,3.5
829,331,4.0
1497,331,4.0
2746,331,3.0
2155,331,4.0
729,331,2.0
831,331,3.0
725,331,2.0
146,331,3.5
566,331,1.5
31,331,3.5
4022,331,4.5
3601,331,5.0
4298,331,4.0
1560,331,3.5
2400,331,4.0
118,331,1.5
689,331,2.0
510,331,2.5
249,331,3.0
120,331,4.0
186,331,4.0
1137,331,3.0
1597,331,3.5
2720,331,2.5
1687,331,4.0
567,331,2.5
3242,331,5.0
511,331,5.0
278,331,4.5
298,331,3.5
119,331,4.0
2474,331,4.0
1747,331,4.0
399,331,2.5
262,331,3.0
114,331,3.0
592,331,3.0
2395,331,5.0
1021,331,5.0
282,331,4.0
1832,331,5.0
117,331,4.0
1858,331,5.0
2619,331,5.0
1818,331,3.0
354,331,4.0
1332,331,5.0
12,331,3.0
159,331,4.0
3343,331,4.0
357,331,3.5
33,331,3.0
43,331,4.0
97,331,4.0
2561,331,5.0
170,331,3.0
221,331,5.0
2464,331,4.0
30,331,4.0
1571,331,3.5
2074,331,5.0
288,331,5.0
32,331,3.0
125,331,3.5
2000,331,4.0
3871,331,5.0
694,331,5.0
95,331,3.0
2755,331,5.0
2525,331,4.0
128,331,5.0
789,331,5.0
271,331,4.0
1544,332,4.0
893,332,3.5
557,332,3.5
4344,332,4.0
636,332,3.5
76,332,2.0
3236,332,4.0
810,332,4.5
1545,332,3.5
676,332,3.5
1821,332,4.0
1728,332,5.0
280,332,3.5
2281,332,4.5
3154,332,2.5
4179,332,4.5
978,332,2.0
3990,332,4.5
4336,332,4.5
4307,332,4.0
2971,332,3.5
2608,332,3.0
2406,332,4.0
4609,332,4.0
2553,332,4.5
1528,332,4.0
1850,332,4.0
839,332,4.5
3162,332,4.5
3181,332,3.5
2331,332,4.5
2662,332,5.0
2288,332,4.0
4056,332,4.0
1008,332,4.0
1372,332,3.5
2739,332,2.0
3448,332,3.5
474,332,2.5
903,332,4.0
443,332,4.0
366,332,4.0
771,332,2.5
1377,332,4.0
802,332,3.5
1354,332,2.0
301,332,2.0
3470,332,3.5
2825,332,4.0
1765,332,3.5
828,332,2.5
2021,332,4.0
1815,332,4.0
1154,332,3.0
1960,332,4.0
1081,332,1.5
629,332,4.0
2533,332,3.0
2111,332,3.0
705,332,3.5
3061,332,3.5
408,332,3.5
25,332,3.5
3027,332,3.5
1783,332,4.0
1612,332,3.5
2519,332,4.5
1014,332,4.0
663,332,4.5
2756,332,3.5
2018,332,3.0
1335,332,4.5
910,332,3.5
2730,332,3.5
2090,332,4.0
2330,332,4.0
275,332,3.5
4003,332,3.0
4677,332,3.5
512,332,3.5
546,332,3.0
2909,332,4.0
385,332,3.5
1007,332,3.5
3577,332,5.0
1853,332,3.5
900,332,4.5
876,332,5.0
2319,332,3.5
389,332,3.5
321,332,3.0
632,332,4.0
231,332,2.0
276,332,3.5
674,332,3.0
565,332,2.0
2256,332,3.5
200,332,4.5
3744,332,4.0
829,332,4.0
172,332,4.5
584,332,4.0
2155,332,3.5
831,332,3.5
146,332,3.0
3601,332,4.0
2410,332,4.0
248,332,3.0
118,332,3.5
1179,332,3.5
3079,332,4.5
249,332,2.5
120,332,4.0
186,332,2.5
1137,332,3.0
2720,332,3.5
933,332,3.0
13,332,3.5
3242,332,4.0
422,332,3.5
2,332,4.0
1832,332,4.0
117,332,3.0
1858,332,4.0
69,332,3.5
182,332,4.0
116,332,3.5
164,332,4.0
572,332,3.5
123,332,2.0
1,332,4.0
357,332,4.0
1723,332,3.0
80,332,4.0
43,332,4.0
615,332,4.0
97,332,4.0
412,332,2.0
4549,332,3.5
345,332,3.5
940,332,3.0
583,332,2.0
1509,332,4.0
548,332,3.5
130,332,3.5
2784,332,2.5
102,332,3.5
427,332,3.5
598,332,3.5
806,332,2.0
2904,332,3.0
133,332,2.0
1571,332,3.5
2950,333,3.0
2970,333,2.0
3725,333,5.0
2832,333,3.0
275,333,4.0
195,333,2.0
2193,333,4.0
2460,333,1.0
2352,333,3.0
214,333,2.0
834,333,4.0
1483,333,2.0
896,333,1.0
367,333,1.0
1544,334,3.5
696,334,3.5
2993,334,3.5
3236,334,4.0
2819,334,2.0
810,334,4.0
1545,334,3.0
676,334,3.0
1839,334,3.5
2514,334,3.0
280,334,4.0
2671,334,3.5
4179,334,3.5
2517,334,3.5
4586,334,4.0
839,334,3.5
3162,334,3.5
2662,334,4.0
2288,334,3.5
1008,334,3.5
305,334,3.0
3790,334,4.0
2021,334,4.0
1815,334,3.5
1700,334,2.5
234,334,3.0
2813,334,3.5
1612,334,3.5
663,334,3.5
2829,334,3.0
2756,334,4.0
3261,334,2.5
275,334,4.0
512,334,3.5
2802,334,1.5
1793,334,4.0
402,334,2.5
3577,334,3.5
900,334,4.5
3712,334,3.5
232,334,3.5
389,334,3.5
231,334,3.0
2310,334,3.5
329,334,4.0
3744,334,4.0
584,334,4.0
516,334,4.0
2155,334,4.0
2333,334,3.5
566,334,3.5
3601,334,3.0
2410,334,3.5
4298,334,0.5
3946,334,3.0
2400,334,2.0
230,334,3.0
1296,334,4.0
1597,334,4.0
1687,334,3.5
3315,334,3.5
567,334,3.5
3242,334,3.0
278,334,2.5
1844,334,3.5
119,334,4.0
742,334,3.5
4047,334,3.5
1747,334,3.0
592,334,3.5
2181,334,3.5
282,334,3.5
1832,334,3.0
117,334,3.5
69,334,3.5
54,334,3.0
182,334,3.5
58,334,3.5
438,334,3.0
887,334,2.5
1786,334,3.0
2209,334,3.5
1742,334,3.0
2669,334,3.5
1259,334,4.0
1,334,3.5
440,334,2.5
93,334,4.0
557,335,4.0
3353,335,4.0
3236,335,5.0
810,335,4.0
283,335,4.5
280,335,5.0
1361,335,5.0
1362,335,5.0
4273,335,5.0
4274,335,5.0
966,335,1.0
1498,335,3.0
4638,335,4.0
2575,335,3.5
2923,335,3.0
639,335,3.0
1537,335,2.5
830,335,1.0
4003,335,4.5
3463,335,4.0
1544,336,4.0
2184,336,4.0
557,336,4.0
636,336,4.0
3353,336,5.0
536,336,4.0
3236,336,5.0
810,336,4.5
1821,336,4.0
280,336,5.0
2456,336,4.5
3448,336,2.5
2979,336,4.0
246,336,4.5
905,336,5.0
629,336,4.0
3061,336,4.5
397,336,3.5
3049,336,5.0
1537,336,3.5
2519,336,5.0
663,336,4.5
344,336,4.0
892,336,5.0
214,336,4.5
812,336,5.0
232,336,5.0
276,336,5.0
1179,336,4.0
381,336,4.5
1137,336,4.0
1597,336,2.5
1544,337,4.0
1093,337,3.0
893,337,4.0
2452,337,4.0
3749,337,4.0
2930,337,4.0
3156,337,3.0
1530,337,3.0
646,337,5.0
1252,337,3.0
2993,337,5.0
557,337,5.0
1994,337,4.0
536,337,4.0
1253,337,4.0
1567,337,5.0
835,337,5.0
1839,337,3.0
2793,337,5.0
1303,337,4.0
426,337,5.0
804,337,4.0
1810,337,4.0
1087,337,3.0
384,337,5.0
2341,337,3.0
966,337,5.0
3893,337,4.0
287,337,5.0
1498,337,5.0
571,337,4.0
1067,337,4.0
3934,337,5.0
1036,337,3.0
903,337,5.0
3236,338,4.5
1821,338,5.0
4609,338,5.0
663,338,4.5
160,338,3.0
276,338,2.0
829,338,4.5
4022,338,4.0
3946,338,4.0
2400,338,3.5
118,338,2.5
1296,338,3.5
1544,339,4.0
893,339,4.5
4344,339,4.0
636,339,4.0
3236,339,2.5
810,339,4.0
676,339,4.0
1821,339,5.0
1728,339,5.0
1361,339,2.5
1362,339,2.5
4273,339,2.5
4274,339,2.5
426,339,4.0
4179,339,5.0
2970,339,5.0
4079,339,4.5
2971,339,3.5
2517,339,2.5
3725,339,5.0
4609,339,4.0
1850,339,4.5
839,339,4.0
3162,339,4.0
2173,339,4.0
1666,339,5.0
3745,339,4.0
1665,339,3.5
3243,339,5.0
2662,339,5.0
2288,339,4.0
2832,339,4.5
1008,339,4.0
1397,339,4.0
366,339,5.0
4783,339,4.5
1377,339,5.0
1354,339,5.0
2821,339,4.0
26,339,4.0
1765,339,4.5
905,339,4.0
1399,339,2.0
629,339,5.0
3883,339,5.0
3943,339,5.0
3049,339,4.5
2813,339,5.0
651,339,5.0
3831,339,3.5
2519,339,5.0
663,339,4.0
269,339,3.0
1335,339,4.5
1996,339,4.0
4244,339,4.0
2090,339,4.0
3261,339,5.0
275,339,5.0
1123,339,4.5
3707,339,3.5
3580,339,3.5
2451,339,4.5
385,339,5.0
402,339,4.5
3577,339,4.5
1853,339,4.5
900,339,4.0
111,339,3.0
364,339,5.0
1543,339,3.5
2630,339,5.0
1017,339,4.0
3712,339,4.5
232,339,4.0
576,339,5.0
321,339,4.5
632,339,4.0
276,339,5.0
445,339,5.0
565,339,4.5
3773,339,4.5
3561,339,4.0
1143,339,3.0
277,339,2.5
884,339,5.0
1541,339,2.5
2928,339,4.0
329,339,4.0
3244,339,4.0
200,339,3.0
1079,339,4.5
3744,339,4.0
1386,339,5.0
172,339,5.0
4099,339,3.5
1205,339,4.0
2155,339,4.5
146,339,3.0
3246,339,4.5
192,339,2.5
4582,339,4.5
4749,339,4.5
267,339,4.5
3601,339,3.0
3639,339,4.0
4298,339,3.0
2400,339,3.5
268,339,4.5
249,339,3.0
120,339,3.5
186,339,4.0
1137,339,5.0
3352,339,4.5
2720,339,4.5
115,339,2.5
2572,339,5.0
25,339,3.5
529,339,5.0
933,339,4.0
140,339,4.0
2339,339,4.5
417,339,5.0
13,339,3.0
2922,339,5.0
2318,339,4.5
511,339,3.0
298,339,4.0
2760,339,4.5
2474,339,2.5
422,339,5.0
6,339,3.5
2564,339,4.5
2,339,3.5
2017,339,5.0
114,339,2.5
2395,339,4.5
1021,339,5.0
2181,339,3.5
2064,339,4.5
2800,339,4.0
282,339,5.0
1832,339,5.0
117,339,4.5
3338,339,3.5
1858,339,5.0
1829,339,2.5
4031,339,3.5
69,339,3.5
58,339,4.5
887,339,3.0
1786,339,2.5
1332,339,3.5
2249,339,4.0
2669,339,5.0
12,339,4.0
1816,339,4.0
866,339,4.5
914,339,3.5
572,339,3.5
3628,339,5.0
159,339,4.0
67,339,3.0
9,339,2.5
1557,339,3.0
1568,339,4.5
750,339,3.0
1,339,3.0
440,339,5.0
1520,339,4.5
93,339,2.0
43,339,4.0
615,339,4.5
97,339,5.0
2096,339,4.5
2351,339,4.0
2263,339,5.0
1368,339,4.5
130,339,2.5
1582,339,4.0
909,339,3.0
2561,339,3.5
926,339,4.0
929,339,4.5
3249,339,4.0
2462,339,4.5
1402,339,4.5
3868,339,3.0
3434,339,3.5
188,339,3.5
154,339,4.0
1148,339,4.0
30,339,3.5
1104,339,4.0
302,339,4.0
2074,339,3.5
1533,339,3.5
217,339,4.0
288,339,3.0
15,339,2.5
46,339,2.5
223,339,3.5
240,339,3.5
1053,339,4.5
819,339,4.5
2108,339,4.0
3228,339,4.5
127,339,2.5
3575,339,5.0
184,339,3.0
1288,339,2.5
96,339,5.0
75,339,3.5
135,339,4.0
3759,339,4.5
694,339,3.5
791,339,4.0
457,339,4.0
3238,339,4.0
2525,339,4.0
789,339,2.0
2939,339,4.0
685,339,4.5
271,339,4.5
78,339,5.0
2357,339,3.0
177,339,4.0
672,339,4.0
1189,339,4.0
696,340,4.0
557,340,5.0
636,340,5.0
300,340,4.0
824,340,4.0
356,340,4.0
76,340,3.0
930,340,4.0
3236,340,4.0
1305,340,5.0
2819,340,4.0
678,340,4.0
810,340,3.0
676,340,5.0
280,340,4.0
2281,340,5.0
1361,340,5.0
1362,340,5.0
4273,340,5.0
4274,340,5.0
426,340,4.0
1036,340,5.0
1544,341,5.0
810,341,3.5
283,341,4.5
676,341,2.0
1705,341,4.0
2288,341,3.5
574,341,4.0
3049,341,4.5
1542,341,4.0
519,341,3.0
834,341,3.5
1123,341,3.5
1045,341,4.5
2319,341,4.0
1719,341,4.0
632,341,3.5
277,341,4.0
3524,341,3.0
424,341,3.0
94,341,4.5
2102,341,3.0
516,341,4.0
417,341,4.0
117,341,4.0
362,341,5.0
444,341,4.0
440,341,5.0
521,341,4.5
461,341,3.0
500,341,3.5
1491,341,4.0
437,341,3.0
1073,341,4.5
791,341,4.5
2755,341,4.0
29,341,4.0
78,341,4.0
363,341,3.0
547,341,4.0
3,341,4.5
4780,342,5.0
1886,342,3.0
2288,342,4.0
1532,342,3.0
1767,342,2.0
2768,342,3.0
3027,342,3.0
920,342,3.0
1492,342,3.0
3220,342,2.0
626,342,3.0
846,342,4.0
1360,342,3.0
1537,342,3.0
71,342,2.0
2813,342,4.0
719,342,3.0
619,342,2.0
568,342,3.0
830,342,2.0
1227,342,3.0
1504,342,3.0
965,342,3.0
1153,342,4.0
4085,342,3.0
663,342,4.0
418,342,2.0
269,342,3.0
892,342,4.0
1055,342,1.0
3177,342,4.0
3931,342,3.0
2460,342,3.0
896,342,4.0
1217,342,2.0
367,342,3.0
2030,342,5.0
3236,343,4.5
1821,343,5.0
1728,343,4.5
4307,343,4.5
2406,343,3.5
4609,343,4.5
1850,343,5.0
839,343,4.0
3162,343,4.0
1377,343,4.0
3061,343,4.0
1492,343,4.0
2519,343,4.0
663,343,5.0
3177,343,4.0
2724,343,3.5
3577,343,5.0
3732,343,4.0
3712,343,4.5
1398,343,2.5
1124,343,2.5
4099,343,4.0
958,343,4.0
555,343,3.0
119,343,3.5
2474,343,4.0
1277,343,5.0
4047,343,4.0
2395,343,5.0
282,343,2.5
1832,343,4.5
3338,343,4.5
557,344,4.5
810,344,5.0
283,344,5.0
2514,344,5.0
384,344,4.5
839,344,1.0
3162,344,1.0
2662,344,5.0
2288,344,5.0
1167,344,5.0
629,344,4.0
397,344,5.0
2931,344,2.0
234,344,5.0
71,344,4.5
651,344,4.0
2519,344,5.0
208,344,5.0
1335,344,3.0
512,344,5.0
766,344,3.0
812,344,2.5
3707,344,0.5
2909,344,4.0
1835,344,2.5
385,344,3.0
1007,344,2.0
3577,344,1.5
900,344,5.0
2630,344,1.5
3712,344,2.0
321,344,2.0
3597,344,1.0
565,344,1.0
884,344,4.0
566,344,5.0
243,344,4.0
69,344,4.5
58,344,3.5
164,344,5.0
67,344,5.0
7,344,4.0
130,344,4.0
206,344,4.0
401,344,3.0
47,344,5.0
82,344,3.0
75,344,4.0
95,344,5.0
2819,345,3.5
3514,345,5.0
2970,345,4.0
3572,345,3.0
4297,345,3.0
2406,345,4.5
4609,345,5.0
839,345,5.0
3162,345,5.0
741,345,4.0
25,345,3.5
1561,345,4.0
719,345,3.5
3831,345,4.0
2519,345,4.0
410,345,5.0
4474,345,3.0
573,345,4.0
1115,345,4.5
1759,345,3.5
761,345,3.0
2310,345,4.0
516,345,4.5
578,345,4.5
1563,345,4.0
2452,346,4.0
4344,346,4.0
3635,346,4.0
3236,346,3.5
2950,346,3.5
3702,346,4.5
676,346,2.5
3077,346,3.5
1821,346,3.5
2035,346,2.5
4179,346,4.5
3893,346,3.5
4336,346,4.5
3725,346,4.0
1528,346,4.5
2173,346,5.0
2331,346,4.0
3745,346,4.5
1616,346,4.5
1377,346,3.5
2979,346,3.5
4439,346,3.5
3883,346,4.5
1878,346,3.5
3027,346,4.0
1783,346,3.0
1360,346,2.0
651,346,4.0
2519,346,4.5
663,346,3.5
2756,346,2.5
1335,346,4.5
892,346,3.0
1977,346,3.0
4474,346,3.5
2730,346,3.0
3261,346,3.5
2802,346,3.5
3707,346,3.0
1045,346,1.0
1853,346,3.5
3536,346,3.5
1719,346,3.0
1065,346,3.0
3712,346,4.0
674,346,2.0
2722,346,3.5
3497,346,3.0
3056,346,4.0
3744,346,3.5
829,346,4.0
3296,346,2.5
3444,346,3.5
1710,346,4.0
831,346,4.0
4622,346,4.0
3450,346,4.0
4094,346,4.0
2410,346,4.0
1411,346,4.0
1179,346,2.5
3242,346,4.0
1544,347,5.0
696,347,4.0
1553,347,4.0
1573,347,4.0
2721,347,4.0
557,347,3.0
636,347,4.0
300,347,3.0
921,347,3.0
356,347,3.0
76,347,3.0
1567,347,3.0
930,347,3.0
2819,347,3.0
810,347,4.0
3702,347,3.0
1545,347,4.0
283,347,3.0
645,347,3.0
676,347,4.0
1814,347,3.0
2020,347,4.0
1698,347,4.0
280,347,3.0
2281,347,3.0
1361,347,3.0
1362,347,3.0
4273,347,3.0
4274,347,3.0
2671,347,4.0
426,347,4.0
4344,348,5.0
3236,348,5.0
1821,348,5.0
1728,348,5.0
2281,348,4.0
4179,348,4.5
4336,348,5.0
4586,348,4.5
1528,348,5.0
1850,348,4.5
1213,348,4.0
4379,348,5.0
3061,348,5.0
25,348,4.0
1222,348,4.0
1026,348,4.5
2519,348,5.0
663,348,5.0
3577,348,5.0
556,348,3.5
1065,348,5.0
1190,348,4.0
3897,348,4.0
2190,348,4.5
715,348,4.5
97,348,5.0
696,349,4.0
1573,349,5.0
1994,349,4.0
824,349,4.0
356,349,4.0
1567,349,3.0
3236,349,4.0
2950,349,4.0
2819,349,4.0
678,349,5.0
810,349,5.0
3702,349,4.0
1545,349,5.0
645,349,3.0
676,349,3.0
1814,349,3.0
1821,349,4.0
2793,349,3.0
2514,349,3.0
2020,349,3.0
1698,349,4.0
280,349,4.0
2281,349,4.0
2671,349,5.0
1544,350,4.0
2452,350,2.0
646,350,3.0
835,350,4.0
1303,350,3.0
426,350,3.0
804,350,3.0
453,350,3.0
1087,350,3.0
384,350,3.0
1886,350,4.0
287,350,4.0
1498,350,3.0
571,350,3.0
851,350,3.0
978,350,3.0
1067,350,3.0
3934,350,3.0
1036,350,5.0
903,350,4.0
3236,351,4.5
2819,351,3.5
810,351,4.5
676,351,4.0
2671,351,3.5
3893,351,4.5
3934,351,4.0
3725,351,3.5
2979,351,4.5
1964,351,2.0
26,351,4.0
1532,351,3.0
2842,351,4.5
1971,351,2.0
663,351,4.0
2289,351,2.5
3707,351,5.0
488,351,3.5
3577,351,4.0
1584,351,4.0
1834,351,3.0
1853,351,3.5
1543,351,2.0
1065,351,4.0
3712,351,3.5
389,351,4.0
2830,351,4.5
445,351,4.0
317,351,4.0
884,351,4.0
3715,351,4.0
975,351,3.5
329,351,3.0
3035,351,2.5
200,351,4.0
829,351,3.0
1063,351,3.5
2746,351,4.5
2155,351,3.5
4803,351,3.0
3639,351,4.0
1845,351,3.5
3946,351,3.0
1560,351,3.5
4327,351,4.5
2981,351,3.5
688,351,4.0
2221,351,3.5
1593,351,4.5
985,351,4.5
2986,351,3.5
1832,351,4.0
1591,351,3.0
2619,351,3.5
1818,351,4.5
182,351,3.5
58,351,4.0
2476,351,4.0
2669,351,3.5
572,351,3.5
1,351,2.5
4352,351,3.5
97,351,4.0
589,351,3.5
2211,351,3.5
2351,351,4.0
2733,351,4.5
3159,351,3.5
3418,351,5.0
1582,351,3.0
138,351,3.5
909,351,2.5
2561,351,4.0
926,351,4.5
2597,351,3.5
1387,351,3.5
336,351,3.5
1226,351,4.5
1896,351,2.5
1247,351,3.0
929,351,4.0
1923,351,4.0
3384,351,3.5
538,351,2.5
598,351,3.5
3236,352,5.0
1305,352,4.0
810,352,5.0
1821,352,5.0
1728,352,4.5
2281,352,5.0
2970,352,4.0
4307,352,5.0
2406,352,4.0
1850,352,3.5
839,352,5.0
3162,352,5.0
1397,352,4.0
447,352,4.0
771,352,4.0
456,352,3.0
388,352,4.0
593,352,5.0
301,352,3.0
741,352,4.5
1213,352,3.0
451,352,2.0
2979,352,3.5
1964,352,3.0
26,352,4.0
2825,352,4.0
550,352,4.0
828,352,3.0
458,352,3.0
2021,352,3.0
1399,352,5.0
629,352,4.5
2842,352,4.0
4646,352,4.0
841,352,4.0
471,352,4.0
3061,352,4.5
408,352,4.5
397,352,2.5
582,352,4.5
920,352,3.0
2087,352,4.0
626,352,3.5
234,352,3.5
1360,352,1.5
71,352,2.0
2813,352,4.5
651,352,5.0
2519,352,5.0
4085,352,4.0
663,352,5.0
2756,352,3.0
3008,352,4.0
297,352,4.0
1166,352,3.0
374,352,3.5
910,352,4.0
1996,352,4.0
2090,352,5.0
2151,352,3.0
1538,352,3.0
3261,352,4.0
681,352,4.0
275,352,4.0
874,352,2.0
1123,352,3.0
512,352,3.0
3580,352,4.0
351,352,2.5
488,352,3.0
2909,352,5.0
1835,352,4.5
631,352,3.0
1045,352,3.0
1007,352,4.5
3577,352,5.0
900,352,3.0
3244,352,5.0
200,352,4.0
1559,352,4.5
1560,352,4.0
118,352,3.0
1179,352,3.0
230,352,4.0
186,352,4.0
596,352,2.0
1597,352,4.0
2628,352,3.5
115,352,4.0
25,352,3.5
3682,352,1.0
933,352,4.0
1165,352,3.0
948,352,4.0
577,352,3.0
2136,352,3.5
298,352,5.0
422,352,4.5
688,352,4.0
1277,352,5.0
1747,352,3.5
2564,352,4.0
2,352,4.0
399,352,4.0
2017,352,4.0
114,352,4.0
592,352,3.5
1607,352,4.5
1832,352,3.0
1829,352,4.5
69,352,3.0
1818,352,3.0
58,352,5.0
116,352,3.0
1332,352,3.0
623,352,4.5
1339,352,2.0
1816,352,5.0
914,352,3.0
1393,352,3.0
723,352,3.0
923,352,3.0
572,352,5.0
44,352,3.5
67,352,4.0
9,352,4.0
1620,352,4.5
477,352,4.0
1991,352,5.0
294,352,2.5
1568,352,4.0
1,352,5.0
440,352,5.0
33,352,4.0
207,352,2.0
615,352,4.0
97,352,5.0
189,352,4.0
712,352,3.0
2351,352,4.5
2733,352,2.0
1509,352,3.5
18,352,4.0
909,352,4.0
1402,352,3.5
70,352,4.5
427,352,4.0
5,352,2.0
1121,352,2.0
221,352,4.5
2464,352,4.0
30,352,4.0
1571,352,3.5
1104,352,4.0
2725,352,3.5
302,352,5.0
217,352,4.0
1570,352,4.0
288,352,4.5
229,352,4.5
1503,352,2.5
3038,352,4.0
48,352,4.5
52,352,4.0
46,352,4.0
223,352,3.0
1342,352,4.0
240,352,5.0
1053,352,5.0
819,352,4.0
261,352,4.5
125,352,2.0
1288,352,4.5
401,352,2.5
96,352,5.0
334,352,3.0
75,352,5.0
912,352,2.0
3871,352,4.0
694,352,4.0
457,352,4.5
89,352,4.5
2755,352,4.5
201,352,4.0
29,352,3.0
20,352,5.0
128,352,3.5
789,352,2.5
685,352,4.0
250,352,2.0
45,352,1.0
271,352,5.0
103,352,4.0
57,352,4.0
177,352,5.0
3560,352,4.0
1544,353,5.0
696,353,3.0
1553,353,4.0
2141,353,5.0
3749,353,4.0
1573,353,5.0
2721,353,1.0
3833,353,3.0
2184,353,4.0
557,353,3.0
1125,353,3.0
1994,353,3.0
300,353,3.0
821,353,3.0
921,353,2.0
824,353,5.0
3353,353,3.0
356,353,5.0
536,353,3.0
3447,353,4.0
1380,353,3.0
737,353,2.0
4780,353,5.0
827,353,3.0
4487,353,5.0
1567,353,3.0
930,353,4.0
3236,353,5.0
3471,353,2.0
2819,353,5.0
678,353,4.0
283,353,3.0
953,353,1.0
645,353,3.0
1839,353,4.0
2793,353,4.0
1698,353,3.0
2281,353,4.0
1361,353,4.0
1362,353,4.0
4273,353,4.0
4274,353,4.0
696,354,3.5
1573,354,3.5
2103,354,3.5
2184,354,4.5
4344,354,4.0
636,354,4.0
356,354,4.0
827,354,3.5
3236,354,4.5
2819,354,2.5
810,354,4.5
3702,354,4.0
1545,354,4.0
283,354,4.0
676,354,4.0
1821,354,4.0
2514,354,3.0
1698,354,3.5
280,354,4.5
1361,354,4.0
1362,354,4.0
4273,354,4.0
4274,354,4.0
2671,354,3.5
426,354,4.0
4179,354,3.0
2970,354,3.5
1705,354,4.0
4307,354,4.0
2971,354,4.0
2517,354,4.0
2553,354,4.0
1528,354,3.5
839,354,4.0
3162,354,4.0
2173,354,4.0
2331,354,4.5
2662,354,4.0
2288,354,4.0
2739,354,3.5
3448,354,4.0
903,354,3.5
2285,354,4.0
447,354,3.5
1033,354,4.0
443,354,4.0
366,354,4.0
388,354,3.5
4638,354,4.0
802,354,3.5
301,354,4.5
2979,354,4.0
26,354,4.0
246,354,3.5
1765,354,4.5
433,354,3.5
150,354,3.5
2021,354,4.0
4340,354,4.0
1815,354,4.0
2915,354,4.0
1154,354,3.0
629,354,3.5
1700,354,3.5
1058,354,3.5
841,354,4.5
3061,354,4.5
639,354,4.0
3206,354,3.5
3049,354,4.0
2931,354,4.5
2742,354,4.0
626,354,3.0
234,354,3.5
1537,354,3.5
71,354,3.5
2813,354,4.0
2519,354,4.0
208,354,3.5
3890,354,4.0
4346,354,3.5
663,354,4.5
225,354,4.5
2756,354,3.5
2018,354,3.5
1183,354,3.5
2090,354,2.0
573,354,3.5
2330,354,4.0
275,354,3.5
2460,354,3.5
214,354,2.0
512,354,4.0
347,354,3.5
367,354,3.5
3707,354,4.0
351,354,3.0
546,354,3.0
631,354,3.5
1793,354,3.5
1584,354,4.5
1834,354,3.5
1853,354,4.5
900,354,4.0
469,354,4.0
2319,354,3.5
1543,354,3.5
1054,354,4.0
3712,354,4.5
389,354,3.5
632,354,3.5
160,354,4.0
231,354,3.0
276,354,3.5
3897,354,4.0
2256,354,4.0
317,354,4.0
884,354,4.0
1969,354,2.5
3524,354,3.5
424,354,3.0
94,354,3.5
829,354,4.5
2820,354,4.0
584,354,4.5
2746,354,3.5
2155,354,4.0
831,354,4.0
2333,354,3.5
146,354,3.0
566,354,3.5
4749,354,4.0
3450,354,3.0
267,354,3.5
2139,354,2.5
4298,354,4.0
1560,354,4.0
3079,354,4.5
230,354,4.0
249,354,3.5
3318,354,3.0
25,354,2.0
933,354,3.5
140,354,4.0
2318,354,3.0
278,354,4.5
386,354,0.5
688,354,3.5
6,354,4.0
1747,354,4.0
112,354,4.5
117,354,3.0
676,355,3.0
453,355,3.0
3990,355,4.0
26,355,4.0
234,355,5.0
208,355,5.0
1055,355,4.0
1540,356,3.5
1530,356,4.5
3647,356,3.5
2993,356,3.0
821,356,3.0
536,356,3.0
3447,356,4.0
76,356,4.0
4780,356,3.5
1567,356,4.0
2950,356,4.5
2819,356,1.5
678,356,3.5
810,356,4.0
283,356,3.0
3410,356,4.5
404,356,2.5
1814,356,4.0
1728,356,4.5
1839,356,4.5
3893,356,4.0
1498,356,2.0
4336,356,5.0
1705,356,3.0
4307,356,5.0
4586,356,4.0
1528,356,5.0
2456,356,5.0
3243,356,3.5
2662,356,4.0
2288,356,5.0
1008,356,4.5
2458,356,4.5
574,356,4.0
1397,356,4.0
2568,356,5.0
443,356,4.0
366,356,3.0
4638,356,4.0
1354,356,4.5
301,356,3.0
2979,356,4.5
2540,356,4.0
905,356,4.0
2313,356,4.0
2021,356,3.5
1154,356,4.5
1167,356,4.5
629,356,4.0
1700,356,3.5
2111,356,4.0
397,356,3.0
3027,356,3.5
3049,356,3.5
2742,356,4.0
3429,356,4.0
3220,356,3.0
1122,356,3.0
2813,356,3.5
651,356,3.5
2317,356,4.0
2519,356,4.0
663,356,5.0
2829,356,5.0
2756,356,4.0
3008,356,4.0
1335,356,4.0
892,356,3.5
1977,356,4.0
3703,356,4.5
2095,356,4.5
4474,356,4.5
3889,356,5.0
2730,356,4.5
2090,356,3.5
2151,356,4.0
3455,356,5.0
275,356,4.0
214,356,3.0
512,356,3.5
766,356,5.0
3707,356,5.0
351,356,2.5
546,356,4.0
2909,356,4.5
1793,356,4.0
1007,356,4.0
3577,356,5.0
2344,356,4.0
2516,356,5.0
364,356,3.5
3536,356,3.0
3488,356,5.0
3712,356,5.0
321,356,3.0
4299,356,3.5
160,356,3.5
1759,356,3.5
276,356,3.5
565,356,3.5
3185,356,4.5
3773,356,4.5
1898,356,3.5
2310,356,4.0
884,356,3.5
1691,356,4.5
1969,356,3.5
200,356,3.0
4093,356,2.0
2102,356,3.5
4617,356,3.5
1063,356,3.0
3444,356,5.0
2155,356,5.0
831,356,3.5
3618,356,5.0
31,356,2.5
267,356,4.0
4022,356,4.0
3601,356,5.0
2048,356,4.5
2139,356,3.5
2410,356,4.0
1796,356,3.5
1179,356,3.5
3079,356,3.5
120,356,5.0
4101,356,3.0
3415,356,2.0
4326,356,5.0
1597,356,2.5
2628,356,5.0
1687,356,4.5
25,356,2.5
933,356,3.5
3315,356,5.0
34,356,3.0
3242,356,5.0
1606,356,4.5
4574,356,5.0
2318,356,2.5
4109,356,4.5
511,356,5.0
278,356,4.0
2474,356,4.5
688,356,3.0
212,356,1.5
1747,356,3.5
517,356,3.0
2071,356,3.5
2395,356,5.0
985,356,4.5
2800,356,5.0
2213,356,3.0
3338,356,3.5
4385,356,4.0
525,356,4.0
2619,356,4.0
3068,356,3.5
4238,356,3.0
1575,356,3.5
58,356,3.5
640,356,3.0
1786,356,4.0
354,356,3.5
1332,356,5.0
1973,356,5.0
2669,356,4.0
1706,356,4.5
914,356,4.0
3870,356,3.0
3143,356,3.5
1544,357,5.0
893,357,3.5
2452,357,5.0
1553,357,2.0
1573,357,4.0
2930,357,3.5
2721,357,4.5
1530,357,3.0
557,357,4.0
4344,357,3.5
636,357,3.5
300,357,2.5
1380,357,2.5
76,357,3.5
4780,357,3.5
4487,357,4.5
3236,357,4.5
2950,357,3.5
810,357,3.5
3702,357,4.0
3410,357,5.0
676,357,4.0
1814,357,3.5
2486,357,4.5
1821,357,5.0
1839,357,5.0
2514,357,4.0
2020,357,3.5
1698,357,4.5
280,357,3.5
2281,357,3.5
1361,357,3.0
1362,357,3.0
4273,357,3.0
4274,357,3.0
4265,357,4.0
1110,357,4.0
2671,357,4.0
3893,357,3.5
3603,357,3.5
4012,357,5.0
2407,357,4.0
3819,357,5.0
3892,357,5.0
327,357,4.5
902,357,3.5
3452,357,4.5
4016,357,4.0
4678,357,4.0
3934,357,3.5
4307,357,3.0
2971,357,3.5
2517,357,4.0
4586,357,4.5
4082,357,5.0
1528,357,3.5
1850,357,5.0
2173,357,4.5
3181,357,3.5
2331,357,5.0
1665,357,5.0
2456,357,5.0
3243,357,4.0
2662,357,4.5
2288,357,4.0
4056,357,3.0
358,357,4.0
1008,357,3.5
2458,357,4.5
1616,357,4.5
3680,357,2.5
2739,357,3.0
3448,357,4.0
2812,357,4.0
903,357,4.5
2285,357,3.5
840,357,4.5
3776,357,5.0
2568,357,2.5
2327,357,3.0
366,357,3.0
2979,357,5.0
26,357,4.0
1881,357,2.0
905,357,3.5
3015,357,4.5
150,357,3.0
2021,357,4.0
3454,357,5.0
3453,357,4.0
1815,357,4.5
3311,357,2.5
1399,357,3.5
3150,357,2.5
1154,357,4.0
1167,357,4.0
1960,357,4.0
629,357,4.5
4720,357,4.0
2918,357,5.0
3241,357,3.5
1700,357,4.0
432,357,4.0
3883,357,5.0
2533,357,4.5
2111,357,4.0
3061,357,4.0
1783,357,3.0
2985,357,3.0
3049,357,4.0
3220,357,4.0
234,357,3.0
1360,357,3.0
2813,357,3.5
1612,357,3.5
2317,357,4.0
2519,357,3.5
663,357,4.5
2829,357,3.0
3178,357,3.5
344,357,5.0
4474,357,3.0
2730,357,3.0
2151,357,3.0
275,357,4.5
766,357,5.0
3463,357,4.5
1548,357,3.5
631,357,2.0
385,357,4.0
1793,357,5.0
1007,357,3.5
1999,357,4.5
1834,357,4.5
900,357,4.0
2516,357,4.0
364,357,4.0
2319,357,4.0
2630,357,4.0
3165,357,4.5
3712,357,5.0
232,357,4.0
389,357,4.5
1012,357,3.0
3597,357,4.0
276,357,4.0
445,357,4.0
565,357,3.5
3773,357,3.5
1301,357,3.5
3897,357,2.5
277,357,4.0
2256,357,4.0
704,357,2.5
884,357,4.5
1541,357,4.5
911,357,3.0
1714,357,3.5
4227,357,4.5
329,357,4.5
2875,357,1.5
3244,357,4.5
1781,357,4.0
1559,357,3.5
3491,357,3.5
1063,357,4.5
584,357,3.5
2746,357,4.0
2155,357,5.0
1581,357,4.5
2333,357,4.5
566,357,3.5
192,357,4.5
4749,357,4.0
918,357,5.0
4022,357,4.5
3639,357,4.0
3729,357,5.0
118,357,3.0
120,357,4.0
3352,357,4.0
1727,357,5.0
115,357,4.5
3315,357,3.0
567,357,3.5
3242,357,4.0
1606,357,4.0
278,357,3.5
298,357,4.0
422,357,4.0
212,357,3.5
1747,357,4.0
114,357,4.5
1021,357,4.0
117,357,4.0
3338,357,4.5
1444,357,4.5
1563,357,3.0
4173,357,3.5
723,357,4.0
67,357,3.5
3343,357,3.5
9,357,4.5
1568,357,4.0
1,357,4.0
440,357,4.0
43,357,4.0
97,357,4.0
3267,357,4.0
2351,357,4.0
926,357,4.5
427,357,4.5
26,358,5.0
1971,358,1.0
1783,358,4.0
2742,358,4.0
2983,358,3.0
876,358,4.0
2746,358,3.5
1978,358,4.0
516,358,4.0
2155,358,4.0
249,358,2.0
793,358,4.0
1277,358,4.0
1593,358,5.0
4385,358,4.0
1575,358,1.0
58,358,4.0
1164,358,4.0
3343,358,4.5
9,358,3.5
2733,358,2.0
926,358,4.0
1544,359,4.0
1573,359,2.5
636,359,3.5
1893,359,3.5
3236,359,4.0
676,359,4.0
1821,359,4.5
1728,359,1.5
2020,359,4.0
280,359,3.0
2281,359,4.0
426,359,3.5
384,359,3.0
3934,359,4.0
2971,359,4.0
2517,359,3.0
2331,359,5.0
2456,359,5.0
2288,359,3.0
840,359,3.0
2979,359,4.5
26,359,4.5
1815,359,4.0
1167,359,2.5
486,359,3.5
1783,359,3.0
639,359,3.5
3206,359,3.5
3905,359,3.0
71,359,3.0
2519,359,4.0
3342,359,3.5
1133,359,3.0
2090,359,3.0
214,359,2.5
1007,359,4.0
900,359,5.0
329,359,4.5
2136,359,3.5
592,359,1.0
2181,359,2.5
2285,360,4.0
241,360,2.0
1039,360,3.0
377,360,2.0
366,360,4.0
456,360,2.0
388,360,5.0
1377,360,5.0
1755,360,5.0
4638,360,2.0
1421,360,5.0
26,360,4.0
2540,360,5.0
696,361,3.5
2184,361,2.0
1994,361,3.5
636,361,3.0
810,361,3.5
1545,361,3.0
953,361,3.5
1814,361,3.0
1821,361,2.5
280,361,3.5
2406,361,3.0
839,361,3.0
3162,361,3.0
574,361,3.5
2818,361,2.0
903,361,3.5
1039,361,3.5
447,361,3.5
380,361,1.0
26,361,2.0
2021,361,3.5
1364,361,3.5
1058,361,2.0
3049,361,2.0
279,361,2.0
1542,361,3.5
2813,361,4.0
2519,361,2.5
1735,361,3.5
2460,361,4.0
1548,361,5.0
812,361,3.5
351,361,3.5
2513,361,3.5
1834,361,3.5
1543,361,4.0
389,361,4.5
2830,361,1.5
632,361,3.5
431,361,1.0
884,361,2.5
1969,361,4.5
424,361,3.0
200,361,3.5
146,361,4.0
566,361,3.5
267,361,3.0
805,361,3.5
292,361,4.0
1637,361,3.5
816,361,4.0
528,361,4.0
1179,361,2.0
120,361,4.0
2136,361,3.0
244,361,5.0
278,361,4.0
688,361,3.5
1747,361,4.0
2,361,4.0
893,362,4.0
2184,362,4.0
557,362,4.0
4344,362,5.0
3236,362,5.0
810,362,4.5
280,362,4.0
1361,362,4.5
1362,362,4.5
4273,362,4.5
4274,362,4.5
1303,362,1.5
2970,362,5.0
4307,362,4.5
3725,362,5.0
1528,362,5.0
1850,362,4.0
2667,362,4.5
358,362,4.5
1194,362,4.0
1377,362,4.0
802,362,5.0
4439,362,4.5
2111,362,4.0
3061,362,4.0
234,362,4.0
663,362,4.5
275,362,4.0
1853,362,4.5
900,362,4.0
160,362,4.0
498,362,4.5
2146,362,4.0
884,362,3.5
329,362,4.0
200,362,4.0
1559,362,4.5
829,362,4.5
831,362,4.5
566,362,4.0
120,362,4.5
1597,362,4.5
1687,362,4.5
1761,362,4.0
422,362,4.5
2401,362,3.0
1858,362,5.0
513,362,3.5
164,362,4.0
1816,362,4.0
572,362,4.0
97,362,4.0
3895,362,3.0
345,362,3.5
1053,362,4.0
3238,362,4.0
1040,362,4.0
646,363,3.0
3236,363,5.0
804,363,2.5
571,363,2.5
2456,363,4.0
2327,363,4.0
447,363,3.0
2979,363,5.0
905,363,3.5
150,363,2.0
1815,363,3.0
1783,363,3.0
2813,363,3.0
1544,364,5.0
646,364,5.0
835,364,5.0
426,364,3.0
384,364,4.0
287,364,4.0
571,364,5.0
3934,364,5.0
1036,364,4.0
2993,365,3.5
3447,365,0.5
810,365,4.5
2486,365,2.0
1728,365,1.0
3243,365,4.0
2662,365,2.5
3448,365,2.0
903,365,3.5
2979,365,5.0
1815,365,1.5
2111,365,3.0
2742,365,4.0
2519,365,1.0
3889,365,3.0
275,365,1.5
896,365,2.0
512,365,3.5
2983,365,1.0
812,365,3.0
385,365,5.0
1793,365,3.0
2735,365,0.5
3577,365,0.5
1584,365,2.5
900,365,1.5
2319,365,3.5
279,365,2.5
232,365,4.0
389,365,2.5
4299,365,2.5
632,365,1.0
3597,365,1.0
160,365,3.0
231,365,2.5
276,365,1.0
445,365,1.5
674,365,3.0
3897,365,0.5
277,365,2.5
884,365,5.0
911,365,4.0
329,365,2.5
3244,365,2.0
200,365,3.5
829,365,2.5
831,365,3.5
2333,365,4.5
192,365,3.0
4582,365,3.0
4749,365,2.0
31,365,3.0
1849,365,3.5
267,365,3.0
3601,365,4.0
118,365,3.5
120,365,2.0
115,365,3.0
1687,365,2.0
156,365,1.0
924,365,4.0
417,365,3.5
13,365,2.5
3242,365,2.5
2318,365,1.0
511,365,1.5
119,365,2.5
2474,365,4.0
688,365,3.5
1747,365,3.5
592,365,1.0
2395,365,3.5
392,365,3.5
117,365,3.5
3338,365,3.0
1563,365,0.5
1575,365,2.0
2826,365,2.5
69,365,3.5
640,365,3.5
1786,365,5.0
354,365,3.5
1973,365,4.0
1706,365,2.0
444,365,2.5
553,365,3.5
3143,365,2.5
159,365,2.0
67,365,3.0
9,365,2.5
1557,365,2.0
1991,365,3.5
880,365,2.0
1,365,4.0
357,365,3.0
1346,365,4.0
93,365,2.5
1191,365,3.0
1203,365,3.5
97,365,1.5
412,365,2.5
3267,365,4.5
3280,365,1.5
712,365,2.0
2733,365,0.5
1197,365,2.0
1219,365,4.5
4039,365,4.0
548,365,2.0
2282,365,3.5
1367,365,2.5
926,365,2.5
3249,365,4.0
2827,365,0.5
2831,365,0.5
1121,365,4.5
904,365,5.0
2425,365,1.5
416,365,1.5
391,365,2.0
1570,365,2.5
718,365,2.0
288,365,3.0
38,365,2.0
1795,365,2.0
1503,365,4.0
520,365,3.5
46,365,3.0
434,365,2.0
1342,365,3.0
1743,365,4.0
2865,365,1.5
1053,365,2.0
3534,365,3.5
1151,365,2.0
907,365,3.5
1288,365,1.0
1833,365,3.0
401,365,2.0
96,365,3.0
1730,365,1.5
254,365,3.0
2315,365,4.0
1073,365,4.0
1231,365,4.0
912,365,4.0
95,365,3.0
308,365,2.5
2409,365,3.5
2924,365,2.0
457,365,4.0
2525,365,3.0
1199,365,3.5
1140,365,5.0
1010,365,2.5
789,365,3.5
2723,365,3.5
653,365,2.5
1168,365,3.0
271,365,3.5
363,365,3.0
505,365,2.5
73,365,4.0
57,365,2.5
617,365,5.0
547,365,1.5
1539,365,3.5
1329,365,3.0
1328,365,3.5
917,365,2.5
2917,365,3.0
2582,365,3.5
1388,365,4.5
1685,365,4.5
371,365,4.0
1162,365,0.5
63,365,2.5
2170,365,1.5
557,366,4.0
280,366,4.0
1705,366,4.0
4307,366,5.0
629,366,4.0
663,366,4.5
275,366,4.5
3707,366,4.0
674,366,2.0
94,366,3.5
200,366,4.0
829,366,4.0
1063,366,3.5
831,366,4.0
192,366,4.5
1179,366,3.0
120,366,4.0
933,366,3.5
69,366,3.5
572,366,4.5
97,366,4.0
96,366,5.0
89,366,3.5
2525,366,4.5
128,366,2.0
1544,367,5.0
1573,367,3.0
2721,367,4.0
636,367,4.0
810,367,5.0
3702,367,2.0
1814,367,5.0
1821,367,3.0
2020,367,4.0
4012,367,5.0
3990,367,4.0
4336,367,5.0
4288,367,4.0
3892,367,5.0
3452,367,5.0
2971,367,5.0
4586,367,3.0
4082,367,5.0
2173,367,4.0
2456,367,5.0
3243,367,4.0
2662,367,4.0
2288,367,4.0
3993,367,2.0
4056,367,2.0
358,367,4.0
3451,367,5.0
2458,367,3.0
2812,367,4.0
1039,367,3.0
2327,367,1.0
1033,367,4.0
2979,367,5.0
905,367,4.0
4340,367,5.0
3150,367,3.0
4448,367,5.0
486,367,3.0
1783,367,4.0
468,367,4.0
279,367,3.0
1122,367,5.0
2317,367,5.0
3178,367,3.0
344,367,5.0
269,367,5.0
1055,367,4.0
3348,367,4.0
3174,367,1.0
2095,367,3.0
2747,367,1.0
1225,367,3.0
2481,367,1.0
4474,367,3.0
2607,367,4.0
2090,367,5.0
1538,367,5.0
1972,367,4.0
1115,367,3.0
1688,367,2.0
2552,367,4.0
2353,367,4.0
195,367,4.0
2193,367,4.0
2352,367,3.0
214,367,4.0
834,367,4.0
1483,367,4.0
2478,367,3.0
540,367,3.0
1123,367,5.0
512,367,5.0
347,367,5.0
1217,367,1.0
1062,367,4.0
2983,367,4.0
1548,367,5.0
812,367,3.0
1228,367,4.0
351,367,3.0
546,367,4.0
1114,367,5.0
385,367,3.0
1045,367,5.0
1092,367,2.0
1976,367,3.0
1572,367,3.0
1243,367,4.0
3048,367,2.0
2472,367,2.0
561,367,4.0
900,367,5.0
876,367,4.0
111,367,4.0
2319,367,5.0
2995,367,4.0
2926,367,3.0
2603,367,2.0
335,367,4.0
1034,367,2.0
696,368,3.0
893,368,4.0
1540,368,3.0
2141,368,3.0
2184,368,3.0
2643,368,3.0
646,368,2.0
557,368,4.0
4344,368,3.0
995,368,2.0
1729,368,3.0
921,368,2.0
824,368,4.0
3353,368,3.0
356,368,2.0
536,368,2.0
1283,368,2.0
76,368,3.0
827,368,3.0
1567,368,4.0
930,368,4.0
3236,368,5.0
678,368,4.0
810,368,4.0
1545,368,3.0
283,368,3.0
645,368,3.0
676,368,4.0
4236,368,4.0
404,368,2.0
835,368,3.0
3077,368,3.0
1821,368,5.0
2793,368,3.0
2020,368,3.0
280,368,3.0
1361,368,3.0
1362,368,3.0
4273,368,3.0
4274,368,3.0
1038,368,3.0
426,368,3.0
804,368,3.0
384,368,3.0
966,368,2.0
287,368,3.0
479,368,2.0
1639,368,2.0
571,368,3.0
978,368,2.0
3706,368,3.0
3819,368,4.0
2970,368,3.0
1705,368,4.0
1107,368,3.0
4307,368,4.0
3449,368,5.0
707,368,2.0
2517,368,4.0
3464,368,3.0
3725,368,5.0
2406,368,5.0
1528,368,5.0
1850,368,4.0
839,368,4.0
3162,368,4.0
2173,368,3.0
1665,368,4.0
3243,368,4.0
2832,368,3.0
2493,368,3.0
1008,368,2.0
3451,368,3.0
1372,368,3.0
3680,368,4.0
574,368,3.0
1370,368,3.0
2818,368,3.0
2320,368,3.0
429,368,2.0
2739,368,3.0
2812,368,5.0
2097,368,2.0
474,368,2.0
2285,368,3.0
241,368,3.0
945,368,3.0
1397,368,3.0
1061,368,1.0
2568,368,3.0
377,368,2.0
1344,368,3.0
447,368,3.0
260,368,1.0
443,368,3.0
380,368,2.0
2546,368,2.0
771,368,2.0
456,368,3.0
388,368,3.0
1377,368,4.0
802,368,3.0
1354,368,3.0
2575,368,3.0
2821,368,3.0
301,368,2.0
741,368,2.0
1421,368,2.0
246,368,3.0
2825,368,3.0
550,368,2.0
462,368,1.0
763,368,2.0
433,368,3.0
150,368,3.0
165,368,1.0
4207,368,3.0
4340,368,4.0
3531,368,4.0
4231,368,4.0
1399,368,3.0
3150,368,1.0
1364,368,1.0
629,368,5.0
1700,368,2.0
549,368,2.0
564,368,3.0
1058,368,3.0
2842,368,4.0
841,368,3.0
2111,368,3.0
2923,368,3.0
542,368,3.0
397,368,3.0
25,368,4.0
25,368,2.0
2393,368,2.0
3052,368,3.0
1108,368,3.0
795,368,2.0
2438,368,3.0
920,368,3.0
1222,368,3.0
3354,368,2.0
279,368,3.0
3905,368,2.0
4182,368,2.0
4199,368,2.0
4018,368,3.0
3429,368,3.0
626,368,3.0
1026,368,2.0
814,368,3.0
871,368,2.0
1537,368,3.0
3831,368,4.0
2519,368,4.0
1153,368,2.0
1014,368,3.0
208,368,3.0
3890,368,3.0
4077,368,3.0
4346,368,3.0
225,368,3.0
1133,368,3.0
3347,368,3.0
3166,368,3.0
3595,368,2.0
1880,368,4.0
1610,368,3.0
297,368,2.0
1335,368,4.0
713,368,3.0
1051,368,3.0
2747,368,2.0
3177,368,4.0
1348,368,3.0
374,368,3.0
239,368,2.0
656,368,3.0
1840,368,3.0
3622,368,2.0
2330,368,3.0
681,368,3.0
275,368,3.0
214,368,2.0
3255,368,2.0
1534,368,2.0
1789,368,3.0
1415,368,1.0
4677,368,3.0
2999,368,2.0
3356,368,1.0
3898,368,2.0
1637,368,3.0
1921,368,2.0
3733,368,4.0
4348,368,3.0
3340,368,3.0
2451,368,3.0
2674,368,2.0
3775,368,3.0
1553,369,4.0
636,369,3.0
356,369,3.5
1545,369,2.0
1814,369,3.0
1728,369,2.5
2341,369,3.0
3893,369,4.0
1886,369,3.5
4079,369,3.5
4307,369,2.5
2517,369,2.5
4586,369,3.5
1528,369,3.0
2331,369,2.5
1036,369,3.5
1370,369,3.0
1753,369,4.0
1586,369,3.0
3283,369,3.5
1397,369,3.5
2568,369,4.5
366,369,3.0
2982,369,3.0
26,369,1.5
2313,369,5.0
2021,369,3.5
1154,369,3.0
1081,369,3.0
549,369,3.0
2533,369,3.5
2842,369,3.0
1561,369,3.0
234,369,2.5
2813,369,3.5
208,369,3.0
4077,369,3.5
663,369,4.5
2018,369,4.0
892,369,4.0
3261,369,4.5
1534,369,3.0
896,369,3.5
3707,369,3.0
2909,369,4.0
1007,369,3.5
3577,369,4.5
1853,369,3.0
309,369,3.5
3712,369,4.0
3033,369,3.0
2310,369,4.0
829,369,3.5
2155,369,4.0
1849,369,4.0
2048,369,3.5
118,369,4.0
941,369,3.0
933,369,3.5
3579,369,3.5
2318,369,4.0
1747,369,4.0
2395,369,4.0
4031,369,4.0
58,369,3.5
2721,370,3.5
4780,370,4.5
3236,370,5.0
283,370,4.0
1728,370,3.5
280,370,4.0
1361,370,4.0
1362,370,4.0
4273,370,4.0
4274,370,4.0
3893,370,4.5
4307,370,2.5
4586,370,2.5
3243,370,3.5
1008,370,4.0
2568,370,3.5
4638,370,4.5
2575,370,3.5
301,370,3.5
26,370,3.5
1765,370,2.0
2915,370,3.5
1700,370,4.0
3061,370,4.0
1783,370,3.5
3049,370,4.0
2742,370,3.5
234,370,1.5
2519,370,3.5
663,370,4.5
2756,370,4.0
2151,370,4.0
351,370,3.5
2909,370,4.0
1835,370,3.0
3577,370,3.5
1853,370,2.5
900,370,4.0
3712,370,4.0
231,370,1.0
884,370,3.5
329,370,3.5
200,370,4.0
829,370,4.0
2155,370,4.0
831,370,3.5
4749,370,3.5
31,370,4.0
1179,370,4.0
120,370,3.0
1137,370,3.5
2628,370,4.0
1727,370,3.0
933,370,4.0
3315,370,4.0
813,371,4.5
1361,371,4.0
1362,371,4.0
4273,371,4.0
4274,371,4.0
2970,371,5.0
2608,371,5.0
3300,371,5.0
429,371,3.5
301,371,4.0
1765,371,5.0
2313,371,4.5
471,371,5.0
3027,371,5.0
871,371,3.5
512,371,4.0
3577,371,4.5
2472,371,4.0
3744,371,5.0
2155,371,5.0
4385,371,5.0
190,371,5.0
1544,372,3.0
696,372,3.0
1093,372,4.0
893,372,4.0
1540,372,3.0
3749,372,4.0
1573,372,4.0
2930,372,3.0
2721,372,3.0
3156,372,4.0
813,372,2.0
1530,372,3.0
2184,372,3.0
993,372,2.0
2643,372,2.0
557,372,4.0
4344,372,3.0
636,372,3.0
824,372,4.0
3353,372,3.0
356,372,4.0
4780,372,4.0
2371,372,2.0
1255,372,3.0
2535,372,3.0
3236,372,4.0
2950,372,2.0
810,372,3.0
3702,372,4.0
1545,372,5.0
283,372,5.0
3254,372,4.0
2486,372,3.0
1821,372,5.0
1728,372,4.0
1839,372,4.0
2793,372,4.0
1698,372,4.0
280,372,4.0
2281,372,3.0
1361,372,3.0
1362,372,3.0
4273,372,3.0
4274,372,3.0
1038,372,2.0
1087,372,2.0
384,372,4.0
3893,372,3.0
3603,372,2.0
3514,372,4.0
3819,372,3.0
2970,372,2.0
4227,372,4.0
3892,372,4.0
3572,372,3.0
327,372,3.0
1705,372,5.0
4016,372,2.0
1101,372,2.0
2220,372,3.0
4678,372,4.0
1107,372,3.0
3934,372,3.0
4307,372,5.0
3449,372,4.0
2795,372,3.0
2971,372,4.0
3464,372,2.0
4586,372,3.0
2608,372,3.0
2406,372,5.0
4609,372,4.0
2553,372,5.0
1528,372,5.0
1850,372,5.0
839,372,5.0
3162,372,5.0
2948,372,5.0
2173,372,3.0
3181,372,4.0
1666,372,3.0
1665,372,5.0
2456,372,3.0
3243,372,4.0
2662,372,4.0
2288,372,5.0
3300,372,1.0
2493,372,3.0
3993,372,2.0
3556,372,2.0
1008,372,5.0
2458,372,4.0
1372,372,4.0
3648,372,2.0
1036,372,4.0
3533,372,5.0
3680,372,3.0
574,372,5.0
2818,372,3.0
2739,372,4.0
2812,372,5.0
2065,372,4.0
903,372,3.0
1351,372,4.0
2285,372,3.0
2376,372,5.0
840,372,2.0
241,372,3.0
3079,372,1.0
377,372,2.0
366,372,4.0
946,372,3.0
2546,372,4.0
771,372,2.0
456,372,3.0
388,372,3.0
1544,373,3.0
893,373,4.0
1553,373,1.0
1540,373,1.0
2141,373,3.0
3749,373,5.0
1573,373,4.0
2103,373,1.0
646,373,2.0
557,373,4.0
4344,373,5.0
636,373,2.0
300,373,3.0
821,373,3.0
921,373,1.0
3353,373,1.0
536,373,2.0
1380,373,2.0
76,373,2.0
1893,373,3.0
827,373,2.0
2371,373,4.0
1567,373,4.0
930,373,3.0
3236,373,5.0
2950,373,5.0
1628,373,3.0
2819,373,3.0
810,373,4.0
3702,373,3.0
1545,373,2.0
645,373,3.0
676,373,4.0
1814,373,2.0
2486,373,5.0
1821,373,5.0
2514,373,3.0
2020,373,3.0
280,373,3.0
2281,373,4.0
1361,373,3.0
1362,373,3.0
4273,373,3.0
4274,373,3.0
4265,373,5.0
1110,373,5.0
426,373,4.0
384,373,3.0
557,374,5.0
636,374,3.0
300,374,4.0
824,374,4.0
356,374,3.0
76,374,3.0
3236,374,5.0
1305,374,3.0
2819,374,4.0
678,374,3.0
810,374,4.0
283,374,5.0
645,374,3.0
676,374,4.0
1698,374,3.0
2281,374,3.0
1361,374,3.0
1362,374,3.0
4273,374,3.0
4274,374,3.0
2948,374,5.0
2173,374,3.0
1616,374,4.0
1036,374,5.0
2819,375,4.0
810,375,4.5
1814,375,3.0
2671,375,3.0
327,375,3.0
902,375,5.0
2376,375,5.0
241,375,2.0
946,375,3.5
550,375,3.5
2148,375,4.0
150,375,0.5
2021,375,4.5
1364,375,4.0
906,375,4.5
1026,375,3.0
234,375,1.5
1227,375,4.0
1051,375,5.0
275,375,5.0
3577,375,5.0
2318,375,5.0
696,376,4.5
1553,376,2.0
646,376,3.5
557,376,3.5
636,376,5.0
824,376,5.0
356,376,3.5
930,376,4.5
2819,376,2.0
678,376,4.0
810,376,3.5
283,376,3.5
676,376,4.0
1821,376,4.5
1728,376,5.0
2514,376,2.0
2020,376,4.0
280,376,5.0
2281,376,3.5
426,376,5.0
4179,376,4.0
978,376,3.5
4336,376,4.0
2971,376,3.5
2517,376,4.0
2608,376,3.5
2406,376,3.5
839,376,5.0
3162,376,5.0
2948,376,3.5
2662,376,4.0
2288,376,4.5
1008,376,4.0
2458,376,4.0
1036,376,4.0
1370,376,3.5
1753,376,3.5
2320,376,3.5
2812,376,4.0
2327,376,2.0
366,376,4.5
26,376,3.5
1364,376,3.5
1154,376,5.0
1167,376,5.0
1700,376,4.5
841,376,4.5
3206,376,3.5
234,376,4.5
1360,376,2.0
568,376,2.5
2317,376,4.0
208,376,4.0
1051,376,4.5
2330,376,4.0
351,376,4.0
3577,376,5.0
900,376,4.0
321,376,5.0
231,376,4.5
276,376,5.0
884,376,4.5
2746,376,4.0
2155,376,2.5
715,376,3.5
120,376,4.0
1296,376,4.0
278,376,5.0
1818,376,5.0
58,376,4.5
97,376,4.0
30,376,4.5
1104,376,5.0
634,376,5.0
885,376,5.0
1553,377,2.0
1573,377,4.0
636,377,5.0
2819,377,3.0
978,377,4.5
2970,377,5.0
3572,377,4.5
33,377,4.0
2406,377,4.5
4609,377,5.0
1528,377,5.0
839,377,5.0
3162,377,5.0
2948,377,5.0
2331,377,4.0
3745,377,3.5
3300,377,5.0
1616,377,3.5
1370,377,4.5
3936,377,4.0
2327,377,4.5
873,377,4.5
3454,377,2.5
486,377,4.5
871,377,3.0
1360,377,4.0
1537,377,3.5
3831,377,5.0
2519,377,4.5
410,377,3.0
4474,377,5.0
3889,377,5.0
1637,377,4.0
652,377,0.5
364,377,3.5
2995,377,3.5
674,377,3.5
1513,377,2.5
339,377,4.5
1849,377,4.5
3822,377,2.5
688,377,3.5
811,377,0.5
3572,377,3.5
1,377,4.5
33,377,4.0
1544,378,4.5
2930,378,4.0
1821,378,4.5
3725,378,4.5
1850,378,4.0
3061,378,4.5
663,378,3.5
344,378,4.5
3707,378,3.5
2909,378,3.5
3577,378,3.5
200,378,4.0
715,378,3.5
3639,378,4.0
120,378,4.5
933,378,4.0
2669,378,3.5
866,378,4.5
159,378,4.0
67,378,4.0
1991,378,2.0
440,378,4.5
43,378,4.0
97,378,5.0
427,378,2.5
1104,378,3.5
288,378,3.0
96,378,4.5
2525,378,4.0
1553,379,2.0
1540,379,2.0
1573,379,5.0
557,379,5.0
636,379,5.0
300,379,3.0
824,379,4.0
356,379,2.0
76,379,3.0
930,379,4.0
3236,379,2.0
2819,379,2.0
678,379,4.0
810,379,5.0
1545,379,2.0
283,379,4.0
645,379,3.0
676,379,4.0
1814,379,3.0
1821,379,3.0
2020,379,3.0
280,379,4.0
2281,379,5.0
1361,379,3.0
1362,379,3.0
4273,379,3.0
4274,379,3.0
2671,379,3.0
1544,380,5.0
696,380,5.0
893,380,3.0
3772,380,4.0
1553,380,5.0
1540,380,2.0
1573,380,4.0
2103,380,4.0
813,380,3.0
2184,380,5.0
646,380,3.0
2993,380,3.0
557,380,4.0
1994,380,3.0
300,380,3.0
821,380,3.0
921,380,3.0
3353,380,5.0
356,380,5.0
737,380,3.0
76,380,3.0
4780,380,4.0
3236,380,5.0
1305,380,3.0
1628,380,3.0
2819,380,5.0
810,380,5.0
1545,380,5.0
1718,380,3.0
283,380,5.0
1407,380,2.0
645,380,3.0
676,380,5.0
404,380,5.0
1814,380,4.0
2049,380,2.0
1728,380,5.0
1136,380,3.0
2793,380,5.0
2514,380,4.0
2020,380,3.0
1698,380,5.0
280,380,5.0
1361,380,3.0
1362,380,3.0
4273,380,3.0
4274,380,3.0
4265,380,4.0
1110,380,4.0
426,380,4.0
804,380,3.0
453,380,4.0
1087,380,3.0
384,380,3.0
4179,380,5.0
287,380,3.0
851,380,2.0
978,380,3.0
4012,380,3.0
2970,380,4.0
3892,380,4.0
3743,380,5.0
2675,380,3.0
327,380,3.0
902,380,4.0
3452,380,4.0
1705,380,5.0
3934,380,4.0
4307,380,4.0
2971,380,4.0
2517,380,3.0
3464,380,4.0
4586,380,5.0
3725,380,4.0
2608,380,5.0
2406,380,5.0
4082,380,5.0
1528,380,4.0
1850,380,5.0
839,380,5.0
3162,380,5.0
2948,380,5.0
2173,380,4.0
2347,380,3.0
2662,380,5.0
2667,380,5.0
2288,380,5.0
2493,380,5.0
3993,380,5.0
4056,380,3.0
1008,380,5.0
1036,380,5.0
728,380,4.0
574,380,4.0
429,380,3.0
3448,380,3.0
2812,380,4.0
2097,380,4.0
474,380,4.0
2285,380,2.0
1039,380,4.0
1061,380,2.0
377,380,3.0
2327,380,3.0
447,380,4.0
260,380,1.0
211,380,3.0
305,380,4.0
443,380,5.0
380,380,4.0
817,380,3.0
2546,380,5.0
771,380,3.0
1377,380,5.0
1354,380,4.0
2821,380,3.0
301,380,5.0
1614,380,3.0
741,380,3.0
451,380,3.0
1964,380,2.0
26,380,2.0
246,380,5.0
2825,380,2.0
604,380,2.0
1881,380,2.5
462,380,3.0
763,380,3.0
433,380,3.0
1035,380,4.0
353,380,5.0
150,380,3.0
1193,380,4.0
4340,380,5.0
2412,380,5.0
2554,380,3.0
1399,380,4.0
1364,380,3.0
2915,380,5.0
954,380,4.0
2641,380,4.0
1154,380,4.0
1167,380,4.0
4448,380,3.0
629,380,5.0
1721,380,3.0
3241,380,3.0
1700,380,5.0
1058,380,5.0
2533,380,4.0
4646,380,2.5
841,380,3.0
705,380,4.0
2172,380,3.0
397,380,3.0
25,380,5.0
3408,380,4.0
1108,380,4.0
795,380,3.0
3206,380,5.0
753,380,3.0
3354,380,3.0
279,380,5.0
4018,380,3.0
234,380,4.0
814,380,4.0
871,380,3.5
1360,380,3.0
1542,380,2.0
71,380,4.0
1979,380,4.0
1760,380,3.0
519,380,3.0
719,380,4.0
1612,380,4.0
2492,380,4.0
3831,380,4.0
2317,380,3.0
1227,380,3.0
1504,380,3.0
2845,380,4.0
1341,380,2.0
208,380,5.0
3535,380,4.0
3890,380,5.0
4077,380,5.0
4346,380,5.0
2089,380,3.0
663,380,4.0
2829,380,4.0
225,380,5.0
1716,380,4.0
1133,380,5.0
3347,380,4.0
3166,380,3.0
2756,380,4.0
2018,380,5.0
22,380,3.0
3008,380,5.0
297,380,4.0
344,380,5.0
376,380,4.0
1055,380,5.0
1390,380,4.0
2095,380,3.0
1166,380,1.0
1998,380,4.0
4528,380,4.0
4474,380,4.0
910,380,3.0
3889,380,5.0
239,380,4.0
2072,380,1.0
1840,380,4.0
2090,380,3.0
573,380,4.0
1538,380,4.0
1981,380,3.0
2330,380,5.0
1115,380,3.0
3261,380,5.0
275,380,4.0
195,380,3.0
214,380,4.0
834,380,3.0
3255,380,4.0
1534,380,4.0
1483,380,1.0
4003,380,5.0
4731,380,3.0
1415,380,4.0
4677,380,5.0
2999,380,4.0
1921,380,5.0
1123,380,4.0
512,380,5.0
347,380,3.0
414,380,2.0
644,380,4.0
1548,380,5.0
4348,380,3.0
812,380,3.0
351,380,3.0
472,380,2.5
3340,380,3.0
394,380,3.0
546,380,4.0
524,380,3.0
2909,380,5.0
1835,380,3.0
631,380,3.0
385,380,4.0
1045,380,3.0
3269,380,4.0
2513,380,4.0
544,380,2.5
3577,380,5.0
1366,380,3.0
1702,380,3.0
1885,380,3.0
1853,380,3.0
900,380,5.0
876,380,3.0
475,380,4.0
469,380,3.0
359,380,5.0
333,380,4.0
556,380,1.0
364,380,3.0
702,380,3.0
1863,380,4.0
169,380,3.0
2995,380,5.0
335,380,4.0
279,380,3.0
346,380,3.0
1016,380,4.0
1738,380,3.0
2994,380,4.0
937,380,3.0
2001,380,5.0
1017,380,4.0
3712,380,4.0
232,380,5.0
1182,380,2.0
1418,380,2.0
389,380,3.0
576,380,3.0
2130,380,4.0
1828,380,3.0
265,380,4.0
321,380,4.0
2346,380,3.5
3033,380,4.0
1499,380,2.0
2641,380,5.0
409,380,4.0
602,380,3.0
1414,380,3.0
3719,380,2.5
580,380,4.0
632,380,4.0
1398,380,4.0
865,380,5.0
1797,380,3.0
1012,380,3.0
1060,380,3.0
3597,380,4.0
716,380,4.0
2699,380,3.0
160,380,4.0
939,380,3.0
1759,380,4.0
231,380,3.0
1035,380,4.0
415,380,3.0
431,380,5.0
276,380,4.0
908,380,2.0
747,380,4.0
445,380,5.0
1640,380,4.0
565,380,3.0
976,380,4.0
569,380,3.0
2833,380,4.0
603,380,3.0
2146,380,3.0
277,380,3.0
148,380,3.0
306,380,3.0
2505,380,5.0
2256,380,5.0
756,380,3.0
704,380,3.0
3320,380,4.0
884,380,4.0
1541,380,4.0
722,380,1.0
1792,380,3.0
934,380,3.0
1871,380,4.0
3524,380,4.0
2233,380,4.0
633,380,3.0
975,380,4.0
2928,380,3.5
895,380,2.5
2106,380,4.0
1714,380,5.0
700,380,2.0
424,380,4.0
329,380,4.0
3244,380,3.0
220,380,3.0
166,380,3.0
94,380,4.0
200,380,5.0
1079,380,4.0
370,380,2.0
1781,380,2.0
1826,380,4.0
3034,380,5.0
3000,380,5.0
1869,380,3.0
4219,380,4.0
1704,380,3.0
3744,380,5.0
2390,380,3.5
2032,380,4.0
4375,380,4.0
2102,380,3.5
1559,380,4.0
829,380,4.0
1044,380,2.0
1497,380,3.0
1063,380,4.0
482,380,4.0
172,380,5.0
1212,380,3.0
2326,380,4.0
2820,380,3.0
584,380,4.0
1159,380,3.0
733,380,4.0
2746,380,4.0
516,380,3.0
1205,380,3.0
1824,380,3.0
729,380,5.0
809,380,4.0
1710,380,5.0
831,380,3.0
1581,380,3.0
725,380,4.0
146,380,3.0
3147,380,4.0
1746,380,4.0
1345,380,3.0
566,380,4.0
192,380,3.0
264,380,3.0
1551,380,3.0
31,380,5.0
1849,380,3.5
267,380,5.0
304,380,1.0
715,380,5.0
578,380,3.0
518,380,2.0
1078,380,4.0
957,380,4.0
608,380,4.0
1438,380,3.0
3601,380,5.0
2139,380,5.0
3639,380,4.0
4298,380,4.0
958,380,3.0
292,380,4.0
248,380,2.0
655,380,3.0
3946,380,5.0
4521,380,4.0
3435,380,4.0
1560,380,5.0
118,380,2.0
689,380,3.0
2987,380,4.0
669,380,2.0
1848,380,2.0
2120,380,2.5
310,380,1.0
1433,380,3.0
528,380,3.0
539,380,3.0
442,380,3.0
1179,380,4.0
168,380,3.0
268,380,4.0
1410,380,3.0
230,380,4.0
510,380,3.0
249,380,2.0
120,380,5.0
2311,380,5.0
186,380,3.0
780,380,3.0
243,380,4.0
163,380,2.0
1296,380,5.0
1576,380,4.0
1791,380,3.0
1516,380,3.0
793,380,3.0
1137,380,5.0
596,380,4.0
994,380,3.0
826,380,3.0
2628,380,5.0
3559,380,4.0
558,380,4.0
2033,380,3.0
115,380,5.0
25,380,3.0
708,380,2.0
1112,380,2.0
1852,380,3.0
1842,380,3.0
944,380,3.0
1636,380,1.0
1084,380,4.0
933,380,4.0
1761,380,4.0
1165,380,2.0
948,380,5.0
140,380,5.0
430,380,4.0
34,380,4.0
567,380,2.0
1501,380,2.0
13,380,5.0
11,380,3.0
534,380,4.0
1487,380,3.0
244,380,3.0
2856,380,4.0
1201,380,4.0
2981,380,3.0
143,380,5.0
278,380,5.0
293,380,3.0
1963,380,5.0
1844,380,3.0
2415,380,2.0
218,380,3.0
2474,380,5.0
688,380,4.0
881,380,4.0
1874,380,4.0
6,380,3.0
4047,380,4.0
2564,380,4.0
107,380,2.0
2,380,3.0
262,380,2.0
112,380,3.0
114,380,5.0
592,380,5.0
1021,380,5.0
1072,380,3.0
1607,380,2.0
1832,380,4.0
2445,380,3.0
392,380,4.0
2401,380,4.0
117,380,4.0
3528,380,5.0
4072,380,5.0
1829,380,4.0
421,380,4.0
2619,380,5.0
420,380,3.5
69,380,5.0
1818,380,5.0
54,380,4.0
58,380,5.0
116,380,2.0
438,380,4.0
1046,380,3.0
164,380,3.0
659,380,3.0
1401,380,2.0
12,380,4.0
1453,380,4.0
1393,380,4.0
572,380,3.0
3628,380,5.0
123,380,4.0
159,380,4.0
44,380,3.0
67,380,5.0
9,380,4.0
2123,380,2.0
1557,380,5.0
2210,380,3.0
2554,380,1.0
477,380,3.0
1991,380,3.0
964,380,4.0
1,380,3.0
357,380,3.0
3528,380,3.0
4072,380,3.0
3336,380,4.0
1520,380,3.0
207,380,3.0
1723,380,4.0
80,380,4.0
22,380,2.0
4168,380,4.0
51,380,4.0
1037,380,2.0
43,380,5.0
1203,380,4.0
97,380,5.0
189,380,2.0
412,380,4.0
2806,380,3.0
800,380,2.5
712,380,4.5
2733,380,4.0
40,380,3.0
1989,380,5.0
1197,380,4.0
1002,380,4.0
179,380,5.0
3948,380,3.0
1221,380,2.0
130,380,5.0
769,380,3.0
18,380,5.0
102,380,5.0
42,380,2.0
2561,380,5.0
170,380,5.0
336,380,5.0
427,380,3.0
206,380,2.0
154,380,3.0
598,380,4.0
806,380,2.0
2201,380,5.0
1491,380,3.0
221,380,4.0
599,380,3.0
904,380,4.0
208,380,3.0
30,380,2.0
1571,380,3.0
416,380,5.0
1043,380,3.0
2725,380,5.0
2183,380,3.0
90,380,5.0
885,380,4.0
718,380,4.0
288,380,4.0
3860,380,5.0
938,380,3.0
2433,380,3.0
1795,380,5.0
32,380,5.0
48,380,4.0
3690,380,4.0
15,380,3.0
52,380,4.0
46,380,3.0
223,380,3.0
1743,380,4.0
1321,380,3.5
1334,380,5.0
610,380,4.0
1616,380,3.0
127,380,4.0
184,380,3.0
401,380,3.0
225,380,3.0
86,380,5.0
39,380,2.0
1155,380,3.0
47,380,5.0
75,380,5.0
135,380,4.0
83,380,5.0
95,380,5.0
305,380,2.0
239,380,3.0
670,380,3.0
89,380,5.0
29,380,3.0
20,380,3.0
1022,380,2.0
109,380,3.0
128,380,4.0
8,380,5.0
183,380,5.0
789,380,5.0
27,380,5.0
65,380,3.0
250,380,3.0
45,380,3.0
78,380,5.0
73,380,3.0
57,380,4.0
3,380,4.0
10,380,2.0
3046,380,3.5
4298,380,4.0
219,380,3.0
2170,380,3.0
98,380,4.0
1544,381,3.5
1553,381,2.5
1573,381,3.5
813,381,3.0
1530,381,4.5
2993,381,3.5
636,381,3.5
76,381,1.5
930,381,3.0
2819,381,3.0
810,381,4.0
1545,381,4.0
1718,381,3.5
283,381,3.5
676,381,4.0
3254,381,4.0
1814,381,4.0
2514,381,1.0
2020,381,4.0
1698,381,4.0
280,381,2.5
4265,381,2.0
1110,381,3.5
2671,381,4.0
426,381,3.0
804,381,3.0
453,381,3.0
1087,381,3.5
384,381,3.5
3452,381,4.5
1705,381,2.0
3934,381,4.0
2971,381,4.0
3464,381,3.0
4586,381,4.0
4082,381,3.0
1528,381,2.0
2456,381,4.0
3243,381,3.5
2662,381,3.5
2288,381,4.0
4056,381,4.0
1008,381,3.5
2458,381,3.5
3448,381,4.0
1039,381,3.5
2568,381,4.0
2327,381,3.0
447,381,2.5
366,381,3.5
1354,381,4.0
2979,381,4.5
26,381,3.5
246,381,3.5
2148,381,3.5
433,381,2.5
353,381,4.0
150,381,3.0
3454,381,3.0
1815,381,4.5
2915,381,3.0
1154,381,3.0
1167,381,3.5
4448,381,2.5
1721,381,4.0
3241,381,3.5
1700,381,3.5
1787,381,4.5
2533,381,4.0
2111,381,5.0
705,381,3.0
3061,381,4.0
397,381,4.5
906,381,4.0
3206,381,3.5
2672,381,4.0
3049,381,4.5
234,381,3.5
1122,381,4.0
1360,381,3.0
1542,381,4.0
71,381,2.0
2813,381,3.0
2317,381,4.0
1504,381,1.5
2089,381,2.0
663,381,5.0
2829,381,2.0
3008,381,4.0
344,381,3.5
269,381,2.5
1055,381,2.5
2095,381,3.5
1051,381,4.0
573,381,4.0
3455,381,2.0
214,381,3.5
834,381,4.0
540,381,4.0
1123,381,3.5
512,381,4.0
367,381,2.0
1548,381,4.0
812,381,3.0
3707,381,5.0
1019,381,4.0
351,381,3.5
546,381,3.5
524,381,3.0
1114,381,4.0
385,381,4.0
1045,381,4.0
1793,381,4.0
3577,381,4.5
1366,381,3.5
900,381,4.0
475,381,2.0
333,381,4.0
364,381,3.0
2319,381,3.0
2995,381,3.5
279,381,2.0
1719,381,2.0
1717,381,3.0
3712,381,5.0
232,381,4.0
1182,381,3.5
389,381,4.0
1195,381,4.5
632,381,4.0
1012,381,3.5
3597,381,5.0
2515,381,3.5
160,381,3.5
1759,381,5.0
231,381,3.5
431,381,4.5
276,381,3.0
908,381,2.5
565,381,4.0
569,381,3.5
498,381,2.0
3897,381,3.5
277,381,4.0
148,381,4.0
704,381,4.0
884,381,4.0
3524,381,4.5
2106,381,3.5
424,381,3.0
329,381,5.0
3734,381,4.0
220,381,3.0
94,381,2.5
200,381,3.5
370,381,3.0
1781,381,4.0
3034,381,1.0
3744,381,3.0
2032,381,3.0
2102,381,5.0
1497,381,4.0
172,381,3.5
1785,381,3.5
584,381,3.5
2455,381,4.5
733,381,2.5
1205,381,4.0
2155,381,4.0
729,381,2.5
566,381,3.5
3618,381,4.5
192,381,4.0
4749,381,3.5
3450,381,4.0
31,381,3.0
1849,381,3.0
267,381,4.0
4022,381,4.0
608,381,2.5
3601,381,3.5
2048,381,2.5
1845,381,4.0
292,381,3.5
533,381,3.5
2400,381,5.0
118,381,3.5
816,381,2.5
3079,381,4.0
230,381,3.5
510,381,3.5
249,381,3.5
120,381,3.5
186,381,3.5
1296,381,3.5
3781,381,3.5
115,381,4.0
25,381,3.5
405,381,3.5
529,381,3.0
933,381,4.5
3315,381,4.0
919,381,4.0
4443,381,4.0
140,381,3.0
430,381,4.0
34,381,3.0
567,381,4.0
417,381,1.5
13,381,3.5
1254,381,4.0
4373,381,3.5
11,381,3.5
3242,381,5.0
2136,381,3.5
534,381,4.0
1606,381,4.0
1201,381,3.0
2318,381,4.0
511,381,5.0
143,381,3.5
278,381,3.5
386,381,4.0
298,381,4.5
293,381,2.5
1844,381,3.5
119,381,3.5
1218,381,4.0
688,381,3.5
6,381,1.0
517,381,4.0
107,381,3.5
2,381,4.0
319,381,4.0
3172,381,5.0
2017,381,4.0
262,381,4.0
74,381,2.5
112,381,3.5
114,381,4.5
1082,381,5.0
592,381,3.5
137,381,3.5
1832,381,4.0
152,381,3.0
392,381,3.5
117,381,4.0
3338,381,5.0
2669,381,4.5
2138,381,3.0
723,381,5.0
123,381,4.0
159,381,3.5
129,381,4.0
44,381,3.5
67,381,4.5
749,381,2.5
281,381,1.0
9,381,5.0
1557,381,3.5
1170,381,4.0
1620,381,5.0
294,381,3.0
1568,381,3.0
1259,381,5.0
1318,381,4.0
750,381,4.0
1,381,4.5
357,381,4.0
2160,381,3.5
51,381,3.0
1645,381,3.0
43,381,4.0
1544,382,4.5
636,382,4.0
76,382,3.5
4023,382,4.0
3236,382,5.0
810,382,4.5
3702,382,4.5
585,382,3.5
1821,382,5.0
1698,382,5.0
2341,382,2.0
4179,382,5.0
966,382,3.0
3990,382,4.0
4336,382,5.0
1316,382,3.5
2553,382,5.0
839,382,5.0
3162,382,5.0
2173,382,5.0
3745,382,5.0
2662,382,5.0
2458,382,4.5
2097,382,3.5
2327,382,3.5
1033,382,3.5
380,382,3.5
1354,382,4.5
1614,382,1.0
451,382,3.5
26,382,5.0
246,382,3.5
353,382,4.5
150,382,3.5
629,382,4.5
2679,382,3.5
705,382,4.5
397,382,3.5
639,382,3.5
1417,382,3.5
753,382,2.5
234,382,3.5
2436,382,2.0
1122,382,3.5
519,382,1.0
1153,382,3.5
3890,382,4.5
4077,382,5.0
663,382,5.0
1133,382,4.0
3347,382,3.5
3166,382,3.5
1534,382,3.5
367,382,3.5
394,382,2.0
631,382,3.5
2513,382,4.0
3577,382,5.0
876,382,5.0
111,382,3.5
2319,382,3.5
335,382,3.5
346,382,3.5
605,382,3.5
1182,382,3.5
2346,382,2.5
602,382,1.0
632,382,4.5
2699,382,1.0
231,382,4.0
674,382,3.0
1301,382,3.5
277,382,4.0
704,382,3.5
3524,382,3.5
1836,382,2.0
1781,382,3.5
2690,382,1.0
439,382,3.5
499,382,3.5
339,382,3.5
1581,382,3.5
146,382,4.0
3147,382,3.5
1746,382,3.5
1345,382,3.0
192,382,4.5
3115,382,0.5
1849,382,3.5
526,382,3.5
805,382,3.5
292,382,3.5
816,382,3.5
746,382,1.0
768,382,2.5
230,382,4.5
510,382,3.0
381,382,4.0
186,382,4.5
243,382,3.0
1516,382,3.5
3352,382,4.5
3351,382,4.5
693,382,3.5
115,382,4.5
156,382,3.0
680,382,1.0
555,382,4.5
2781,382,3.5
432,382,3.5
1673,382,3.0
2159,382,2.5
1394,382,1.0
114,382,5.0
2181,382,5.0
137,382,3.0
392,382,4.5
811,382,2.0
1563,382,3.0
420,382,3.5
69,382,4.5
58,382,5.0
640,382,1.5
354,382,5.0
659,382,3.5
2197,382,1.0
2669,382,4.5
12,382,3.5
2098,382,3.5
782,382,3.5
572,382,5.0
129,382,3.5
67,382,4.5
9,382,4.5
477,382,3.5
1392,382,0.5
398,382,3.5
357,382,4.5
579,382,1.0
820,382,3.5
80,382,4.0
43,382,5.0
97,382,5.0
228,382,4.0
642,382,3.5
7,382,4.5
459,382,1.0
548,382,3.0
53,382,3.5
188,382,3.5
206,382,4.5
436,382,1.0
56,382,4.0
288,382,4.5
2542,382,3.5
581,382,3.5
32,382,4.0
15,382,4.0
369,382,3.0
819,382,5.0
125,382,3.5
145,382,3.5
86,382,4.0
190,382,3.5
39,382,3.5
1155,382,3.5
82,382,4.0
3422,382,3.5
590,382,3.5
158,382,3.5
29,382,4.0
20,382,4.5
128,382,5.0
183,382,3.5
243,382,2.0
27,382,4.0
45,382,3.5
363,382,2.0
505,382,3.5
487,382,3.5
79,382,4.0
1739,382,3.5
999,382,2.5
740,382,3.5
149,382,3.0
63,382,3.5
636,383,4.0
2456,383,5.0
2027,383,5.0
366,383,4.0
1399,383,3.0
1783,383,5.0
2694,383,5.0
1250,383,3.0
2461,383,3.0
1417,383,4.0
1561,383,2.0
2931,383,3.0
651,383,1.0
1153,383,4.0
671,383,3.0
2637,383,4.0
1775,383,4.0
4780,384,4.0
3236,384,5.0
2819,384,4.0
676,384,4.0
2020,384,3.0
2970,384,3.0
3743,384,3.0
1705,384,4.0
4016,384,2.0
3449,384,4.0
2553,384,5.0
2097,384,1.0
1532,384,4.0
2741,384,3.0
3049,384,4.0
626,384,3.0
1360,384,4.0
1537,384,2.0
71,384,1.0
2813,384,4.0
651,384,1.0
568,384,3.0
4085,384,2.0
663,384,4.0
2090,384,5.0
2330,384,2.0
3606,384,5.0
896,384,3.0
394,384,2.0
546,384,4.0
2909,384,5.0
1007,384,4.0
2516,384,3.0
1544,385,4.0
696,385,3.0
1093,385,3.0
893,385,3.0
1540,385,5.0
3749,385,3.0
2169,385,3.0
1530,385,3.0
646,385,3.0
636,385,5.0
300,385,3.0
1380,385,3.0
4023,385,3.0
1893,385,4.0
4228,385,4.0
2371,385,2.0
4487,385,5.0
3635,385,3.0
1567,385,2.0
3236,385,4.0
2950,385,5.0
2819,385,3.0
678,385,3.0
810,385,4.0
283,385,3.0
677,385,2.0
645,385,1.0
676,385,4.0
404,385,3.0
3254,385,4.0
1814,385,3.0
2049,385,1.0
2035,385,3.0
1728,385,5.0
1839,385,4.0
2020,385,2.0
1698,385,4.0
280,385,5.0
2281,385,3.0
1361,385,3.0
1362,385,3.0
4273,385,3.0
4274,385,3.0
4265,385,3.0
1110,385,3.0
3154,385,3.0
453,385,3.0
384,385,4.0
4179,385,5.0
287,385,3.0
2970,385,4.0
3572,385,3.0
327,385,3.0
3452,385,3.0
33,385,3.0
1705,385,3.0
3934,385,4.0
2971,385,3.0
2517,385,3.0
4586,385,4.0
2608,385,5.0
2406,385,4.0
2553,385,5.0
1528,385,4.0
1850,385,5.0
2173,385,4.0
2331,385,3.0
2347,385,4.0
2456,385,4.0
2662,385,5.0
2288,385,4.0
2832,385,5.0
3993,385,3.0
4056,385,4.0
4486,385,4.0
358,385,4.0
1008,385,5.0
2027,385,4.0
3451,385,4.0
2458,385,3.0
1036,385,4.0
574,385,3.0
1370,385,3.0
429,385,3.0
3448,385,3.0
2812,385,3.0
2327,385,3.0
696,386,3.0
893,386,4.0
616,386,2.0
1540,386,4.0
2141,386,3.0
3749,386,2.0
1573,386,4.0
2721,386,3.0
2103,386,2.0
2169,386,3.0
557,386,3.0
300,386,2.0
921,386,3.0
824,386,3.0
3353,386,4.0
356,386,2.0
1380,386,2.0
737,386,1.0
76,386,2.0
4780,386,3.0
930,386,1.0
3236,386,5.0
1305,386,3.0
678,386,2.0
1545,386,3.0
283,386,3.0
677,386,4.0
645,386,2.0
2545,386,3.0
676,386,2.0
404,386,2.0
835,386,2.0
2765,386,4.0
2514,386,3.0
280,386,3.0
2281,386,2.0
1361,386,1.0
1362,386,1.0
4273,386,1.0
4274,386,1.0
3154,386,3.0
426,386,3.0
287,386,3.0
696,387,3.5
2721,387,2.5
2103,387,1.0
2169,387,2.5
2184,387,3.5
993,387,1.5
2993,387,2.0
557,387,3.5
4344,387,4.5
1125,387,2.5
3360,387,2.5
300,387,3.0
3353,387,4.0
1283,387,3.0
4223,387,4.0
1253,387,2.0
4780,387,4.0
2371,387,3.5
3236,387,5.0
1939,387,2.5
2819,387,3.5
2204,387,2.5
810,387,4.0
283,387,2.0
3410,387,3.5
676,387,3.0
1814,387,2.5
1728,387,4.5
1136,387,3.0
2514,387,2.0
1698,387,2.5
280,387,3.5
2281,387,3.0
1361,387,4.0
1362,387,4.0
4273,387,4.0
4274,387,4.0
2671,387,2.5
426,387,3.0
3218,387,1.0
2695,387,2.5
2341,387,1.5
4179,387,5.0
966,387,1.5
3893,387,4.5
1886,387,2.5
851,387,2.0
3706,387,3.5
4012,387,3.0
3990,387,3.5
4336,387,5.0
3819,387,3.0
2970,387,5.0
4288,387,4.0
4227,387,4.0
264,387,2.5
3892,387,2.5
4222,387,3.0
3743,387,3.5
3572,387,3.5
902,387,2.0
3452,387,2.5
33,387,4.5
1705,387,3.0
3934,387,4.5
4079,387,3.5
4147,387,3.0
4307,387,4.5
3449,387,3.5
2971,387,3.5
2517,387,3.0
4586,387,4.5
4297,387,4.5
3725,387,4.0
2608,387,4.5
2406,387,3.5
2553,387,4.0
4082,387,3.5
1528,387,5.0
1850,387,3.5
839,387,4.0
3162,387,4.0
2948,387,3.5
2173,387,4.5
1666,387,4.0
2347,387,4.0
3745,387,5.0
1665,387,3.0
2662,387,3.5
2667,387,3.0
2288,387,2.0
3300,387,4.5
2493,387,2.5
3993,387,3.0
4056,387,4.0
358,387,3.5
1008,387,3.5
3451,387,3.5
2458,387,3.5
1372,387,3.0
1372,387,4.0
1616,387,4.0
574,387,2.5
429,387,2.0
3448,387,1.5
2812,387,3.5
2097,387,2.5
474,387,3.0
903,387,3.5
2824,387,2.5
3776,387,3.0
3079,387,3.5
2327,387,3.5
447,387,2.5
211,387,1.5
456,387,1.0
1377,387,4.5
1354,387,3.5
2982,387,3.5
2575,387,3.5
741,387,3.0
2979,387,4.0
246,387,2.5
2825,387,3.5
1765,387,4.5
3259,387,3.5
2313,387,4.0
353,387,2.5
4745,387,3.5
2021,387,3.5
4439,387,4.5
3454,387,2.5
3829,387,4.0
4340,387,3.0
3453,387,4.0
4231,387,4.0
2412,387,3.0
3171,387,1.5
2915,387,3.0
2641,387,4.0
1154,387,2.0
1167,387,1.5
1081,387,3.5
2918,387,4.0
1700,387,3.5
1912,387,3.0
3883,387,4.5
2533,387,2.0
4646,387,4.0
841,387,3.0
2111,387,4.0
2923,387,2.5
3061,387,4.0
3192,387,3.5
2873,387,3.0
4795,387,4.0
3700,387,2.0
3027,387,4.0
1783,387,4.0
1108,387,2.0
795,387,2.0
3206,387,2.5
3049,387,4.0
1222,387,2.5
279,387,4.0
3905,387,3.5
3220,387,4.0
2087,387,3.5
1026,387,2.5
814,387,1.0
1298,387,1.5
1169,387,3.5
1360,387,3.0
1537,387,3.0
651,387,4.0
863,387,4.0
1612,387,3.5
2482,387,4.0
2766,387,3.5
3831,387,3.5
2530,387,3.5
2317,387,2.5
2519,387,4.5
1014,387,3.0
208,387,3.5
3535,387,4.0
3890,387,4.0
4077,387,3.5
4346,387,4.0
663,387,4.5
2829,387,3.5
225,387,3.0
1716,387,3.5
1133,387,3.0
3347,387,3.5
3166,387,3.5
2756,387,4.0
2018,387,3.5
22,387,3.0
3008,387,3.0
2670,387,3.0
2587,387,1.5
2095,387,2.0
833,387,1.5
3177,387,3.0
1998,387,3.5
4104,387,3.5
1183,387,3.5
910,387,3.0
3889,387,4.0
3542,387,4.5
4221,387,2.5
2090,387,3.5
2151,387,3.5
573,387,2.5
3818,387,4.5
2330,387,3.5
3261,387,4.5
1688,387,2.5
3455,387,3.5
2705,387,2.0
275,387,3.0
2460,387,2.0
3255,387,3.5
1534,387,3.0
4003,387,4.0
4731,387,4.0
540,387,3.0
1968,387,2.5
4081,387,3.5
367,387,1.5
3926,387,1.5
766,387,3.5
3463,387,3.0
4348,387,3.5
3084,387,3.5
1256,387,4.0
3707,387,4.0
472,387,2.5
3340,387,3.0
546,387,3.0
2451,387,3.5
2738,387,3.5
1793,387,4.0
1007,387,3.0
3269,387,3.0
652,387,2.0
1264,387,4.0
3577,387,4.5
1311,387,2.0
2944,387,0.5
1584,387,3.5
1853,387,4.5
364,387,3.0
3704,387,4.0
2319,387,2.5
3755,387,3.0
2995,387,2.5
3536,387,4.0
279,387,3.0
1802,387,2.0
2769,387,3.0
2042,387,2.5
3152,387,2.5
1719,387,3.0
2630,387,5.0
3712,387,4.5
389,387,3.5
2547,387,3.5
1935,387,2.0
2837,387,1.5
2335,387,4.0
1274,387,2.5
3033,387,0.5
2641,387,4.5
4299,387,3.0
2864,387,1.5
998,387,3.0
3460,387,1.5
2945,387,3.0
1035,387,3.0
276,387,3.0
674,387,2.0
565,387,2.0
2208,387,3.0
3773,387,4.0
1898,387,2.5
278,387,3.0
1461,387,4.0
2310,387,3.5
3320,387,3.5
3179,387,3.0
1541,387,2.5
1691,387,3.5
4196,387,3.5
2928,387,3.5
3364,387,1.0
1931,387,4.0
3244,387,4.0
94,387,3.5
3307,387,3.5
200,387,3.5
3056,387,3.5
4093,387,2.5
3034,387,4.0
4219,387,3.0
2390,387,3.5
4375,387,2.5
1269,387,2.0
3515,387,4.5
3920,387,3.0
3186,387,1.5
3837,387,3.0
3541,387,3.5
757,387,2.5
829,387,4.0
2877,387,3.5
1063,387,3.0
2326,387,2.0
2820,387,2.5
1785,387,2.5
1798,387,2.0
3239,387,2.0
3444,387,3.5
1710,387,2.5
1710,387,3.5
831,387,4.0
1518,387,3.0
3147,387,3.5
1746,387,3.5
1345,387,2.5
3054,387,2.5
4622,387,3.0
4630,387,2.0
1245,387,4.0
4355,387,3.5
566,387,3.5
3618,387,3.5
4582,387,3.0
3115,387,0.5
3727,387,3.5
1849,387,3.5
267,387,3.0
3601,387,3.0
3639,387,4.0
4298,387,3.5
805,387,2.5
292,387,3.5
2888,387,4.0
3946,387,5.0
3435,387,3.0
118,387,3.5
4268,387,3.5
1179,387,4.0
1410,387,2.0
120,387,4.0
2311,387,3.0
1516,387,3.0
1137,387,2.5
1597,387,3.5
668,387,3.5
3781,387,3.0
3351,387,3.5
3318,387,3.0
3559,387,3.0
1687,387,3.5
2572,387,3.5
3682,387,3.0
1112,387,2.5
2537,387,2.0
933,387,4.5
1761,387,3.0
3153,387,4.0
609,387,1.0
2512,387,2.5
3430,387,3.0
4443,387,1.5
948,387,3.0
34,387,2.0
3113,387,4.5
3242,387,3.5
3760,387,3.0
555,387,2.5
1201,387,4.0
2318,387,3.5
511,387,4.5
2981,387,3.0
971,387,2.5
218,387,1.5
2474,387,3.5
422,387,3.0
688,387,3.5
881,387,4.0
4476,387,3.0
6,387,3.5
1747,387,3.5
399,387,3.5
2017,387,3.0
262,387,3.5
1082,387,3.0
2412,387,3.0
985,387,3.5
2064,387,4.0
2800,387,3.5
1832,387,4.5
3338,387,4.0
1858,387,4.0
54,387,3.0
4609,388,1.0
652,388,3.0
900,388,5.0
632,388,4.5
329,388,4.0
1079,388,3.5
566,388,5.0
510,388,5.0
107,388,5.0
121,388,5.0
327,388,3.0
375,388,4.0
147,388,5.0
507,388,5.0
1544,389,5.0
2452,389,4.0
3749,389,4.0
1530,389,5.0
646,389,4.0
2993,389,4.0
835,389,4.0
1303,389,3.0
426,389,3.0
804,389,4.0
1087,389,4.0
384,389,5.0
2341,389,2.0
966,389,3.0
287,389,3.0
1498,389,4.0
571,389,5.0
1036,389,5.0
557,390,4.0
2371,390,4.0
1821,390,4.5
2281,390,3.5
2971,390,1.5
4297,390,1.5
3725,390,5.0
2608,390,4.5
905,390,4.5
2313,390,4.5
863,390,4.0
2111,390,5.0
3061,390,4.0
2519,390,2.5
4085,390,4.0
663,390,5.0
892,390,4.0
910,390,4.0
2802,390,3.5
3580,390,3.5
1835,390,4.5
1264,390,2.5
3577,390,4.5
1584,390,4.0
1195,390,4.0
2641,390,4.5
2256,390,4.0
884,390,2.0
3524,390,2.0
329,390,5.0
2190,390,3.0
584,390,4.5
2746,390,4.5
2155,390,5.0
3450,390,4.5
1845,390,4.0
1597,390,5.0
2720,390,2.5
2136,390,3.5
1332,390,3.0
623,390,2.5
850,390,3.0
2138,390,2.5
723,390,4.0
1544,391,3.0
696,391,3.0
3749,391,5.0
1573,391,3.0
2184,391,1.0
557,391,5.0
4344,391,5.0
636,391,4.0
356,391,2.0
4780,391,4.0
4228,391,4.0
3236,391,5.0
1305,391,2.0
2204,391,5.0
678,391,3.0
810,391,5.0
3702,391,4.0
1545,391,2.0
283,391,2.0
676,391,2.0
3254,391,4.0
1814,391,4.0
1246,391,2.0
1821,391,5.0
1728,391,5.0
2793,391,5.0
2020,391,3.0
280,391,4.0
1361,391,4.0
1362,391,4.0
4273,391,4.0
4274,391,4.0
426,391,3.0
4179,391,5.0
3893,391,5.0
3603,391,5.0
3706,391,5.0
3990,391,5.0
4336,391,5.0
3819,391,5.0
2970,391,5.0
3892,391,5.0
1924,391,4.0
3452,391,5.0
1705,391,5.0
2220,391,3.0
4678,391,5.0
4307,391,5.0
3449,391,4.0
2971,391,5.0
3464,391,3.0
4586,391,5.0
3725,391,5.0
2608,391,5.0
2406,391,3.0
2553,391,5.0
1528,391,5.0
1850,391,4.0
839,391,4.0
3162,391,4.0
2173,391,5.0
2331,391,5.0
2347,391,5.0
3745,391,4.0
2456,391,4.0
3243,391,4.0
2662,391,4.0
2667,391,2.0
2288,391,4.0
4056,391,5.0
1008,391,4.0
2458,391,4.0
3533,391,4.0
3680,391,5.0
574,391,3.0
1962,391,3.0
474,391,2.0
903,391,2.0
1397,391,3.0
443,391,1.0
4783,391,5.0
1377,391,4.0
593,391,2.0
4638,391,5.0
802,391,2.0
1354,391,5.0
301,391,1.0
2979,391,3.0
1421,391,3.0
246,391,3.0
2825,391,2.0
1765,391,5.0
2148,391,2.0
3638,391,4.0
1023,391,2.0
4745,391,5.0
2021,391,4.0
3454,391,4.0
3829,391,5.0
1815,391,4.0
2915,391,4.0
1154,391,3.0
1167,391,3.0
1081,391,4.0
629,391,2.0
1700,391,2.0
4365,391,3.0
4646,391,4.0
4123,391,5.0
841,391,3.0
2111,391,3.0
3943,391,5.0
3844,391,5.0
1878,391,3.0
3027,391,4.0
1783,391,4.0
920,391,3.0
3049,391,5.0
2883,391,1.0
3429,391,4.0
1492,391,1.0
3220,391,4.0
2087,391,2.0
626,391,2.0
234,391,1.0
814,391,4.0
871,391,2.0
1122,391,2.0
1360,391,5.0
71,391,2.0
2041,391,1.0
2813,391,3.0
651,391,4.0
1612,391,4.0
3831,391,3.0
2317,391,5.0
2519,391,4.0
4085,391,5.0
208,391,4.0
3890,391,4.0
4077,391,4.0
4346,391,3.0
663,391,4.0
2756,391,5.0
2018,391,3.0
2640,391,4.0
466,391,4.0
1335,391,5.0
1055,391,2.0
1051,391,3.0
3274,391,4.0
1183,391,4.0
910,391,2.0
2151,391,4.0
3261,391,2.0
275,391,1.0
214,391,1.0
1534,391,2.0
4677,391,4.0
2999,391,4.0
1123,391,2.0
512,391,2.0
766,391,4.0
3273,391,2.0
2802,391,3.0
3707,391,5.0
3580,391,1.0
546,391,1.0
2909,391,4.0
1835,391,2.0
1793,391,3.0
1007,391,2.0
3577,391,5.0
900,391,4.0
876,391,3.0
2516,391,4.0
2630,391,5.0
232,391,3.0
373,391,3.0
4200,391,2.0
2350,391,3.0
576,391,2.0
2335,391,5.0
4302,391,4.0
580,391,1.0
4225,391,5.0
865,391,1.0
3460,391,3.0
3597,391,3.0
160,391,3.0
2616,391,4.0
2035,392,3.0
3725,392,4.0
2111,392,4.0
234,392,2.0
1360,392,5.0
1542,392,4.0
2813,392,5.0
2066,392,3.0
830,392,3.0
2519,392,4.0
2756,392,5.0
3177,392,4.0
1115,392,2.0
1217,392,2.0
2513,392,2.0
557,393,4.0
1728,393,0.5
280,393,0.5
4179,393,5.0
3893,393,0.5
4307,393,5.0
2608,393,5.0
839,393,3.0
3162,393,3.0
1008,393,5.0
1354,393,4.0
3061,393,5.0
663,393,5.0
2756,393,5.0
374,393,3.0
275,393,4.0
214,393,3.0
512,393,5.0
367,393,3.0
2909,393,5.0
385,393,5.0
1793,393,4.0
3577,393,5.0
469,393,2.0
169,393,3.5
2630,393,3.0
3712,393,5.0
389,393,5.0
160,393,5.0
1035,393,3.0
276,393,0.5
498,393,2.0
3897,393,5.0
2310,393,0.5
2928,393,3.0
166,393,3.0
200,393,5.0
829,393,5.0
729,393,5.0
831,393,5.0
31,393,5.0
267,393,0.5
715,393,4.0
3639,393,2.0
248,393,5.0
1179,393,0.5
249,393,5.0
120,393,5.0
1296,393,5.0
3781,393,4.0
933,393,4.0
919,393,5.0
34,393,2.0
13,393,5.0
278,393,5.0
2474,393,4.5
6,393,2.5
2,393,5.0
112,393,0.5
592,393,5.0
2619,393,5.0
69,393,5.0
1818,393,0.5
54,393,2.0
164,393,4.0
3628,393,5.0
159,393,5.0
1557,393,5.0
1,393,0.5
357,393,5.0
440,393,0.5
1723,393,0.5
80,393,4.0
97,393,5.0
1509,393,3.0
1613,393,0.5
102,393,5.0
2561,393,0.5
30,393,5.0
32,393,4.0
48,393,4.5
86,393,5.0
47,393,5.0
95,393,5.0
8,393,5.0
1573,394,3.0
557,394,5.0
636,394,3.0
300,394,3.0
76,394,1.0
827,394,4.0
2819,394,2.0
810,394,4.0
283,394,3.0
676,394,3.0
1839,394,4.0
1698,394,2.0
2281,394,2.0
1361,394,3.0
1362,394,3.0
4273,394,3.0
4274,394,3.0
696,395,3.0
1573,395,3.0
813,395,2.0
646,395,3.0
557,395,4.0
821,395,3.0
921,395,4.0
356,395,3.0
536,395,3.0
76,395,5.0
3236,395,3.0
1305,395,3.0
810,395,3.0
1545,395,3.0
283,395,3.0
953,395,3.0
676,395,4.0
404,395,2.0
1814,395,3.0
2049,395,4.0
1821,395,2.0
2514,395,3.0
1698,395,2.0
280,395,3.0
2281,395,3.0
1361,395,3.0
1362,395,3.0
4273,395,3.0
4274,395,3.0
1110,395,3.0
2671,395,4.0
426,395,5.0
327,395,3.0
902,395,3.0
33,395,1.0
1544,396,5.0
2103,396,2.0
2169,396,3.0
737,396,0.5
456,396,0.5
2821,396,2.0
2540,396,3.0
3061,396,4.5
3008,396,3.5
344,396,4.0
351,396,1.5
232,396,4.0
276,396,2.0
329,396,4.5
4179,397,4.0
4079,397,4.0
3745,397,5.0
2216,397,4.0
3476,397,4.0
1245,397,3.5
2535,398,3.5
3990,398,5.0
2407,398,5.0
3452,398,5.0
4016,398,4.5
4586,398,5.0
4082,398,5.0
3993,398,4.0
2829,398,4.0
1977,398,4.0
3889,398,4.0
3463,398,3.5
2155,398,4.0
1849,398,1.5
58,398,5.0
67,398,5.0
97,398,3.0
1368,398,4.0
1544,399,4.0
557,399,3.0
3236,399,5.0
810,399,5.0
676,399,3.0
1821,399,4.0
280,399,2.5
2288,399,5.0
1008,399,4.5
2519,399,0.5
663,399,3.0
344,399,4.0
275,399,5.0
900,399,5.0
232,399,4.0
276,399,0.5
329,399,5.0
3079,399,4.5
120,399,2.5
3236,400,5.0
810,400,4.5
1728,400,4.5
3893,400,5.0
1705,400,4.5
3725,400,4.5
1850,400,4.5
2288,400,4.0
663,400,5.0
275,400,4.0
3707,400,5.0
3712,400,4.5
919,400,5.0
1761,400,4.0
6,400,2.5
54,400,2.5
93,400,4.5
97,400,5.0
271,400,4.0
1544,401,3.5
813,401,2.0
810,401,3.5
1698,401,3.0
4586,401,4.0
305,401,3.5
353,401,3.5
2111,401,3.5
344,401,3.0
1123,401,4.0
900,401,3.5
359,401,4.5
232,401,3.5
632,401,3.5
431,401,4.0
306,401,5.0
2106,401,3.5
329,401,3.5
200,401,3.5
1063,401,4.0
566,401,3.5
118,401,3.0
442,401,3.5
510,401,2.5
1597,401,4.0
2399,401,1.5
13,401,3.5
143,401,3.5
386,401,3.5
119,401,4.0
2,401,3.5
137,401,2.5
69,401,3.5
182,401,3.5
58,401,4.0
723,401,4.0
67,401,4.0
1,401,3.0
93,401,3.5
43,401,3.5
615,401,3.5
197,401,4.5
7,401,4.0
179,401,3.5
3871,401,3.0
95,401,3.5
943,401,3.5
78,401,4.0
3749,402,3.0
2930,402,3.0
2153,402,5.0
646,402,4.0
1994,402,3.0
356,402,5.0
737,402,4.0
3236,402,5.0
1305,402,3.0
678,402,3.0
1545,402,5.0
283,402,5.0
645,402,5.0
2545,402,3.0
676,402,4.0
1814,402,5.0
1821,402,4.0
2514,402,4.0
2020,402,5.0
1698,402,4.0
280,402,5.0
2671,402,4.0
1087,402,3.0
384,402,3.0
2341,402,3.0
966,402,3.0
287,402,5.0
1067,402,3.0
1705,402,5.0
557,403,5.0
3447,403,4.0
3236,403,5.0
902,403,3.5
4307,403,4.0
1850,403,4.5
2667,403,4.0
1008,403,4.5
2982,403,3.5
2148,403,3.0
3061,403,4.5
3049,403,4.5
871,403,2.5
568,403,2.0
3703,403,3.5
1183,403,4.0
2155,403,4.5
1575,403,4.0
354,403,2.0
659,403,3.5
1332,403,4.5
1098,403,3.5
762,403,3.0
448,403,3.5
2452,404,4.0
1540,404,3.0
1573,404,4.0
2930,404,3.0
1530,404,4.0
557,404,4.0
1729,404,3.0
824,404,4.0
356,404,3.0
1253,404,3.0
1380,404,3.0
737,404,3.0
76,404,4.0
1893,404,3.0
2535,404,3.0
1567,404,3.0
930,404,3.0
3236,404,3.0
678,404,4.0
810,404,4.0
3702,404,4.0
1545,404,4.0
283,404,3.0
645,404,3.0
676,404,4.0
1814,404,4.0
2486,404,3.0
1821,404,4.0
1839,404,3.0
2020,404,3.0
1698,404,4.0
2281,404,4.0
2671,404,3.0
893,405,4.0
3749,405,4.0
2184,405,4.0
557,405,4.0
4344,405,4.5
1253,405,3.5
76,405,4.0
1893,405,3.5
3236,405,4.5
1728,405,4.5
4179,405,4.5
4307,405,4.0
2517,405,4.0
2608,405,4.0
1850,405,4.5
839,405,4.0
3162,405,4.0
2948,405,3.5
474,405,3.5
1377,405,4.0
2575,405,4.0
2825,405,3.0
2148,405,4.0
2313,405,4.5
1081,405,3.5
3061,405,3.5
663,405,4.0
2018,405,3.0
3008,405,3.5
1996,405,4.0
3261,405,4.5
4731,405,5.0
1548,405,3.5
3707,405,4.0
2909,405,4.0
385,405,3.5
3577,405,4.5
1584,405,4.0
2630,405,4.5
3712,405,4.0
1143,405,4.0
884,405,3.5
2746,405,4.0
715,405,3.5
3639,405,4.0
2888,405,4.0
1179,405,5.0
1296,405,4.0
2395,405,4.0
2181,405,4.5
3332,405,3.5
1832,405,4.5
2619,405,3.5
1816,405,4.0
572,405,3.5
3628,405,4.0
1723,405,4.0
97,405,4.5
2535,406,4.0
327,406,3.5
4056,406,1.5
946,406,3.0
2408,406,2.0
3241,406,0.5
1787,406,5.0
432,406,3.0
1542,406,3.5
719,406,3.5
1301,406,5.0
244,406,4.0
1563,406,5.0
1705,407,3.0
1008,407,4.0
629,407,4.0
663,407,5.0
276,407,5.0
200,407,4.0
69,407,5.0
58,407,2.5
67,407,3.0
93,407,4.0
694,407,5.0
696,408,4.5
1553,408,3.5
2103,408,3.5
356,408,3.5
2819,408,4.5
1705,408,4.0
3934,408,3.5
2662,408,5.0
2832,408,5.0
3993,408,4.5
1008,408,5.0
2327,408,4.0
2979,408,4.0
246,408,4.0
619,408,3.5
3831,408,5.0
2018,408,4.5
3008,408,3.5
1055,408,5.0
3455,408,5.0
275,408,4.5
4003,408,4.0
469,408,4.0
346,408,4.0
3033,408,4.0
1195,408,5.0
575,408,3.5
2102,408,4.0
499,408,4.0
1551,408,4.5
1849,408,4.5
715,408,4.5
292,408,4.0
120,408,5.0
1137,408,5.0
933,408,5.0
1606,408,4.0
278,408,5.0
298,408,4.0
688,408,4.0
262,408,3.5
592,408,4.5
59,408,4.5
848,408,3.0
1431,408,3.5
1818,408,4.5
640,408,4.0
354,408,4.0
623,408,4.0
1706,408,4.0
3628,408,4.0
129,408,3.0
307,408,4.0
932,408,3.5
357,408,5.0
33,408,3.0
1723,408,3.5
97,408,3.5
40,408,4.0
1197,408,4.0
548,408,3.5
1506,408,3.5
929,408,5.0
206,408,5.0
5,408,4.0
221,408,2.0
30,408,3.0
718,408,5.0
229,408,5.0
15,408,4.5
3849,408,3.0
1151,408,4.0
907,408,4.0
96,408,4.0
75,408,5.0
135,408,5.0
590,408,4.0
457,408,4.0
2525,408,4.0
183,408,5.0
789,408,3.5
88,408,2.5
271,408,4.0
3,408,4.0
4750,408,4.5
532,408,5.0
3560,408,4.0
63,408,3.5
2721,409,4.0
4344,409,5.0
4780,409,4.0
2371,409,5.0
3236,409,5.0
4461,409,5.0
1886,409,3.0
3990,409,5.0
4336,409,4.0
3743,409,5.0
3934,409,4.0
4079,409,5.0
4147,409,5.0
4586,409,5.0
3725,409,5.0
1850,409,5.0
2173,409,4.0
2331,409,5.0
2347,409,5.0
3745,409,5.0
1665,409,4.0
3243,409,4.0
2662,409,4.0
3993,409,4.0
3451,409,5.0
2458,409,4.0
3448,409,4.0
3829,409,5.0
629,409,2.0
4720,409,5.0
3943,409,5.0
4795,409,3.0
3027,409,2.0
2985,409,3.0
920,409,3.0
4747,409,4.0
2931,409,2.0
1492,409,2.0
3220,409,5.0
1360,409,4.0
1542,409,1.0
1537,409,4.0
2041,409,3.0
2813,409,4.0
1760,409,2.0
568,409,2.0
830,409,3.0
2492,409,1.0
2530,409,5.0
1227,409,2.0
2519,409,5.0
1153,409,3.0
4085,409,4.0
2756,409,3.0
418,409,3.0
2177,409,1.0
892,409,3.0
1055,409,4.0
1166,409,3.0
3177,409,3.0
4474,409,5.0
3889,409,5.0
3818,409,4.0
3606,409,4.0
4003,409,5.0
896,409,3.0
4081,409,5.0
3733,409,5.0
1540,410,3.0
4344,410,3.0
2371,410,3.0
3236,410,2.0
2204,410,4.0
3702,410,4.0
1821,410,4.0
2671,410,4.0
4179,410,5.0
4336,410,4.0
4678,410,4.0
3934,410,5.0
4082,410,4.0
2347,410,5.0
2568,410,2.0
2327,410,2.0
2982,410,5.0
4720,410,5.0
4365,410,3.0
2533,410,3.0
2923,410,4.0
3943,410,4.0
3027,410,4.0
1122,410,3.0
830,410,3.0
2317,410,3.0
2519,410,3.0
2756,410,4.0
3008,410,2.0
2095,410,4.0
1430,410,3.0
4474,410,3.0
2730,410,3.0
3818,410,5.0
3930,410,2.0
3455,410,4.0
2352,410,5.0
4003,410,4.0
3541,410,4.0
1974,410,3.0
2802,410,5.0
3463,410,4.0
812,410,5.0
4303,410,5.0
1835,410,3.0
1114,410,2.0
1793,410,5.0
3469,410,4.0
1834,410,3.0
273,410,3.0
1544,411,5.0
696,411,3.0
1540,411,4.0
2141,411,3.0
1573,411,4.0
1530,411,5.0
557,411,4.0
4344,411,4.0
1125,411,2.0
636,411,5.0
1729,411,4.0
821,411,3.0
921,411,3.0
824,411,4.0
356,411,3.0
1283,411,3.0
3447,411,2.0
737,411,3.0
76,411,4.0
4780,411,4.0
1893,411,1.0
827,411,4.0
2371,411,3.0
4487,411,5.0
2535,411,3.0
1567,411,3.0
930,411,3.0
3236,411,5.0
1939,411,1.0
1305,411,3.0
2819,411,2.0
2204,411,2.0
678,411,3.0
810,411,5.0
3702,411,3.0
1545,411,3.0
283,411,4.0
585,411,3.0
677,411,2.0
645,411,3.0
2545,411,3.0
676,411,5.0
1814,411,4.0
2486,411,5.0
1821,411,5.0
2035,411,2.0
1839,411,5.0
2514,411,4.0
2020,411,4.0
280,411,3.0
2281,411,5.0
1361,411,3.0
1362,411,3.0
4273,411,3.0
4274,411,3.0
2671,411,3.0
426,411,5.0
1544,412,2.0
2452,412,5.0
1573,412,5.0
3990,412,4.0
2970,412,5.0
1705,412,3.0
3934,412,1.0
4307,412,2.0
4586,412,5.0
2608,412,4.0
839,412,4.0
3162,412,4.0
2173,412,4.0
3745,412,4.0
3993,412,5.0
3451,412,5.0
2458,412,5.0
1377,412,5.0
1213,412,3.0
905,412,4.0
672,412,5.0
1625,412,4.0
4092,412,4.0
2021,412,3.0
4720,412,4.0
841,412,3.0
486,412,3.0
3484,412,3.0
1783,412,5.0
2985,412,2.0
3354,412,2.0
234,412,4.0
1979,412,1.0
651,412,5.0
519,412,2.0
568,412,4.0
2766,412,5.0
830,412,5.0
2052,412,2.0
2519,412,5.0
965,412,4.0
1695,412,3.0
1014,412,4.0
893,413,5.0
3236,413,5.0
1821,413,5.0
384,413,5.0
4082,413,5.0
1850,413,4.5
2456,413,1.0
2979,413,5.0
1364,413,5.0
629,413,5.0
3061,413,5.0
397,413,5.0
639,413,3.5
3049,413,5.0
1542,413,5.0
2813,413,3.0
2519,413,1.0
663,413,5.0
910,413,4.0
834,413,5.0
1548,413,5.0
812,413,4.5
385,413,4.5
1584,413,5.0
1853,413,5.0
1719,413,0.5
1182,413,5.0
424,413,5.0
516,413,5.0
267,413,2.5
688,413,5.0
742,413,5.0
74,413,0.5
572,413,5.0
1991,413,5.0
1104,413,5.0
288,413,4.5
685,413,3.0
1544,414,4.0
696,414,3.0
341,414,2.0
893,414,3.0
2452,414,4.0
3772,414,3.0
1540,414,4.0
2141,414,3.0
970,414,2.0
3749,414,3.0
1573,414,5.0
2930,414,3.0
2721,414,4.0
2103,414,2.0
2169,414,3.0
813,414,3.0
2186,414,3.0
1530,414,4.0
993,414,2.0
2643,414,2.0
1319,414,3.0
1032,414,2.0
646,414,2.0
3647,414,4.0
2993,414,4.0
557,414,5.0
4344,414,5.0
1125,414,2.0
3360,414,4.0
1994,414,2.0
636,414,4.0
1729,414,5.0
300,414,2.0
821,414,2.0
921,414,1.0
824,414,3.0
3353,414,4.0
356,414,3.0
536,414,2.0
1283,414,3.0
4223,414,4.0
3447,414,4.0
1253,414,2.0
1380,414,3.0
76,414,2.0
4023,414,4.0
4780,414,5.0
1893,414,4.0
827,414,2.0
4228,414,4.0
2371,414,4.0
3635,414,4.0
1255,414,3.0
2535,414,4.0
1567,414,5.0
930,414,3.0
3236,414,5.0
1939,414,3.0
1305,414,3.0
2950,414,4.0
1628,414,2.0
2819,414,2.0
2204,414,4.0
678,414,3.0
2697,414,2.0
810,414,5.0
3702,414,4.0
1545,414,4.0
1718,414,2.0
283,414,4.0
585,414,3.0
677,414,3.0
953,414,2.0
645,414,3.0
3410,414,4.0
2545,414,3.5
676,414,4.0
4236,414,4.0
404,414,3.0
3834,414,4.0
835,414,4.0
3254,414,5.0
1814,414,3.0
3610,414,3.0
2486,414,3.5
1246,414,3.0
2049,414,2.0
3077,414,3.0
1821,414,4.0
1728,414,5.0
1839,414,4.0
2793,414,5.0
4461,414,4.0
2514,414,3.0
2020,414,3.0
1698,414,4.0
280,414,5.0
2281,414,4.0
1361,414,4.0
1362,414,4.0
4273,414,4.0
4274,414,4.0
4265,414,4.0
1110,414,4.0
2671,414,3.0
3154,414,4.0
1038,414,3.0
426,414,4.0
804,414,3.0
453,414,2.0
1087,414,1.0
384,414,3.0
2695,414,1.0
2341,414,2.0
4179,414,5.0
966,414,2.0
3893,414,5.0
287,414,3.0
1498,414,3.0
3843,414,3.0
1639,414,2.0
571,414,3.0
851,414,2.0
3514,414,3.0
978,414,2.0
1067,414,4.0
3706,414,5.0
4012,414,5.0
3990,414,5.0
4336,414,5.0
2970,414,5.0
3892,414,5.0
3743,414,4.0
1910,414,2.0
1924,414,4.0
1316,414,2.0
2675,414,2.0
327,414,4.0
902,414,4.0
3452,414,4.0
3017,414,2.0
33,414,4.0
1705,414,5.0
4016,414,3.0
4278,414,3.0
4678,414,5.0
1107,414,3.0
3934,414,4.0
4307,414,5.0
3449,414,5.0
2795,414,4.0
2971,414,4.0
707,414,3.5
2517,414,5.0
3464,414,4.0
2526,414,3.0
4586,414,5.0
3725,414,4.0
2608,414,5.0
2406,414,5.0
2553,414,5.0
4082,414,5.0
1528,414,5.0
1850,414,5.0
839,414,5.0
3162,414,5.0
2948,414,4.0
3181,414,4.0
2331,414,5.0
2347,414,4.0
1665,414,4.0
2456,414,4.0
3243,414,5.0
2662,414,4.0
2667,414,5.0
2288,414,5.0
2832,414,4.0
3300,414,4.0
2493,414,4.0
3993,414,4.0
4056,414,5.0
3556,414,3.0
1008,414,4.0
2027,414,3.0
3451,414,5.0
2458,414,4.0
1372,414,4.0
1372,414,3.5
1036,414,3.0
3533,414,4.0
3680,414,4.0
574,414,4.0
1370,414,3.0
1753,414,3.0
1586,414,3.0
2818,414,4.0
2320,414,3.0
1962,414,3.0
429,414,4.0
2739,414,4.0
3448,414,3.0
2812,414,4.0
2065,414,2.0
474,414,4.0
903,414,4.0
2007,414,3.0
2824,414,4.0
2285,414,4.0
2032,414,3.0
241,414,2.0
3283,414,4.0
945,414,3.0
1397,414,3.0
1039,414,3.0
1061,414,2.0
2568,414,5.0
377,414,2.0
2327,414,5.0
447,414,3.0
211,414,2.0
1033,414,4.0
443,414,3.0
366,414,3.0
380,414,5.0
2546,414,5.0
1194,414,3.0
4783,414,4.0
456,414,3.0
388,414,3.0
4021,414,3.0
1379,414,3.0
1377,414,5.0
1755,414,3.0
4638,414,4.0
2408,414,2.0
802,414,3.0
1354,414,4.0
2982,414,5.0
990,414,2.0
2575,414,4.0
2821,414,4.0
301,414,4.0
3470,414,3.0
741,414,3.0
2216,414,2.0
2979,414,5.0
1421,414,5.0
1964,414,4.0
26,414,4.0
246,414,3.0
2825,414,3.0
2540,414,4.0
1765,414,4.0
3259,414,2.5
550,414,1.0
905,414,5.0
2148,414,4.0
657,414,3.0
4371,414,3.0
462,414,1.0
763,414,2.0
1892,414,4.0
3638,414,4.0
4051,414,3.0
433,414,3.0
1625,414,3.0
2313,414,4.0
458,414,3.0
3015,414,4.0
353,414,4.0
1023,414,3.0
4092,414,4.0
150,414,4.0
165,414,2.0
1193,414,3.0
4745,414,4.0
2021,414,5.0
4207,414,4.0
4439,414,4.0
3454,414,4.0
3829,414,4.0
4340,414,4.0
3531,414,3.0
1815,414,4.0
4231,414,4.0
4579,414,4.0
3171,414,2.0
1399,414,4.0
1364,414,3.0
2915,414,4.0
2641,414,4.0
1154,414,3.0
1167,414,3.0
1781,414,3.0
4448,414,4.0
1960,414,5.0
1081,414,5.0
863,414,4.0
2584,414,2.0
629,414,5.0
1721,414,2.0
4720,414,3.0
2918,414,4.0
1767,414,3.0
3241,414,3.0
1700,414,4.0
1787,414,3.0
549,414,3.0
432,414,4.0
1912,414,4.0
1058,414,2.0
2693,414,2.0
2533,414,4.0
2768,414,2.0
2842,414,3.0
2179,414,4.0
1138,414,3.0
2741,414,3.0
2219,414,3.0
4123,414,4.0
841,414,4.0
2679,414,2.0
2111,414,4.0
705,414,4.0
471,414,2.0
2933,414,3.0
2923,414,5.0
3943,414,4.0
542,414,3.0
4379,414,4.0
2172,414,2.0
3061,414,5.0
1971,414,2.0
408,414,2.0
397,414,4.0
25,414,2.0
2393,414,2.0
3700,414,3.0
3052,414,2.0
582,414,3.0
3027,414,5.0
1783,414,5.0
3408,414,5.0
1108,414,3.0
795,414,2.0
2349,414,4.0
468,414,2.0
2461,414,4.0
1646,414,2.0
2438,414,5.0
2336,414,3.0
3206,414,4.0
2672,414,2.0
2985,414,3.0
920,414,3.0
1417,414,3.0
3939,414,3.0
3049,414,4.0
2911,414,2.0
3354,414,3.0
279,414,3.0
1561,414,3.0
2931,414,2.0
1653,414,3.0
2742,414,4.0
3429,414,5.0
1492,414,2.0
3220,414,4.0
2087,414,4.0
626,414,1.0
2629,414,3.0
1026,414,3.0
234,414,4.0
814,414,3.0
871,414,3.0
1298,414,3.0
2436,414,2.0
1122,414,4.0
846,414,2.0
1360,414,4.0
1542,414,3.0
1537,414,2.0
2041,414,2.0
2813,414,5.0
2066,414,3.0
651,414,4.0
3050,414,4.0
719,414,2.0
619,414,3.0
568,414,1.0
2940,414,4.0
1612,414,4.0
2766,414,3.0
830,414,3.0
3831,414,4.0
2530,414,3.0
2317,414,4.0
1214,414,2.0
1472,414,1.0
3372,414,5.0
2519,414,5.0
965,414,3.0
1651,414,3.0
1153,414,2.0
1695,414,4.0
3257,414,1.5
1735,414,4.0
1014,414,5.0
4202,414,3.0
4085,414,4.0
208,414,4.0
3535,414,4.0
4189,414,4.0
3342,414,2.0
3890,414,3.0
4077,414,3.0
4346,414,3.0
663,414,5.0
2829,414,4.0
225,414,4.0
1716,414,3.0
1133,414,3.0
3347,414,3.0
2756,414,5.0
2018,414,4.0
22,414,5.0
3178,414,4.0
2003,414,3.0
3008,414,3.0
1880,414,4.0
1500,414,4.0
2670,414,4.0
1610,414,5.0
344,414,5.0
1464,414,4.0
1525,414,4.0
2322,414,3.0
269,414,4.0
1335,414,5.0
713,414,3.0
892,414,3.0
1055,414,4.0
1915,414,3.0
1977,414,3.0
3348,414,4.0
3703,414,4.0
3174,414,1.0
2587,414,2.0
1510,414,3.0
2095,414,3.0
1051,414,3.0
833,414,2.0
1166,414,3.0
3177,414,4.0
1998,414,4.0
1348,414,2.0
1430,414,4.0
4104,414,4.0
4474,414,5.0
1183,414,3.0
910,414,3.0
3889,414,5.0
3542,414,4.0
3032,414,3.0
239,414,2.0
656,414,4.0
4221,414,3.0
2730,414,4.0
1840,414,3.0
2090,414,4.0
2178,414,4.0
2151,414,5.0
573,414,4.0
3818,414,4.0
1538,414,4.0
1972,414,4.0
2330,414,4.0
3261,414,4.0
1688,414,4.0
3930,414,3.0
3606,414,4.0
3455,414,4.0
681,414,3.0
2552,414,3.0
275,414,5.0
3873,414,3.0
2353,414,3.0
195,414,3.0
2193,414,2.0
2460,414,4.0
2352,414,2.0
214,414,4.0
1534,414,3.0
4003,414,4.0
4520,414,2.0
1789,414,4.0
3741,414,3.0
1415,414,2.0
4677,414,4.0
2999,414,3.0
2589,414,3.0
3356,414,2.0
874,414,3.0
1921,414,5.0
540,414,4.0
4025,414,3.0
1123,414,5.0
896,414,3.0
4305,414,2.0
4532,414,4.0
1968,414,4.0
512,414,4.0
4643,414,3.0
3541,414,4.0
1062,414,2.0
367,414,2.0
644,414,2.0
3094,414,3.0
2983,414,4.0
1974,414,3.0
766,414,5.0
1440,414,1.5
3273,414,2.0
2802,414,4.0
3463,414,3.0
1548,414,4.0
4348,414,2.0
1256,414,3.0
812,414,3.0
3707,414,4.0
3580,414,4.0
1019,414,3.0
1228,414,4.0
351,414,4.0
1505,414,3.0
4303,414,5.0
2724,414,4.0
546,414,4.0
661,414,4.0
524,414,2.0
2451,414,4.0
2674,414,4.0
2909,414,5.0
1835,414,4.0
2738,414,3.0
3476,414,4.0
631,414,3.0
1114,414,4.0
385,414,5.0
1793,414,5.0
1725,414,2.0
478,414,4.0
1007,414,4.0
3269,414,3.0
652,414,3.0
1664,414,3.0
2735,414,3.0
3469,414,2.0
2092,414,3.0
2513,414,4.0
1258,414,2.0
2701,414,3.0
684,414,2.0
1135,414,4.5
3048,414,4.0
2010,414,3.0
402,414,4.0
3577,414,5.0
1311,414,3.0
1937,414,3.0
1999,414,3.0
1366,414,4.0
2944,414,2.0
1584,414,4.0
997,414,2.0
1834,414,4.0
2472,414,2.0
2045,414,4.0
1853,414,4.0
561,414,3.0
1441,414,4.0
1313,414,1.5
900,414,4.0
876,414,5.0
111,414,4.0
475,414,2.0
469,414,4.0
2344,414,3.0
309,414,4.0
2516,414,4.0
359,414,3.0
333,414,2.0
364,414,4.0
2759,414,4.0
3732,414,4.0
1863,414,4.0
1056,414,2.0
169,414,4.0
2319,414,3.0
4069,414,4.0
3627,414,2.0
1902,414,2.0
3755,414,4.0
2995,414,4.0
1595,414,3.0
2926,414,4.0
335,414,3.0
1034,414,1.0
2892,414,3.0
3536,414,5.0
3488,414,4.0
279,414,4.0
3011,414,4.0
2283,414,3.0
3623,414,3.0
1543,414,5.0
1446,414,3.0
1016,414,3.0
2042,414,2.0
2426,414,1.5
2956,414,4.0
1317,414,3.0
4489,414,4.0
2073,414,4.0
1099,414,3.0
1054,414,4.0
1536,414,3.0
1719,414,4.0
2854,414,2.0
1717,414,2.0
535,414,2.0
2630,414,4.0
1065,414,5.0
1028,414,3.0
1017,414,3.0
3712,414,5.0
2356,414,4.0
232,414,4.0
1422,414,4.0
1182,414,4.0
3492,414,2.5
1405,414,2.0
2941,414,4.0
373,414,3.0
4200,414,4.0
2350,414,3.0
1418,414,3.0
1190,414,3.0
1323,414,2.0
389,414,4.0
2547,414,3.0
576,414,5.0
2130,414,2.0
1935,414,1.0
1828,414,2.5
1018,414,3.0
265,414,4.0
321,414,5.0
2335,414,4.0
3747,414,4.0
2369,414,4.0
1274,414,3.0
1195,414,4.0
2641,414,4.0
2949,414,2.0
2770,414,3.0
409,414,3.0
602,414,2.0
2830,414,2.0
600,414,2.0
1340,414,3.5
2879,414,3.0
1414,414,3.0
3719,414,3.5
4302,414,4.0
2417,414,4.0
580,414,3.0
2686,414,2.0
632,414,3.0
1398,414,4.0
4225,414,4.0
2438,414,4.0
865,414,4.0
2864,414,3.0
4245,414,2.5
4769,414,2.0
1797,414,2.0
998,414,2.0
1012,414,5.0
1129,414,2.5
3460,414,2.0
3504,414,4.0
1060,414,4.0
2945,414,3.0
3597,414,3.5
2515,414,3.0
1260,414,2.0
3066,414,2.0
160,414,5.0
939,414,3.5
1759,414,5.0
231,414,4.0
1310,414,2.5
1035,414,3.0
1754,414,2.0
415,414,4.0
237,414,2.0
3543,414,3.0
431,414,4.0
276,414,5.0
3374,414,3.5
3525,414,3.0
908,414,1.5
747,414,4.0
445,414,4.0
1640,414,4.0
379,414,4.0
222,414,3.0
674,414,3.0
4710,414,5.0
565,414,3.0
569,414,3.0
1605,414,3.0
1692,414,2.5
2208,414,2.5
207,414,3.0
1249,414,3.5
2817,414,3.0
1911,414,2.0
3185,414,5.0
3773,414,5.0
1301,414,2.0
2082,414,4.0
498,414,3.0
2893,414,2.0
2599,414,3.0
3897,414,4.0
1898,414,5.0
3382,414,3.5
3928,414,4.0
3561,414,4.0
3198,414,2.5
2839,414,3.0
597,414,2.0
1461,414,4.0
1143,414,4.0
2722,414,3.5
277,414,3.0
2508,414,4.5
3321,414,4.0
2957,414,2.0
148,414,3.0
1275,414,1.5
1030,414,4.0
2310,414,5.0
2256,414,4.0
2109,414,2.5
823,414,2.5
756,414,3.0
1569,414,4.0
3497,414,2.5
3705,414,4.0
2791,414,3.5
317,414,4.0
704,414,1.5
2449,414,2.5
884,414,4.0
1541,414,5.0
2124,414,4.0
3091,414,4.0
1691,414,3.5
2069,414,2.0
911,414,2.0
4380,414,5.0
3396,414,3.5
2612,414,3.5
1969,414,4.0
3089,414,3.5
530,414,2.0
3524,414,5.0
2233,414,3.0
3715,414,2.5
2615,414,2.0
1868,414,3.0
4463,414,4.0
2928,414,2.5
4641,414,3.5
895,414,2.0
2106,414,3.5
1931,414,4.0
1204,414,2.5
2600,414,4.0
1714,414,3.5
4227,414,4.0
4382,414,4.0
3097,414,4.0
424,414,2.5
329,414,4.5
3734,414,4.0
3244,414,4.0
220,414,3.5
166,414,4.0
770,414,3.5
94,414,3.0
3307,414,4.0
200,414,4.5
4166,414,2.0
2484,414,2.0
3056,414,3.5
3168,414,2.0
383,414,4.0
2645,414,4.0
1781,414,3.5
575,414,2.5
1788,414,3.5
4093,414,4.5
1851,414,2.0
1704,414,4.0
3744,414,4.5
1603,414,4.0
2032,414,3.0
4375,414,3.5
3424,414,3.5
3186,414,3.0
2102,414,3.5
3541,414,3.0
1559,414,4.0
757,414,4.0
829,414,4.0
4617,414,3.5
2443,414,2.5
3491,414,4.5
1497,414,3.0
1063,414,4.5
172,414,4.0
2190,414,4.0
2326,414,3.5
1798,414,3.5
1513,414,3.5
584,414,4.5
439,414,2.0
847,414,3.0
2862,414,4.0
3571,414,3.0
1159,414,2.0
449,414,4.0
733,414,3.5
1658,414,3.0
1251,414,2.0
2746,414,4.0
1978,414,3.0
1709,414,3.0
4096,414,4.0
516,414,3.5
1297,414,2.0
1899,414,3.0
3239,414,2.0
3444,414,4.0
499,414,3.0
727,414,2.5
1205,414,3.5
2155,414,4.5
1419,414,3.0
729,414,3.5
809,414,3.5
339,414,3.0
831,414,4.0
1581,414,3.0
725,414,2.0
1518,414,2.5
2333,414,4.0
146,414,4.0
1081,414,3.0
2830,414,4.5
566,414,4.0
963,414,2.5
3618,414,3.0
4582,414,3.5
4749,414,4.0
1551,414,4.0
3450,414,4.0
31,414,4.5
4094,414,4.0
1849,414,3.0
267,414,3.5
304,414,0.5
4022,414,5.0
715,414,4.0
578,414,2.0
2015,414,3.5
1650,414,2.5
1078,414,3.0
608,414,3.0
3601,414,4.0
526,414,2.0
717,414,3.0
2048,414,4.0
4803,414,4.0
2139,414,3.5
1264,414,3.0
2410,414,4.0
3639,414,4.5
1178,414,4.0
2947,414,3.0
1845,414,4.0
292,414,2.0
1411,414,4.0
655,414,2.5
3946,414,4.5
533,414,3.5
4521,414,3.0
3435,414,4.0
545,414,3.0
1560,414,4.5
2400,414,4.5
1796,414,4.0
2987,414,2.0
669,414,2.5
1059,414,3.0
3014,414,2.0
816,414,3.5
528,414,2.0
539,414,2.5
442,414,4.0
1179,414,4.0
268,414,3.5
3079,414,4.0
3298,414,3.0
230,414,4.0
1069,414,2.5
510,414,2.5
381,414,4.0
1919,414,4.0
249,414,4.0
4125,414,2.0
120,414,4.5
3554,414,2.5
4488,414,3.5
186,414,3.5
243,414,2.5
4605,414,4.0
1378,414,3.0
163,414,2.5
1396,414,2.0
1296,414,3.5
1576,414,3.5
788,414,4.0
1791,414,3.5
1516,414,2.5
1137,414,3.5
994,414,3.0
4326,414,3.0
826,414,4.0
3352,414,3.5
986,414,2.0
2628,414,4.0
2720,414,3.5
869,414,3.5
1643,414,4.0
3351,414,4.0
558,414,4.0
693,414,3.0
941,414,4.0
2033,414,4.0
1727,414,4.0
115,414,3.5
1687,414,4.0
1237,414,2.5
2572,414,3.0
25,414,4.0
405,414,3.5
529,414,4.0
156,414,2.5
1598,414,2.5
1112,414,3.0
944,414,2.5
1174,414,3.5
2438,414,3.0
1636,414,2.5
1084,414,3.5
933,414,4.0
3315,414,4.5
919,414,4.0
3942,414,3.5
1761,414,4.0
3153,414,3.5
3258,414,3.5
3430,414,3.5
140,414,3.5
2339,414,4.0
2167,414,2.5
34,414,3.5
567,414,3.0
1501,414,2.5
417,414,2.5
13,414,3.5
3579,414,3.5
1254,414,3.0
4373,414,3.0
11,414,4.0
3113,414,2.0
3242,414,4.5
2136,414,4.0
4527,414,4.0
1487,414,3.5
555,414,2.5
244,414,2.0
648,414,3.0
1606,414,4.0
2856,414,3.0
4492,414,4.0
2532,414,4.0
1618,414,3.0
1201,414,4.0
774,414,2.0
873,414,3.5
3014,414,2.5
2874,414,2.5
511,414,4.0
879,414,4.0
143,414,2.5
278,414,4.0
386,414,2.5
2700,414,3.5
298,414,4.0
293,414,1.5
1963,414,4.0
664,414,4.0
527,414,2.5
2075,414,3.5
2760,414,4.0
2677,414,2.5
2415,414,2.5
971,414,3.0
119,414,4.0
218,414,2.5
1218,414,3.0
2611,414,4.0
2474,414,3.5
422,414,3.5
692,414,2.5
688,414,4.0
2453,414,3.0
2180,414,3.5
742,414,3.5
686,414,2.5
881,414,3.5
1282,414,3.0
2972,414,4.0
6,414,3.0
883,414,3.0
1747,414,4.0
517,414,3.5
107,414,3.0
4711,414,4.0
2,414,2.0
399,414,3.0
3292,414,2.5
3172,414,3.5
2017,414,3.0
262,414,3.5
74,414,2.5
112,414,3.5
114,414,3.5
1082,414,3.5
1913,414,1.5
592,414,3.5
2884,414,3.5
2395,414,4.0
1021,414,4.0
1593,414,3.5
2011,414,4.0
985,414,4.0
2181,414,3.5
1731,414,3.5
854,414,3.0
2064,414,4.0
1607,414,3.0
3442,414,3.5
282,414,4.0
137,414,2.5
1832,414,4.5
2213,414,3.5
1877,414,3.5
152,414,3.5
117,414,3.5
3338,414,4.0
1858,414,3.5
525,414,3.5
1829,414,3.0
2619,414,4.5
3349,414,3.5
1180,414,3.5
848,414,2.0
3068,414,3.5
796,414,2.5
1926,414,3.5
4359,414,3.5
1575,414,3.5
2826,414,2.0
226,414,2.5
69,414,4.0
1818,414,3.5
54,414,2.5
182,414,4.0
58,414,4.5
513,414,2.5
116,414,3.0
438,414,3.0
2927,414,2.5
887,414,2.0
164,414,3.5
640,414,2.0
1786,414,4.0
354,414,4.0
659,414,3.0
1332,414,3.5
448,414,2.5
3007,414,4.5
623,414,4.0
1973,414,3.5
2669,414,4.0
12,414,4.0
1706,414,4.0
2144,414,4.0
1339,414,2.5
1816,414,4.0
1690,414,4.0
361,414,3.0
1083,414,4.0
1164,414,3.0
553,414,3.5
2080,414,4.0
1181,414,3.5
3143,414,4.0
1186,414,3.5
572,414,4.0
751,414,4.0
2203,414,3.5
3628,414,4.5
123,414,2.5
159,414,4.0
67,414,4.0
36,414,2.5
281,414,3.0
3343,414,4.0
9,414,3.5
1557,414,4.5
77,414,2.5
4363,414,4.0
2598,414,4.0
1991,414,5.0
294,414,4.0
880,414,2.5
1568,414,4.5
1259,414,4.0
60,414,2.0
1799,414,4.0
750,414,4.0
1,414,4.0
357,414,4.0
1346,414,3.5
93,414,4.5
1723,414,4.0
80,414,3.5
1037,414,1.5
43,414,5.0
4098,414,4.5
615,414,3.5
97,414,5.0
189,414,2.5
412,414,5.0
3267,414,4.0
2719,414,3.5
2633,414,4.0
712,414,2.5
197,414,4.0
2733,414,4.0
345,414,3.5
1368,414,4.5
40,414,4.0
179,414,4.0
1509,414,4.0
548,414,4.0
1613,414,4.0
130,414,3.0
1582,414,4.0
2784,414,4.0
102,414,3.5
3887,414,4.0
909,414,4.5
42,414,2.0
2561,414,5.0
170,414,3.5
926,414,4.0
1387,414,3.5
336,414,4.0
721,414,4.0
929,414,4.5
3249,414,4.0
2462,414,5.0
1402,414,3.5
427,414,3.5
206,414,3.5
154,414,2.0
221,414,3.0
2464,414,4.5
4477,414,4.0
4724,414,4.0
3059,414,4.0
904,414,3.0
4181,414,4.0
30,414,4.0
1434,414,3.0
2425,414,3.5
1571,414,4.5
416,414,4.0
1104,414,4.0
2725,414,4.0
2074,414,4.0
1533,414,4.0
885,414,4.0
718,414,3.5
288,414,4.5
48,414,3.5
1743,414,3.0
2865,414,4.0
240,414,5.0
819,414,4.0
2955,414,4.5
1151,414,4.0
2000,414,4.0
1288,414,4.0
745,414,5.0
96,414,4.5
2729,414,4.0
75,414,4.0
2841,414,3.5
3871,414,4.0
694,414,4.0
83,414,4.0
95,414,4.0
2591,414,4.5
791,414,3.5
457,414,4.0
89,414,3.5
2755,414,4.5
2525,414,4.0
29,414,3.5
128,414,5.0
183,414,3.5
789,414,4.0
2939,414,5.0
685,414,4.0
271,414,5.0
78,414,4.5
73,414,2.0
79,414,4.0
177,414,5.0
1599,414,4.5
2763,414,4.5
1699,414,4.0
739,414,4.5
2126,414,5.0
1189,414,4.0
149,414,3.0
219,414,2.5
3871,414,4.5
4170,414,4.5
4344,415,4.5
636,415,4.0
4223,415,4.0
4780,415,4.0
3236,415,5.0
2819,415,3.0
810,415,5.0
1545,415,3.5
676,415,4.0
1698,415,4.0
4179,415,5.0
4288,415,4.5
3904,415,4.5
3725,415,5.0
4609,415,4.5
1850,415,5.0
903,415,3.5
2327,415,3.5
2111,415,4.0
3061,415,4.0
1561,415,4.0
2519,415,3.5
3342,415,3.0
663,415,5.0
2756,415,4.0
1793,415,4.0
3577,415,4.5
876,415,3.0
2319,415,3.0
1190,415,3.5
1012,415,3.5
2515,415,3.5
2326,415,4.5
2155,415,5.0
816,415,2.5
1179,415,4.0
249,415,3.5
3315,415,4.0
13,415,2.5
2669,415,4.5
97,415,4.0
288,415,4.5
1283,416,2.5
3635,416,4.0
3236,416,4.0
1939,416,4.5
810,416,2.5
1821,416,3.5
4179,416,4.5
2608,416,4.0
2173,416,4.0
26,416,0.5
2519,416,3.5
663,416,4.0
2756,416,5.0
834,416,2.0
900,416,0.5
2516,416,1.0
2630,416,4.0
232,416,0.5
276,416,1.0
3773,416,4.5
2310,416,4.0
3497,416,5.0
200,416,2.0
829,416,3.5
3444,416,4.5
566,416,0.5
2242,416,3.5
1606,416,5.0
3236,417,5.0
810,417,4.0
3893,417,5.0
4307,417,3.5
3725,417,4.5
1850,417,3.5
2979,417,5.0
3061,417,5.0
651,417,5.0
2519,417,4.0
663,417,5.0
3261,417,3.0
275,417,5.0
3707,417,4.5
3577,417,5.0
900,417,5.0
3712,417,5.0
576,417,5.0
829,417,5.0
2746,417,5.0
4803,417,2.5
3946,417,5.0
298,417,4.0
2181,417,5.0
572,417,5.0
440,417,5.0
4657,417,3.5
97,417,4.5
217,417,3.5
2000,417,4.5
96,417,3.5
86,417,3.5
3871,417,4.0
2755,417,5.0
789,417,4.0
4344,418,4.5
3236,418,4.5
810,418,4.0
1814,418,3.5
1821,418,4.5
426,418,0.5
3893,418,5.0
1705,418,4.0
4586,418,5.0
4082,418,5.0
2173,418,4.5
2456,418,5.0
3243,418,3.5
2288,418,4.5
574,418,4.0
447,418,0.5
443,418,0.5
2979,418,5.0
26,418,3.5
1167,418,3.5
663,418,5.0
910,418,3.0
239,418,0.5
3577,418,3.5
1834,418,0.5
2995,418,4.0
2630,418,3.0
3712,418,5.0
276,418,2.0
277,418,4.5
3744,418,5.0
2102,418,3.5
2746,418,4.5
2155,418,5.0
192,418,5.0
118,418,2.5
417,418,0.5
3242,418,4.5
114,418,3.5
1818,418,0.5
182,418,0.5
2669,418,4.0
9,418,3.0
440,418,4.0
97,418,4.0
1509,418,3.5
1367,418,0.5
2561,418,4.5
4367,418,4.5
427,418,4.0
520,418,4.0
2865,418,4.5
184,418,4.0
2955,418,4.5
135,418,0.5
694,418,4.0
2525,418,4.5
2550,418,4.5
2939,418,4.5
3,418,0.5
2763,418,4.5
696,419,3.5
2993,419,4.0
557,419,4.0
4344,419,4.0
4223,419,4.0
930,419,4.5
3236,419,5.0
2950,419,0.5
810,419,4.5
1545,419,4.0
676,419,3.5
3834,419,4.0
1821,419,5.0
453,419,2.5
3893,419,5.0
1705,419,4.5
3934,419,0.5
4307,419,5.0
3449,419,4.0
2971,419,0.5
1528,419,3.0
1850,419,4.0
2285,419,4.0
443,419,3.5
2979,419,3.0
433,419,4.0
150,419,5.0
629,419,5.0
3061,419,4.5
3049,419,4.0
1542,419,3.5
2813,419,4.5
719,419,4.5
1272,419,3.0
2519,419,4.0
663,419,5.0
374,419,2.0
3261,419,4.5
275,419,4.0
896,419,3.5
524,419,2.5
385,419,4.5
3577,419,3.0
1853,419,4.5
111,419,4.5
2769,419,2.5
1719,419,4.0
3712,419,4.5
1190,419,4.0
321,419,4.0
580,419,2.0
1012,419,4.5
222,419,0.5
565,419,4.0
4572,419,3.0
3897,419,4.5
317,419,2.5
1792,419,3.5
530,419,3.5
424,419,3.5
3244,419,3.5
4099,419,4.5
146,419,4.5
4749,419,5.0
3450,419,4.0
1849,419,4.0
267,419,4.5
4521,419,4.5
1179,419,2.5
120,419,5.0
186,419,3.5
529,419,4.5
1842,419,3.0
555,419,3.5
1606,419,4.5
686,419,3.5
3172,419,3.5
282,419,4.0
117,419,3.5
1829,419,4.0
848,419,3.5
640,419,4.5
1816,419,4.0
914,419,3.5
572,419,3.5
4363,419,4.5
4584,419,4.5
60,419,4.0
3528,419,4.5
4072,419,4.5
3895,419,5.0
2351,419,1.5
1104,419,1.5
885,419,5.0
1544,420,4.0
3236,420,4.0
810,420,4.0
676,420,3.5
1821,420,4.5
1728,420,3.5
1698,420,4.0
4179,420,4.0
4012,420,5.0
3990,420,5.0
2970,420,4.0
4586,420,5.0
3725,420,4.0
4609,420,4.0
1528,420,3.5
2288,420,3.5
840,420,4.0
2327,420,4.5
26,420,4.0
1815,420,3.0
1721,420,3.0
2533,420,3.5
3061,420,4.0
1360,420,4.5
719,420,3.0
2519,420,4.0
663,420,4.0
466,420,4.0
1055,420,3.5
374,420,3.0
4244,420,3.5
1115,420,3.0
540,420,3.0
512,420,4.0
4348,420,4.0
472,420,3.0
900,420,4.0
876,420,4.5
1719,420,4.0
3712,420,4.0
232,420,3.0
2417,420,2.5
998,420,3.5
160,420,3.5
3897,420,4.0
2146,420,3.5
2310,420,4.0
200,420,4.0
4375,420,3.0
1559,420,4.0
829,420,4.0
1497,420,4.0
584,420,4.0
2155,420,4.0
729,420,3.0
831,420,3.5
146,420,3.0
566,420,3.5
4749,420,4.5
3450,420,4.0
1849,420,3.5
3601,420,3.5
1179,420,4.0
25,420,3.0
933,420,4.0
4443,420,4.5
34,420,3.0
3242,420,4.0
555,420,3.5
4045,420,3.5
2318,420,3.5
688,420,3.5
686,420,3.5
2,420,3.5
3292,420,3.5
592,420,4.0
3338,420,4.5
421,420,3.5
1821,421,5.0
4336,421,4.0
3892,421,5.0
2675,421,3.0
3725,421,4.0
4609,421,4.5
4082,421,4.5
358,421,4.5
2519,421,5.0
1830,421,2.0
195,421,3.0
3707,421,4.5
402,421,4.0
3920,421,4.5
2720,421,4.5
354,421,0.5
914,421,4.0
1544,422,4.0
4179,422,5.0
966,422,2.0
4336,422,4.0
3743,422,2.0
3725,422,5.0
1850,422,5.0
2662,422,4.0
2832,422,5.0
4486,422,4.0
3680,422,3.0
2812,422,5.0
1377,422,4.0
920,422,3.0
1561,422,3.0
1492,422,3.0
234,422,4.0
719,422,3.0
2845,422,3.0
4085,422,3.0
663,422,4.0
418,422,2.0
269,422,3.0
1055,422,3.0
4003,422,4.0
347,422,2.0
1062,422,2.0
367,422,2.0
2983,422,1.0
766,422,4.0
1548,422,4.0
3084,422,3.0
812,422,2.0
1019,422,2.0
2570,422,1.0
1505,422,4.0
385,422,4.0
684,422,3.0
3919,422,4.0
2010,422,4.0
2527,422,4.0
2369,422,4.0
2993,423,3.0
557,423,4.0
636,423,5.0
3236,423,4.5
810,423,5.0
676,423,5.0
280,423,5.0
804,423,2.0
3993,423,5.0
3451,423,4.0
1354,423,5.0
214,423,3.0
160,423,1.0
276,423,3.5
4344,424,4.0
4223,424,4.5
4780,424,3.5
3236,424,4.5
1814,424,2.5
280,424,2.0
3893,424,3.0
4307,424,3.5
3725,424,4.0
4082,424,3.5
1850,424,3.5
2173,424,4.0
1372,424,4.5
1370,424,1.0
2285,424,3.5
456,424,3.5
2979,424,4.0
2825,424,3.5
905,424,3.5
2148,424,4.0
2313,424,3.5
4745,424,3.5
2021,424,3.5
3883,424,4.5
2533,424,4.5
2111,424,4.0
3061,424,4.0
3049,424,4.5
1222,424,3.5
2317,424,3.5
2519,424,2.5
663,424,4.5
1977,424,3.5
3261,424,3.5
414,424,1.0
3463,424,3.5
812,424,4.5
3707,424,3.5
3577,424,4.5
1702,424,4.0
2472,424,2.5
1853,424,3.5
4069,424,4.5
1719,424,3.0
2935,424,3.0
2630,424,3.5
1035,424,5.0
1969,424,4.5
2093,424,1.0
3364,424,4.5
1714,424,4.5
1559,424,4.5
829,424,3.0
1205,424,4.5
831,424,3.0
1849,424,4.5
3639,424,4.5
3946,424,2.5
689,424,3.5
1179,424,3.0
1597,424,4.0
558,424,4.0
933,424,3.5
422,424,3.0
2395,424,4.0
640,424,4.0
723,424,4.5
572,424,4.5
706,424,2.5
440,424,5.0
4657,424,3.5
97,424,2.5
521,424,3.0
2733,424,3.5
288,424,4.5
520,424,1.5
1053,424,5.0
2108,424,3.5
3575,424,4.0
907,424,3.0
694,424,1.0
2755,424,4.5
696,425,3.0
1573,425,3.5
2930,425,3.0
2184,425,4.0
646,425,2.5
557,425,4.0
1994,425,3.5
636,425,3.0
921,425,3.0
824,425,3.5
356,425,3.5
3447,425,3.0
1380,425,3.5
76,425,4.0
930,425,3.5
3236,425,4.0
2950,425,4.0
2819,425,3.5
810,425,5.0
1545,425,3.5
283,425,2.5
645,425,2.5
3410,425,3.5
676,425,3.5
404,425,3.0
3254,425,3.0
1814,425,3.0
1821,425,4.0
2514,425,2.5
1698,425,3.0
280,425,3.5
2281,425,4.0
1361,425,3.5
1362,425,3.5
4273,425,3.5
4274,425,3.5
2671,425,3.5
426,425,3.5
384,425,2.5
4179,425,3.0
966,425,2.5
3893,425,5.0
1886,425,3.5
287,425,3.0
2675,425,4.0
902,425,4.0
1705,425,3.5
1107,425,4.5
4307,425,3.5
2971,425,3.5
4586,425,3.5
2406,425,3.5
839,425,4.0
3162,425,4.0
2948,425,3.5
2456,425,4.0
3243,425,4.0
2493,425,4.0
1008,425,4.0
3533,425,4.0
2812,425,3.0
474,425,4.0
903,425,3.0
2285,425,3.0
1397,425,4.0
2568,425,2.5
2327,425,3.5
447,425,4.0
305,425,3.0
443,425,3.0
2546,425,3.5
771,425,3.5
388,425,3.0
1377,425,3.5
802,425,4.0
1354,425,4.0
301,425,3.5
3470,425,3.5
741,425,3.5
2979,425,4.0
26,425,3.5
2825,425,3.5
2540,425,3.0
905,425,3.5
433,425,3.5
353,425,3.0
150,425,3.5
2021,425,3.5
4340,425,3.0
1815,425,4.0
2915,425,3.0
629,425,4.0
1700,425,4.0
1058,425,3.5
2842,425,4.0
2111,425,3.5
3061,425,4.0
397,425,3.5
2461,425,4.5
3206,425,3.0
3049,425,4.0
279,425,3.0
2087,425,4.5
234,425,3.0
814,425,2.5
1360,425,3.0
71,425,3.0
719,425,4.0
2519,425,3.0
1014,425,3.5
208,425,3.5
663,425,4.5
225,425,3.0
2756,425,3.0
3008,425,3.5
344,425,3.0
2095,425,3.5
910,425,3.5
2151,425,3.0
1538,425,3.0
2330,425,3.5
275,425,4.5
214,425,3.0
766,425,4.5
1548,425,3.5
812,425,3.5
351,425,3.0
2724,425,4.0
546,425,3.0
2909,425,4.0
1114,425,4.0
385,425,3.5
1793,425,4.0
478,425,4.5
1007,425,4.0
3577,425,3.5
900,425,4.0
232,425,4.0
373,425,4.0
389,425,4.0
3747,425,3.0
865,425,4.0
3597,425,3.5
160,425,3.0
431,425,3.5
276,425,4.0
2833,425,3.0
498,425,4.0
277,425,3.5
884,425,3.5
1714,425,4.0
329,425,4.0
200,425,3.5
1781,425,3.0
575,425,3.0
2032,425,4.0
3424,425,3.5
2102,425,3.0
829,425,3.5
1063,425,3.5
2190,425,3.5
2820,425,4.0
584,425,3.5
733,425,2.5
2155,425,3.0
831,425,4.0
146,425,3.0
566,425,4.0
192,425,3.5
1551,425,3.5
267,425,3.5
715,425,3.0
1845,425,4.0
2400,425,4.5
268,425,4.0
3079,425,3.5
510,425,3.0
249,425,4.0
826,425,4.0
2438,425,4.0
140,425,3.0
430,425,3.5
105,425,3.0
567,425,3.5
2136,425,4.0
985,425,3.5
1723,425,3.5
97,425,4.5
636,426,3.5
3236,426,3.5
2950,426,4.5
810,426,5.0
676,426,4.0
1814,426,5.0
2020,426,2.0
1698,426,4.5
2671,426,4.5
1379,426,0.5
639,426,4.0
2317,426,4.0
910,426,5.0
1123,426,4.0
512,426,4.0
3463,426,2.0
1228,426,2.5
385,426,3.5
1045,426,3.5
1793,426,2.0
3577,426,2.0
900,426,4.5
469,426,0.5
1719,426,2.0
232,426,5.0
2030,426,3.5
1012,426,1.0
431,426,5.0
277,426,5.0
884,426,4.0
424,426,3.5
329,426,5.0
1781,426,4.0
439,426,3.0
2155,426,3.5
566,426,3.5
192,426,5.0
267,426,2.5
118,426,3.5
1296,426,5.0
1597,426,2.5
115,426,5.0
567,426,4.0
119,426,3.0
114,426,4.5
1832,426,2.5
3338,426,4.5
182,426,2.5
58,426,3.5
2669,426,2.5
67,426,2.5
9,426,5.0
615,426,5.0
2464,426,2.0
893,427,4.0
557,427,4.0
1729,427,3.0
3236,427,4.5
3254,427,2.0
2793,427,4.5
3819,427,4.0
1528,427,5.0
3451,427,4.0
366,427,3.0
905,427,3.0
3061,427,4.0
1360,427,2.5
275,427,4.0
3577,427,5.0
1017,427,3.5
1190,427,3.0
389,427,4.0
576,427,4.0
265,427,2.5
321,427,4.0
2030,427,3.5
3747,427,3.5
2346,427,3.0
1195,427,3.5
2770,427,4.0
600,427,3.0
1340,427,3.0
772,427,4.0
2417,427,2.5
1398,427,2.0
865,427,2.5
1012,427,3.5
3460,427,3.0
2945,427,4.5
3597,427,3.0
2515,427,2.5
969,427,3.0
2699,427,1.0
160,427,3.5
939,427,4.0
231,427,3.5
1035,427,3.0
237,427,1.5
276,427,3.5
908,427,3.0
747,427,3.0
445,427,4.5
976,427,3.0
2833,427,4.5
1301,427,2.0
2599,427,2.5
3561,427,3.5
1143,427,3.0
277,427,2.0
3024,427,1.0
2069,427,3.5
1553,428,1.0
2141,428,2.5
2103,428,2.0
3833,428,3.5
2184,428,3.0
646,428,2.0
2993,428,3.0
557,428,2.5
1994,428,2.5
636,428,2.0
921,428,1.5
3353,428,3.0
356,428,1.0
536,428,2.0
3447,428,4.0
76,428,2.5
4780,428,4.0
3236,428,4.5
2950,428,3.5
2819,428,0.5
810,428,3.0
1545,428,2.5
283,428,2.0
676,428,2.0
835,428,2.0
1814,428,1.0
1728,428,3.5
2514,428,2.0
1698,428,2.0
280,428,2.5
2281,428,2.0
1361,428,3.0
1362,428,3.0
4273,428,3.0
4274,428,3.0
1303,428,1.5
426,428,2.5
804,428,2.0
1087,428,2.0
966,428,1.5
287,428,3.0
1498,428,3.0
2675,428,2.0
3934,428,3.5
4307,428,4.0
2971,428,1.0
2517,428,2.0
4586,428,3.5
2406,428,3.5
1528,428,3.5
839,428,3.5
3162,428,3.5
3300,428,4.5
1008,428,3.0
429,428,1.0
3448,428,2.0
474,428,0.5
2568,428,3.0
447,428,1.5
380,428,2.5
1194,428,3.0
456,428,2.5
388,428,3.0
4638,428,5.0
802,428,3.5
1354,428,3.5
301,428,3.5
741,428,3.0
26,428,1.0
1765,428,4.0
550,428,2.0
462,428,1.0
353,428,2.0
150,428,2.0
165,428,2.0
4340,428,2.5
1364,428,2.0
954,428,2.0
2641,428,2.5
1154,428,1.0
629,428,3.5
1700,428,3.0
432,428,3.0
1058,428,2.0
2533,428,4.0
4646,428,4.0
2111,428,3.5
705,428,2.0
3061,428,3.5
3206,428,2.0
2672,428,1.0
1561,428,2.0
781,428,3.0
234,428,3.5
2436,428,0.5
1122,428,1.0
1360,428,2.0
2813,428,3.0
619,428,3.5
830,428,3.5
2519,428,3.5
1014,428,3.5
208,428,3.5
3890,428,3.0
4346,428,3.0
2089,428,1.0
663,428,4.0
225,428,2.0
2018,428,2.5
3008,428,4.5
892,428,2.5
1055,428,2.0
1998,428,3.0
4104,428,2.0
2072,428,0.5
681,428,2.0
275,428,3.0
481,428,2.0
214,428,1.0
834,428,1.0
4003,428,3.0
1415,428,3.0
1921,428,3.5
874,428,3.0
540,428,2.0
1123,428,2.0
512,428,2.0
414,428,1.5
644,428,1.5
2983,428,1.5
1974,428,3.0
766,428,3.0
1548,428,2.5
351,428,2.0
472,428,3.0
546,428,3.5
661,428,2.0
631,428,2.0
385,428,2.0
1045,428,2.0
1725,428,2.5
1572,428,2.5
402,428,3.0
1311,428,2.0
2592,428,3.0
900,428,1.0
111,428,3.0
169,428,3.5
2995,428,3.0
335,428,2.0
279,428,0.5
346,428,3.0
2042,428,3.5
2956,428,4.0
1054,428,4.0
3712,428,4.5
232,428,2.0
1182,428,2.0
1418,428,2.0
321,428,4.0
1195,428,3.0
2770,428,3.0
1414,428,2.5
580,428,3.5
1398,428,3.0
865,428,2.5
3460,428,3.0
160,428,3.0
1759,428,3.5
231,428,3.5
276,428,3.5
674,428,2.0
565,428,3.0
1304,428,0.5
2833,428,4.0
2817,428,3.0
498,428,3.0
3897,428,4.5
1143,428,2.0
277,428,2.0
761,428,2.0
884,428,3.0
1969,428,4.0
329,428,2.0
1624,428,0.5
3244,428,3.5
166,428,1.5
94,428,2.0
200,428,2.5
2032,428,4.0
829,428,4.5
1044,428,2.0
2326,428,4.0
2155,428,4.0
831,428,4.0
2333,428,3.0
1551,428,3.0
31,428,3.0
578,428,4.0
957,428,3.0
3601,428,4.0
2139,428,4.0
655,428,3.0
2141,429,4.0
813,429,4.0
636,429,5.0
1729,429,4.0
824,429,5.0
356,429,4.0
536,429,5.0
737,429,4.0
76,429,3.0
827,429,4.0
2535,429,5.0
1567,429,4.0
983,429,4.0
930,429,5.0
1305,429,3.0
678,429,3.0
283,429,5.0
953,429,2.0
645,429,4.0
1839,429,3.0
1698,429,5.0
2281,429,5.0
1361,429,5.0
1362,429,5.0
4273,429,5.0
4274,429,5.0
1573,430,3.0
1305,430,3.0
810,430,3.0
1036,430,5.0
1370,430,2.0
1753,430,4.0
1586,430,2.0
2818,430,4.0
3470,430,5.0
3241,430,2.0
582,430,3.0
1783,430,5.0
3220,430,4.0
1537,430,3.0
2519,430,5.0
2756,430,4.0
892,430,4.0
910,430,3.0
1115,430,4.0
540,430,4.0
1123,430,4.0
512,430,4.0
1835,430,4.0
385,430,2.0
1793,430,5.0
1007,430,5.0
2735,430,3.0
1366,430,3.0
1584,430,4.0
900,430,4.0
364,430,3.0
169,430,2.0
2319,430,3.0
276,430,5.0
2310,430,5.0
424,430,3.0
329,430,3.5
220,430,4.0
164,430,4.5
723,430,3.5
821,431,1.0
3353,431,3.0
404,431,2.5
2793,431,5.0
1498,431,1.5
3993,431,4.0
1962,431,2.5
4638,431,1.5
812,431,3.0
1544,432,2.5
1553,432,2.0
3749,432,4.5
2930,432,3.5
557,432,4.0
300,432,3.5
356,432,2.0
536,432,4.5
1253,432,3.0
3236,432,2.5
2819,432,1.5
810,432,4.5
676,432,4.5
1814,432,3.5
1821,432,4.5
2020,432,4.5
280,432,3.5
2281,432,4.5
2671,432,4.0
426,432,4.0
3893,432,3.5
4336,432,5.0
1705,432,2.0
2971,432,3.0
2406,432,4.0
839,432,4.0
3162,432,4.0
2456,432,4.5
2027,432,0.5
2812,432,4.0
840,432,4.5
771,432,3.5
802,432,4.0
1354,432,4.0
451,432,3.0
2979,432,4.5
26,432,4.0
462,432,4.0
828,432,5.0
150,432,3.0
4745,432,3.5
1815,432,4.5
4448,432,3.5
4646,432,4.0
841,432,1.0
3061,432,4.5
1783,432,3.5
906,432,4.5
1222,432,3.0
2742,432,3.5
234,432,4.0
846,432,4.5
1360,432,0.5
2813,432,3.0
651,432,3.5
1504,432,4.0
2519,432,3.5
4085,432,4.0
663,432,3.5
344,432,2.0
376,432,3.0
1977,432,2.5
1166,432,1.5
275,432,4.5
214,432,3.0
512,432,4.0
1548,432,4.0
3707,432,5.0
1505,432,4.0
661,432,4.0
385,432,3.5
402,432,4.5
3577,432,3.5
900,432,4.5
1065,432,4.0
232,432,4.0
389,432,3.5
576,432,3.0
3537,432,3.5
1018,432,3.5
1340,432,2.5
160,432,2.5
231,432,4.0
276,432,4.0
445,432,3.5
569,432,1.5
3773,432,3.0
498,432,4.5
884,432,4.0
329,432,3.5
166,432,3.5
200,432,0.5
383,432,4.0
1559,432,3.0
829,432,2.5
2877,432,2.0
1063,432,2.5
172,432,1.5
2190,432,3.0
2455,432,4.0
3571,432,4.0
449,432,3.5
2746,432,4.0
831,432,2.5
725,432,4.5
146,432,4.0
566,432,4.5
267,432,4.0
1411,432,4.0
1560,432,4.0
1179,432,3.5
768,432,1.5
230,432,4.0
381,432,4.0
933,432,4.0
609,432,3.0
140,432,3.5
3082,432,5.0
2136,432,4.5
2704,432,3.0
511,432,1.5
278,432,4.0
298,432,2.5
688,432,4.0
1591,432,4.0
3528,432,5.0
4072,432,5.0
69,432,4.5
1818,432,4.5
182,432,3.5
58,432,4.0
164,432,4.0
2669,432,4.0
1816,432,4.0
361,432,3.5
4138,432,4.0
1164,432,3.0
123,432,2.5
67,432,4.0
4584,432,5.0
1568,432,3.5
1799,432,2.5
1,432,4.0
357,432,3.5
440,432,4.5
22,432,4.5
4352,432,2.5
43,432,4.0
97,432,4.5
2806,432,3.0
2061,432,4.0
3895,432,4.0
2351,432,3.5
2733,432,5.0
4201,432,3.5
1838,432,4.0
130,432,4.0
154,432,4.0
4143,432,4.0
557,433,3.0
3236,433,5.0
1821,433,2.5
3893,433,4.5
4307,433,4.0
3061,433,4.0
663,433,4.0
3597,433,5.0
829,433,4.0
440,433,3.0
97,433,3.0
288,433,2.0
1544,434,4.0
696,434,3.5
1573,434,3.5
2721,434,3.0
646,434,2.0
557,434,4.5
4344,434,5.0
636,434,5.0
3353,434,3.0
76,434,2.5
930,434,3.0
3236,434,5.0
2819,434,3.0
678,434,3.5
810,434,4.5
283,434,2.5
645,434,2.5
676,434,5.0
1814,434,2.0
1821,434,5.0
1728,434,5.0
2514,434,3.0
2020,434,3.0
1698,434,4.0
280,434,4.5
426,434,4.0
384,434,2.5
4179,434,4.0
3893,434,4.5
2970,434,4.5
1705,434,4.5
3934,434,4.5
4307,434,4.0
3449,434,5.0
2517,434,3.5
4586,434,5.0
3725,434,4.5
2406,434,5.0
1528,434,3.5
1850,434,4.5
839,434,5.0
3162,434,5.0
2456,434,4.0
2662,434,5.0
2288,434,3.5
3300,434,5.0
1008,434,4.5
2812,434,4.0
474,434,3.5
903,434,3.5
2285,434,3.0
1397,434,3.5
1039,434,2.0
2327,434,4.0
366,434,2.5
771,434,2.0
2979,434,4.5
26,434,3.0
2825,434,4.0
550,434,1.5
150,434,2.5
2021,434,3.5
1364,434,0.5
1154,434,3.5
1167,434,3.5
629,434,5.0
1700,434,4.5
2533,434,3.0
2842,434,3.5
841,434,3.5
2111,434,4.0
3061,434,5.0
397,434,2.0
3027,434,3.5
3049,434,4.5
234,434,0.5
1360,434,3.5
1537,434,2.5
2813,434,2.0
3831,434,3.5
2519,434,5.0
208,434,4.0
663,434,5.0
3008,434,4.5
1335,434,2.0
2090,434,3.5
2330,434,4.0
275,434,3.5
214,434,2.0
512,434,4.5
812,434,3.5
546,434,4.0
2909,434,5.0
385,434,3.0
1007,434,4.5
402,434,1.5
3577,434,5.0
1853,434,4.0
900,434,3.0
3712,434,5.0
232,434,4.5
389,434,4.0
632,434,2.5
3597,434,2.5
160,434,3.5
231,434,1.0
276,434,3.0
565,434,2.5
3897,434,4.0
884,434,3.5
329,434,4.0
3244,434,4.5
3744,434,4.0
3424,434,3.0
2102,434,3.5
1559,434,4.5
829,434,4.0
2155,434,4.0
831,434,4.5
566,434,2.5
31,434,2.5
4022,434,4.5
3601,434,4.5
3079,434,4.0
230,434,1.0
120,434,4.5
115,434,3.5
529,434,4.0
933,434,4.0
13,434,1.5
3242,434,4.0
2318,434,5.0
511,434,5.0
278,434,4.0
119,434,4.0
2474,434,3.5
688,434,3.5
985,434,4.0
1832,434,5.0
117,434,3.0
3338,434,3.5
69,434,4.0
58,434,3.5
2669,434,4.5
572,434,5.0
3628,434,5.0
159,434,3.0
67,434,3.5
1557,434,5.0
1991,434,4.0
1259,434,5.0
1,434,5.0
357,434,3.5
440,434,4.5
813,435,4.0
821,435,4.0
3353,435,3.5
404,435,3.5
3725,435,4.5
301,435,3.0
1364,435,4.0
2923,435,4.0
397,435,4.5
1542,435,4.0
651,435,3.5
663,435,5.0
1538,435,4.5
275,435,4.5
2909,435,5.0
2995,435,3.5
200,435,4.5
829,435,4.5
2155,435,4.0
831,435,5.0
120,435,4.0
1296,435,4.0
933,435,4.0
2669,435,5.0
159,435,4.5
67,435,4.0
440,435,4.5
97,435,4.5
1368,435,4.0
1544,436,4.0
1573,436,5.0
813,436,4.0
1994,436,3.0
636,436,4.0
821,436,3.0
824,436,4.0
356,436,3.0
737,436,3.0
2371,436,3.0
2535,436,3.0
983,436,3.0
930,436,3.0
2819,436,1.0
678,436,3.0
810,436,4.0
1545,436,4.0
283,436,3.0
953,436,3.0
645,436,3.0
676,436,3.0
404,436,3.0
3254,436,4.0
1814,436,4.0
2486,436,4.0
1246,436,3.0
2049,436,1.0
1821,436,5.0
2765,436,3.0
2514,436,4.0
2020,436,4.0
1698,436,3.0
280,436,4.0
1361,436,3.0
1362,436,3.0
4273,436,3.0
4274,436,3.0
4265,436,4.0
1110,436,4.0
2671,436,3.0
1093,437,3.0
893,437,5.0
2452,437,4.0
3749,437,4.0
2930,437,4.0
2382,437,3.0
1530,437,3.0
2643,437,3.0
1319,437,3.0
646,437,1.0
557,437,4.0
3360,437,5.0
636,437,4.0
1729,437,3.0
300,437,1.0
536,437,2.0
4223,437,5.0
4780,437,5.0
827,437,3.0
4487,437,5.0
3635,437,4.0
930,437,4.0
3236,437,5.0
1305,437,3.0
2204,437,3.0
810,437,3.0
3702,437,3.0
3834,437,4.0
3254,437,3.0
2486,437,5.0
1821,437,5.0
2020,437,3.0
2281,437,5.0
1361,437,3.0
1362,437,3.0
4273,437,3.0
4274,437,3.0
1303,437,2.0
1038,437,5.0
426,437,3.0
384,437,5.0
287,437,3.0
3603,437,5.0
1498,437,3.0
1067,437,5.0
4016,437,3.0
3449,437,5.0
2795,437,5.0
2971,437,3.0
2553,437,5.0
1528,437,5.0
1850,437,5.0
2331,437,5.0
3745,437,5.0
1665,437,5.0
2456,437,3.0
3243,437,3.0
2662,437,5.0
2288,437,4.0
1008,437,4.0
2027,437,5.0
2458,437,4.0
903,437,3.0
1544,438,4.5
696,438,4.0
1553,438,3.0
1540,438,3.5
2103,438,3.0
1530,438,4.0
2184,438,3.0
993,438,2.0
646,438,3.5
2993,438,4.0
557,438,4.5
1994,438,5.0
636,438,4.0
300,438,3.0
356,438,4.0
536,438,3.5
1283,438,4.0
3447,438,4.0
1253,438,1.0
76,438,3.0
4780,438,3.5
827,438,2.5
930,438,3.5
1305,438,3.5
2819,438,4.0
810,438,4.0
1545,438,4.0
1718,438,3.5
283,438,5.0
1407,438,2.0
953,438,3.0
676,438,4.0
835,438,4.0
1814,438,3.5
2486,438,4.0
1821,438,4.5
1698,438,4.0
280,438,5.0
2281,438,3.0
1361,438,4.0
1362,438,4.0
4273,438,4.0
4274,438,4.0
4265,438,4.0
2671,438,4.0
1303,438,3.0
426,438,4.0
804,438,3.5
453,438,3.5
1087,438,3.0
384,438,3.0
287,438,3.0
479,438,2.5
1498,438,3.5
571,438,4.0
978,438,3.0
1067,438,3.5
4012,438,4.0
2675,438,3.0
327,438,4.0
1705,438,4.0
4678,438,3.5
1107,438,4.5
707,438,4.0
2517,438,4.0
2662,438,4.0
2288,438,4.0
2493,438,4.0
358,438,5.0
1036,438,5.0
574,438,4.5
429,438,3.0
903,438,4.0
1039,438,3.5
2568,438,4.0
2327,438,3.5
447,438,3.5
211,438,2.0
443,438,4.0
366,438,3.5
1194,438,2.5
456,438,3.5
388,438,3.5
1377,438,5.0
4638,438,4.0
1354,438,4.5
301,438,4.0
2979,438,4.5
26,438,3.0
246,438,3.5
905,438,4.0
462,438,3.0
1892,438,3.0
433,438,3.0
3015,438,2.5
353,438,2.5
1023,438,3.5
150,438,3.0
165,438,4.0
4340,438,4.0
1364,438,4.0
1154,438,4.0
1167,438,3.0
629,438,4.0
549,438,3.0
1058,438,4.0
2842,438,3.0
841,438,4.0
471,438,2.5
2923,438,4.5
542,438,2.0
397,438,4.0
582,438,3.0
639,438,4.0
920,438,3.5
3487,438,3.0
3049,438,3.5
2931,438,3.0
1653,438,3.0
626,438,3.5
1026,438,3.0
234,438,3.0
814,438,4.0
871,438,4.0
1298,438,3.0
1360,438,3.5
1542,438,3.5
71,438,2.0
2813,438,3.5
651,438,3.0
619,438,2.0
2317,438,3.5
1272,438,2.0
1341,438,3.0
663,438,3.5
2018,438,3.5
3008,438,4.0
344,438,4.5
376,438,4.0
713,438,3.5
1055,438,3.5
776,438,1.0
3174,438,3.0
1998,438,3.5
1348,438,2.0
1430,438,4.0
374,438,3.5
910,438,3.5
3889,438,3.5
1840,438,2.5
573,438,3.5
1538,438,4.0
1972,438,3.0
681,438,4.0
275,438,5.0
481,438,1.0
2460,438,3.0
214,438,3.5
834,438,3.0
1483,438,2.5
874,438,3.5
540,438,3.0
896,438,4.0
512,438,4.0
367,438,2.0
2983,438,2.5
766,438,4.0
1440,438,3.5
1548,438,4.0
812,438,4.0
1019,438,2.5
1228,438,2.5
351,438,3.0
1505,438,3.0
488,438,3.0
546,438,4.5
661,438,3.0
2909,438,3.5
2738,438,1.5
631,438,3.5
1114,438,4.0
385,438,3.5
1045,438,3.5
478,438,3.5
1664,438,3.5
2092,438,4.0
2513,438,4.0
2701,438,2.5
1135,438,3.5
402,438,3.5
3577,438,4.5
1311,438,2.5
1999,438,3.0
1584,438,3.0
2472,438,1.5
2045,438,0.5
561,438,3.0
900,438,4.5
876,438,4.5
111,438,3.5
475,438,3.0
469,438,3.5
359,438,3.0
333,438,1.5
556,438,2.5
364,438,3.0
1863,438,3.0
1056,438,2.5
169,438,3.5
2319,438,3.5
3358,438,3.5
2926,438,4.5
335,438,2.5
1034,438,2.5
279,438,3.0
346,438,4.0
1543,438,4.0
605,438,3.0
1446,438,4.0
2042,438,3.5
2426,438,3.5
1054,438,3.0
1719,438,2.5
1717,438,4.5
1017,438,2.5
232,438,4.0
1422,438,4.0
1182,438,2.5
2941,438,3.0
373,438,4.0
1190,438,3.0
389,438,4.0
2547,438,3.5
576,438,3.5
265,438,2.5
321,438,4.5
1195,438,3.0
2949,438,1.0
409,438,2.0
602,438,1.0
2830,438,2.0
1340,438,2.5
2417,438,2.5
580,438,3.5
632,438,4.5
865,438,3.5
1012,438,2.5
3597,438,3.0
716,438,3.0
1260,438,3.5
160,438,4.0
1759,438,3.0
231,438,3.5
1861,438,3.5
595,438,3.5
2507,438,2.0
276,438,2.0
908,438,3.0
747,438,3.0
674,438,3.5
569,438,3.0
1605,438,3.0
1249,438,2.0
2599,438,3.0
3897,438,3.5
3101,438,1.0
597,438,3.0
1461,438,2.5
1143,438,3.5
277,438,4.0
148,438,3.0
1275,438,2.0
1030,438,3.0
306,438,3.5
761,438,2.5
2310,438,4.0
2256,438,5.0
2109,438,3.0
823,438,3.5
756,438,3.0
3705,438,3.0
317,438,0.5
704,438,3.5
884,438,3.5
1541,438,3.0
911,438,4.0
934,438,3.0
1969,438,3.5
1871,438,3.0
3524,438,3.5
1357,438,3.5
1868,438,3.5
895,438,2.5
2106,438,2.5
2600,438,4.0
424,438,3.0
329,438,4.0
220,438,0.5
166,438,3.0
770,438,3.5
94,438,4.0
200,438,5.0
187,438,5.0
2484,438,3.5
370,438,2.5
383,438,3.5
575,438,4.0
1788,438,4.5
1704,438,3.0
3744,438,4.0
2032,438,3.0
2334,438,2.0
2102,438,4.0
829,438,4.5
1044,438,1.5
1497,438,3.5
1063,438,4.5
172,438,3.0
2326,438,3.5
1785,438,2.5
584,438,3.5
439,438,3.0
847,438,2.5
649,438,2.0
733,438,3.0
1658,438,3.5
1124,438,2.5
1251,438,2.5
3489,438,3.0
2746,438,4.0
1978,438,3.5
3245,438,2.0
1709,438,3.5
1297,438,2.0
2155,438,4.0
1419,438,4.0
729,438,3.0
809,438,3.0
1426,438,3.5
831,438,4.0
1581,438,3.0
725,438,4.0
2333,438,3.5
146,438,3.0
566,438,5.0
192,438,4.5
4749,438,4.0
1551,438,3.5
3450,438,4.0
31,438,4.5
267,438,4.0
860,438,2.5
4022,438,3.0
715,438,3.0
2191,438,3.0
1634,438,3.5
608,438,2.0
1438,438,3.5
526,438,3.0
717,438,3.5
1192,438,3.0
2410,438,5.0
2947,438,3.5
805,438,4.0
1845,438,4.0
292,438,4.0
113,438,1.0
1411,438,1.5
248,438,2.5
655,438,3.0
533,438,4.0
3435,438,3.5
1560,438,4.0
1796,438,3.0
689,438,3.0
669,438,1.5
1059,438,3.5
1637,438,3.5
816,438,4.5
528,438,3.0
442,438,3.0
1889,438,2.5
1179,438,4.0
168,438,4.0
1229,438,3.0
268,438,2.0
3079,438,4.5
230,438,3.5
249,438,2.0
120,438,4.5
186,438,2.0
243,438,3.0
163,438,2.5
1296,438,4.0
1516,438,4.0
793,438,4.0
3351,438,2.5
941,438,4.5
115,438,4.0
1687,438,3.5
25,438,2.0
1636,438,0.5
933,438,4.0
1761,438,4.0
1165,438,1.5
140,438,4.0
430,438,3.5
34,438,0.5
1254,438,0.5
1487,438,5.0
1606,438,4.0
2318,438,3.0
511,438,3.0
278,438,4.0
688,438,5.0
557,439,3.5
810,439,5.0
1821,439,4.5
280,439,3.5
1705,439,4.5
1008,439,3.0
150,439,2.0
629,439,4.0
385,439,4.5
43,439,4.0
3782,439,4.0
1253,440,3.5
2765,440,3.0
1728,440,5.0
2970,440,4.5
4297,440,3.0
2608,440,4.5
839,440,4.5
3162,440,4.5
3300,440,3.0
2739,440,3.5
1354,440,4.0
1765,440,4.5
4745,440,3.5
2066,440,4.0
892,440,4.0
4474,440,4.5
1183,440,3.0
2090,440,4.5
2516,440,4.0
3712,440,4.5
3244,440,4.5
3515,440,3.5
2155,440,4.0
511,440,3.5
58,440,4.0
696,441,4.5
2993,441,3.5
76,441,4.0
3236,441,5.0
1821,441,0.5
280,441,5.0
1705,441,4.0
4307,441,4.5
2327,441,5.0
234,441,4.5
1360,441,5.0
663,441,4.5
2095,441,5.0
900,441,4.5
2995,441,5.0
2130,441,3.5
674,441,5.0
1710,441,4.0
831,441,5.0
3601,441,5.0
2139,441,5.0
2474,441,5.0
1575,441,4.0
572,441,4.5
159,441,4.5
1557,441,4.5
1991,441,4.0
988,441,5.0
3154,442,1.0
4297,442,1.0
2832,442,0.5
2408,442,0.5
1960,442,1.0
1153,442,0.5
4085,442,2.0
4474,442,1.5
1183,442,0.5
1538,442,1.0
896,442,2.0
2516,442,2.5
1544,443,4.0
557,443,4.5
3236,443,4.0
810,443,5.0
3725,443,4.0
2406,443,3.0
2979,443,4.0
3061,443,4.0
2519,443,4.0
663,443,4.0
2155,443,4.0
117,443,4.0
2669,443,4.0
1,443,3.0
4098,443,4.0
97,443,1.0
427,443,5.0
2074,443,5.0
46,443,3.0
184,443,5.0
401,443,5.0
201,443,5.0
893,444,4.0
1540,444,4.0
1252,444,3.0
557,444,4.0
4344,444,5.0
76,444,3.0
2371,444,5.0
1567,444,3.0
3236,444,5.0
2819,444,3.0
810,444,5.0
3702,444,4.0
283,444,4.0
676,444,3.0
1814,444,3.0
1821,444,5.0
2793,444,4.0
2514,444,3.0
280,444,4.0
1361,444,3.0
1362,444,3.0
4273,444,3.0
4274,444,3.0
2452,445,3.5
557,445,5.0
4344,445,3.0
3236,445,4.0
810,445,3.0
1821,445,3.0
1728,445,4.0
2281,445,3.5
4179,445,5.0
3893,445,5.0
4012,445,3.0
3990,445,3.5
4586,445,5.0
3745,445,5.0
629,445,3.5
663,445,5.0
766,445,2.0
2909,445,3.5
385,445,2.0
1793,445,3.0
3712,445,4.0
2155,445,4.0
267,445,2.0
3946,445,4.5
120,445,2.0
1296,445,4.0
115,445,3.0
13,445,3.0
511,445,3.5
58,445,3.5
1816,445,4.5
572,445,4.5
440,445,4.5
93,445,3.5
97,445,4.5
3871,445,4.5
696,446,3.0
893,446,3.0
2452,446,5.0
1540,446,3.0
3749,446,3.0
1573,446,5.0
2721,446,3.0
2169,446,3.0
646,446,4.0
636,446,3.0
1729,446,4.0
300,446,1.0
921,446,3.0
356,446,3.0
536,446,1.0
76,446,2.0
4780,446,4.0
1893,446,4.0
2371,446,3.0
1567,446,2.0
930,446,3.0
3236,446,4.0
1305,446,3.0
2950,446,5.0
678,446,3.0
810,446,3.0
3702,446,4.0
1545,446,3.0
283,446,2.0
645,446,2.0
676,446,4.0
3254,446,4.0
1814,446,3.0
2486,446,5.0
1821,446,5.0
2793,446,3.0
2514,446,3.0
2020,446,3.0
1698,446,3.0
280,446,5.0
2281,446,4.0
1361,446,3.0
1362,446,3.0
4273,446,3.0
4274,446,3.0
4265,446,4.0
2671,446,3.0
426,446,4.0
696,447,3.0
2103,447,5.0
813,447,3.0
557,447,5.0
1994,447,3.0
636,447,4.0
300,447,4.0
921,447,2.0
356,447,4.0
536,447,4.0
827,447,4.0
1567,447,5.0
930,447,3.0
3236,447,5.0
1305,447,4.0
2950,447,3.0
2819,447,3.0
678,447,4.0
810,447,4.0
3702,447,3.0
1545,447,3.0
283,447,4.0
585,447,4.0
677,447,5.0
953,447,3.0
645,447,4.0
676,447,4.0
1814,447,3.0
2486,447,3.0
2049,447,4.0
2765,447,3.0
1839,447,4.0
2514,447,2.0
2020,447,5.0
1698,447,5.0
280,447,4.0
2281,447,3.0
1361,447,3.0
1362,447,3.0
4273,447,3.0
4274,447,3.0
4265,447,4.0
2671,447,4.0
1544,448,5.0
696,448,4.0
893,448,5.0
1553,448,2.0
616,448,3.0
1540,448,2.0
646,448,2.0
3647,448,3.5
2993,448,3.0
1125,448,2.0
1994,448,4.0
636,448,3.0
300,448,2.5
821,448,3.0
824,448,4.0
3353,448,3.5
356,448,4.0
1283,448,3.0
3447,448,3.5
76,448,2.0
4780,448,4.0
3236,448,5.0
1305,448,4.0
2819,448,3.0
2204,448,4.0
678,448,4.0
810,448,3.0
3702,448,3.0
1545,448,4.0
283,448,3.0
677,448,2.0
953,448,2.0
645,448,3.0
676,448,3.0
404,448,4.0
835,448,3.0
1814,448,4.0
2049,448,2.0
1728,448,4.0
1839,448,3.5
2793,448,4.0
2514,448,3.0
2020,448,3.0
280,448,3.0
2281,448,3.0
1361,448,3.0
1362,448,3.0
4273,448,3.0
4274,448,3.0
4265,448,4.0
1110,448,4.0
2671,448,3.0
1303,448,2.0
426,448,3.0
453,448,3.0
384,448,3.0
2341,448,3.0
3893,448,4.0
1886,448,4.0
1498,448,3.0
4336,448,4.5
2970,448,4.0
264,448,4.5
3572,448,3.0
2675,448,4.0
327,448,4.0
902,448,3.0
3452,448,5.0
3017,448,4.0
33,448,4.0
1705,448,5.0
2220,448,3.5
3934,448,4.0
4079,448,4.0
4307,448,5.0
3449,448,4.0
2971,448,4.0
707,448,3.0
2517,448,2.5
3464,448,3.0
2526,448,3.0
4586,448,5.0
3725,448,5.0
2406,448,2.0
1528,448,4.0
1850,448,5.0
839,448,3.0
3162,448,3.0
1666,448,5.0
2347,448,5.0
3745,448,5.0
2662,448,4.0
2667,448,4.0
2288,448,5.0
2493,448,5.0
3993,448,3.0
4486,448,4.0
1008,448,4.0
3451,448,4.0
2458,448,3.0
1372,448,5.0
1036,448,4.0
574,448,3.0
1370,448,3.0
1753,448,3.0
1586,448,1.5
2818,448,3.0
2320,448,3.0
1962,448,2.0
429,448,3.0
2739,448,3.0
3448,448,3.0
2812,448,4.0
2097,448,3.0
474,448,4.0
903,448,4.0
2824,448,4.0
241,448,2.0
945,448,2.0
1039,448,2.5
377,448,2.0
2327,448,4.0
447,448,0.5
260,448,1.0
211,448,1.5
443,448,3.0
817,448,3.0
1194,448,1.0
1857,448,3.0
388,448,3.0
1379,448,4.0
1377,448,4.0
1755,448,4.0
4638,448,4.5
802,448,3.0
301,448,4.0
3470,448,3.0
2979,448,4.0
246,448,4.0
2825,448,4.0
2540,448,2.0
3790,448,4.0
1881,448,1.0
905,448,4.0
462,448,1.5
763,448,2.0
433,448,3.0
2313,448,2.5
150,448,3.0
165,448,3.0
1193,448,4.0
2021,448,4.0
4340,448,4.0
1815,448,3.0
4231,448,2.0
2412,448,1.5
1364,448,3.0
2915,448,4.0
954,448,3.0
1154,448,3.0
1167,448,4.0
1781,448,2.0
4448,448,4.0
3241,448,3.0
1700,448,4.0
549,448,2.0
2693,448,3.0
2533,448,3.0
2842,448,4.0
2219,448,3.0
2111,448,3.0
2923,448,3.0
397,448,3.0
25,448,5.0
25,448,3.0
3700,448,4.5
582,448,4.0
1108,448,2.0
795,448,1.0
2349,448,3.0
3206,448,4.0
2672,448,3.0
3049,448,3.0
279,448,3.0
3905,448,2.0
4018,448,2.0
1561,448,3.0
781,448,4.0
3429,448,3.0
1492,448,3.0
1026,448,2.0
234,448,2.0
814,448,3.0
871,448,3.0
1298,448,3.0
2436,448,2.0
1360,448,4.5
4600,448,4.0
1542,448,4.0
1537,448,3.0
71,448,3.0
2813,448,3.5
1979,448,4.0
1760,448,2.0
3050,448,3.0
619,448,4.0
1612,448,3.0
2766,448,2.5
830,448,4.0
3831,448,5.0
2317,448,4.0
1227,448,2.0
1214,448,2.0
2519,448,4.0
1341,448,3.0
1153,448,4.0
1695,448,3.0
1735,448,4.0
1014,448,3.0
208,448,3.0
4189,448,4.0
3342,448,2.0
3890,448,4.5
4077,448,4.5
4346,448,4.0
2089,448,1.0
663,448,4.0
2829,448,5.0
2217,448,2.0
225,448,4.5
1716,448,4.5
1133,448,4.5
3347,448,5.0
3166,448,4.5
2756,448,4.0
2018,448,4.0
22,448,4.0
3178,448,4.0
3008,448,4.0
1500,448,3.0
2670,448,3.0
1610,448,4.0
344,448,5.0
2322,448,4.0
376,448,2.0
713,448,3.0
892,448,3.0
1055,448,4.0
2095,448,4.5
1051,448,4.0
833,448,3.0
3090,448,1.0
2747,448,2.0
1430,448,4.0
4528,448,4.0
1183,448,3.0
2440,448,2.0
3889,448,4.0
4704,448,3.0
2730,448,4.0
2090,448,4.0
573,448,3.0
1368,448,5.0
1981,448,3.0
2330,448,1.0
1115,448,2.0
1688,448,4.0
3455,448,4.5
681,448,2.0
275,448,4.0
481,448,1.0
2870,448,1.0
2460,448,4.0
2352,448,4.0
214,448,2.0
834,448,2.0
3255,448,3.5
1534,448,3.0
1483,448,3.0
4003,448,5.0
3741,448,5.0
1921,448,3.0
874,448,1.5
1123,448,3.0
896,448,4.0
1968,448,3.0
512,448,4.0
4081,448,3.0
414,448,3.0
367,448,2.0
644,448,3.0
2983,448,3.0
766,448,4.0
3463,448,3.0
1548,448,3.0
812,448,4.0
3707,448,4.0
3580,448,4.0
1019,448,3.0
351,448,2.0
472,448,4.0
1505,448,2.0
3340,448,3.5
546,448,2.0
2909,448,4.0
2738,448,2.0
385,448,4.0
1045,448,2.0
1793,448,2.0
1007,448,3.0
652,448,3.0
1976,448,2.0
2092,448,3.0
2513,448,5.0
2006,448,1.0
1572,448,2.0
544,448,0.5
684,448,2.0
1135,448,2.0
3048,448,3.0
2010,448,2.0
3577,448,4.0
1937,448,3.0
1366,448,2.0
2944,448,2.5
1702,448,3.0
1885,448,1.0
2592,448,0.5
1853,448,4.5
273,448,2.0
475,448,2.0
469,448,2.0
309,448,1.0
2516,448,3.0
333,448,1.0
556,448,3.0
364,448,2.5
1056,448,2.0
2319,448,1.5
2485,448,2.0
2521,448,3.0
2995,448,5.0
2926,448,5.0
335,448,4.0
279,448,1.5
3011,448,1.5
832,448,2.0
3623,448,3.5
2143,448,3.0
1543,448,3.0
1016,448,2.5
2769,448,1.5
2042,448,4.5
3223,448,0.5
1054,448,3.0
3152,448,5.0
937,448,2.0
1719,448,3.0
535,448,2.0
2630,448,3.0
1017,448,2.0
3712,448,4.0
232,448,4.0
1182,448,2.5
373,448,2.5
2350,448,3.0
1418,448,5.0
389,448,4.0
2130,448,3.0
265,448,2.5
321,448,4.0
602,448,1.5
2830,448,0.5
4299,448,4.0
2417,448,3.0
1060,448,3.0
3597,448,4.0
2515,448,4.0
160,448,4.0
231,448,3.0
1035,448,3.5
1861,448,1.0
595,448,2.0
415,448,1.5
237,448,2.0
276,448,4.0
908,448,3.5
747,448,2.0
445,448,4.0
1640,448,2.5
379,448,2.0
674,448,4.0
565,448,2.5
569,448,1.0
602,448,5.0
2833,448,4.0
207,448,4.0
1911,448,2.5
498,448,3.0
2893,448,3.0
3897,448,4.0
1898,448,1.5
3561,448,4.0
597,448,2.0
148,448,2.5
1030,448,1.5
761,448,1.5
756,448,3.0
1569,448,3.5
3705,448,4.0
317,448,4.5
704,448,2.5
884,448,4.0
1969,448,3.5
2093,448,1.5
3524,448,2.0
2615,448,2.0
2928,448,3.0
4227,448,3.5
424,448,3.0
329,448,3.5
220,448,1.0
166,448,1.0
94,448,1.5
200,448,3.5
1079,448,2.0
370,448,1.5
575,448,1.5
3034,448,2.5
3744,448,3.5
959,448,3.5
2102,448,4.0
829,448,4.0
1044,448,1.5
1497,448,3.5
172,448,3.0
2326,448,4.0
2820,448,3.0
665,448,2.0
1513,448,2.0
847,448,3.5
1124,448,2.5
3239,448,3.0
727,448,3.0
729,448,3.0
831,448,3.5
146,448,3.0
3147,448,3.0
1746,448,2.5
1345,448,2.5
4582,448,3.0
3115,448,1.5
4749,448,3.5
264,448,1.5
1551,448,4.0
3450,448,3.5
31,448,5.0
1849,448,4.0
267,448,3.0
4022,448,3.5
715,448,3.0
608,448,3.5
3601,448,4.0
2048,448,3.5
2139,448,4.5
2410,448,4.0
4298,448,2.5
292,448,2.0
248,448,1.5
1361,448,3.0
1362,448,3.0
4273,448,3.0
4274,448,3.0
3866,448,3.5
2164,448,3.0
3435,448,3.5
1560,448,4.5
118,448,3.0
689,448,2.5
528,448,2.0
442,448,3.5
1179,448,4.0
3079,448,4.0
230,448,3.5
510,448,4.0
249,448,2.0
120,448,3.5
936,448,2.0
186,448,3.0
243,448,2.0
826,448,2.0
2628,448,4.5
2720,448,3.0
558,448,3.5
25,448,4.0
1184,448,2.0
944,448,1.5
933,448,3.0
1761,448,3.5
140,448,2.5
2167,448,2.0
430,448,3.0
34,448,3.5
567,448,3.0
1501,448,2.0
13,448,2.5
3579,448,5.0
3737,448,3.5
11,448,2.5
3242,448,4.0
555,448,2.0
244,448,3.0
648,448,2.0
2411,448,2.5
2922,448,4.0
2318,448,4.0
879,448,4.0
2872,448,2.5
278,448,4.5
298,448,3.0
293,448,1.0
2760,448,4.0
1844,448,1.5
119,448,3.0
2474,448,4.5
422,448,4.0
688,448,3.0
686,448,3.0
6,448,3.0
517,448,3.5
2,448,2.0
399,448,3.0
112,448,2.0
2395,448,3.5
1021,448,4.0
282,448,4.0
137,448,3.5
2213,448,3.0
152,448,2.0
117,448,3.0
1829,448,2.0
421,448,3.0
2619,448,4.0
420,448,1.5
848,448,3.0
1373,448,4.0
69,448,4.0
1818,448,2.5
54,448,2.0
182,448,3.0
362,448,2.0
58,448,2.5
513,448,2.0
116,448,2.0
438,448,3.0
640,448,3.0
2476,448,3.0
3411,448,2.0
354,448,3.5
1973,448,4.5
2374,448,3.0
121,448,3.5
12,448,3.5
1706,448,3.0
914,448,3.5
361,448,3.5
68,448,3.5
2345,448,2.0
3143,448,3.5
572,448,3.5
123,448,2.5
159,448,3.5
129,448,2.0
122,448,3.0
67,448,3.0
36,448,1.0
2624,448,3.0
281,448,3.0
3343,448,2.5
1557,448,3.5
1708,448,3.5
3324,448,3.0
3480,448,4.0
2598,448,3.0
477,448,1.5
1991,448,4.0
1568,448,3.0
3155,448,1.0
60,448,1.5
1,448,3.0
398,448,2.0
357,448,4.0
2359,448,3.0
440,448,4.0
1336,448,1.5
33,448,3.0
313,448,3.0
2692,448,1.5
1346,448,2.0
207,448,1.0
1723,448,4.0
2071,448,2.5
3380,448,2.5
80,448,3.0
22,448,2.0
531,448,1.5
51,448,1.0
3933,448,3.5
1037,448,2.0
43,448,5.0
615,448,3.0
97,448,4.0
521,448,3.5
228,448,1.0
189,448,1.5
624,448,1.5
412,448,3.0
2806,448,4.0
1529,448,2.5
3267,448,2.0
589,448,2.0
3280,448,4.5
2632,448,3.5
2096,448,4.0
642,448,1.5
197,448,3.5
2733,448,3.5
345,448,3.0
1234,448,2.5
3028,448,0.5
2263,448,2.5
1368,448,4.0
40,448,2.0
227,448,2.5
1662,448,4.0
285,448,2.0
252,448,1.5
459,448,2.0
1838,448,2.0
3060,448,2.5
1219,448,3.0
179,448,4.0
2304,448,2.5
620,448,3.0
940,448,2.5
583,448,1.0
446,448,2.0
1508,448,1.0
4039,448,2.0
548,448,2.0
1613,448,3.5
375,448,2.0
130,448,2.5
1307,448,3.5
1502,448,4.0
18,448,1.5
1582,448,3.5
138,448,3.0
102,448,4.0
3637,448,3.0
909,448,3.0
42,448,1.5
836,448,2.0
2282,448,1.5
53,448,0.5
988,448,1.5
1506,448,2.0
1367,448,3.0
41,448,3.0
170,448,3.0
926,448,3.5
1387,448,2.5
3587,448,3.0
336,448,2.5
1724,448,2.5
1247,448,2.0
3780,448,3.0
1983,448,1.5
721,448,4.0
929,448,4.0
601,448,1.5
2462,448,4.0
258,448,2.5
1968,448,2.5
4367,448,3.0
3868,448,3.0
1102,448,2.0
395,448,3.0
1412,448,2.5
70,448,4.0
500,448,2.0
586,448,3.5
206,448,2.5
1801,448,2.0
154,448,2.5
922,448,4.0
3549,448,1.5
1856,448,2.0
1758,448,1.5
2005,448,2.5
1139,448,1.0
2827,448,3.5
393,448,2.5
4453,448,2.5
2831,448,1.5
654,448,2.0
5,448,2.0
1121,448,4.5
2201,448,1.5
133,448,1.5
28,448,1.0
2816,448,2.0
134,448,2.0
81,448,2.0
221,448,2.5
3474,448,3.0
1496,448,2.0
2464,448,3.5
147,448,2.5
56,448,3.0
2068,448,3.0
625,448,2.0
599,448,2.0
904,448,4.0
1077,448,2.5
208,448,1.5
30,448,4.0
731,448,3.0
1434,448,2.0
2425,448,3.0
803,448,1.5
416,448,2.0
1043,448,1.0
391,448,2.5
1104,448,4.0
1420,448,1.5
302,448,3.0
1128,448,2.5
2590,448,2.5
90,448,3.5
2074,448,4.0
1533,448,3.5
1009,448,3.0
217,448,3.0
634,448,3.5
2503,448,1.5
155,448,2.5
3511,448,1.5
885,448,4.0
718,448,2.5
288,448,3.0
1391,448,2.0
1837,448,2.0
2623,448,3.0
748,448,2.5
1371,448,1.5
997,448,2.0
49,448,2.5
2774,448,2.0
229,448,2.0
1171,448,4.0
1795,448,3.0
1503,448,4.0
32,448,3.0
48,448,3.0
295,448,2.5
194,448,1.5
15,448,2.5
35,448,4.0
52,448,1.0
46,448,2.0
223,448,2.5
507,448,3.0
141,448,1.0
3849,448,1.5
199,448,1.5
178,448,2.5
4154,448,3.0
1342,448,2.5
437,448,1.5
1743,448,3.0
2363,448,1.0
240,448,4.0
1334,448,4.0
3809,448,1.0
2852,448,4.5
3266,448,3.5
3534,448,2.5
1663,448,1.5
819,448,4.5
3228,448,3.0
127,448,2.0
1715,448,2.0
2846,448,4.5
85,448,2.0
1479,448,3.5
4156,448,1.5
1151,448,4.0
2000,448,3.5
1389,448,4.0
907,448,4.0
1299,448,1.5
1833,448,2.0
738,448,2.5
745,448,4.0
777,448,1.5
2741,448,1.5
96,448,3.0
254,448,1.5
3067,448,3.0
86,448,3.5
190,448,2.0
859,448,3.0
39,448,2.5
203,448,2.5
334,448,1.5
1745,448,1.5
2315,448,3.5
1155,448,2.5
47,448,3.0
1073,448,2.0
82,448,2.5
1231,448,3.5
75,448,3.5
135,448,2.0
1866,448,3.0
912,448,4.0
3759,448,3.5
1966,448,1.5
37,448,1.5
2101,448,1.0
3871,448,4.5
694,448,3.0
83,448,3.0
2365,448,2.0
1224,448,1.5
4386,448,2.0
95,448,3.5
239,448,2.0
2409,448,2.5
4366,448,3.0
2137,448,2.0
791,448,4.0
3148,448,2.0
457,448,2.5
2740,448,4.0
89,448,4.0
2755,448,3.0
2505,448,1.5
2925,448,1.5
2228,448,2.5
158,448,2.0
1173,448,1.5
2550,448,3.5
311,448,2.5
29,448,2.5
1199,448,2.0
3671,448,1.5
3641,448,3.0
643,448,2.5
2555,448,3.0
2843,448,3.0
3051,448,3.5
918,448,2.5
1140,448,3.5
196,448,2.5
332,448,1.0
1010,448,2.0
1022,448,1.0
607,448,2.0
109,448,2.0
3863,448,1.5
128,448,3.0
108,448,1.5
8,448,3.0
183,448,3.5
243,448,1.0
789,448,4.0
27,448,3.0
65,448,2.0
3118,448,2.0
1887,448,2.0
1156,448,0.5
3146,448,1.5
2868,448,2.5
3785,448,2.0
3362,448,2.5
3752,448,1.0
3505,448,1.5
653,448,3.0
3029,448,2.5
2422,448,3.5
1469,448,2.0
984,448,2.0
144,448,1.5
2378,448,3.0
1168,448,2.0
88,448,2.0
1312,448,1.5
245,448,1.5
1686,448,3.0
3748,448,2.0
1435,448,1.5
271,448,4.0
1374,448,4.0
78,448,4.0
363,448,2.5
1811,448,2.0
73,448,3.0
92,448,1.5
57,448,2.5
617,448,4.0
547,448,2.5
3,448,3.0
2357,448,3.0
1539,448,1.5
1827,448,1.5
84,448,1.5
10,448,2.0
79,448,3.0
532,448,2.0
1455,448,3.5
3880,448,1.5
177,448,3.5
1600,448,3.0
1175,448,2.5
2196,448,1.5
739,448,3.0
1113,448,2.0
1739,448,2.0
672,448,3.0
2218,448,2.0
465,448,2.5
1189,448,3.5
3157,448,1.5
2044,448,3.0
792,448,2.5
1427,448,2.5
1328,448,1.5
999,448,2.0
1337,448,2.5
153,448,3.0
3303,448,2.0
3982,448,3.0
1176,448,1.5
622,448,3.0
3560,448,2.5
1703,448,4.0
2328,448,2.0
2582,448,1.5
1454,448,2.5
238,448,1.5
1388,448,3.0
1773,448,2.5
1693,448,1.5
551,448,2.5
2391,448,1.5
106,448,1.5
1685,448,4.0
242,448,2.0
149,448,1.5
915,448,2.5
219,448,2.0
4513,448,1.5
63,448,2.0
3017,448,3.0
1821,449,4.0
966,449,1.5
3449,449,3.5
150,449,1.5
1154,449,2.5
1167,449,2.5
2923,449,2.5
3061,449,4.5
3027,449,4.0
3049,449,4.5
651,449,2.5
830,449,3.0
2519,449,4.0
663,449,4.5
2909,449,4.0
1793,449,3.5
1007,449,3.5
3577,449,4.5
3897,449,4.5
2184,450,2.0
557,450,5.0
4344,450,4.0
280,450,5.0
426,450,4.0
3934,450,4.0
3725,450,5.0
3243,450,4.0
2812,450,5.0
1397,450,4.0
2575,450,5.0
629,450,5.0
2111,450,4.0
2519,450,4.0
713,450,4.0
374,450,3.0
4474,450,4.0
26,450,4.0
1996,450,4.0
2090,450,4.0
2151,450,4.0
1538,450,5.0
3261,450,4.0
834,450,4.0
4003,450,4.0
1974,450,4.0
812,450,4.0
3707,450,4.0
1228,450,4.0
351,450,4.0
1544,451,5.0
2452,451,5.0
3749,451,5.0
646,451,4.0
835,451,3.0
426,451,4.0
384,451,3.0
966,451,3.0
287,451,3.0
1498,451,3.0
1067,451,4.0
3934,451,4.0
1036,451,3.0
696,452,4.0
2103,452,4.0
3833,452,5.0
2184,452,4.0
557,452,5.0
300,452,4.0
3353,452,4.0
1283,452,4.0
2950,452,5.0
810,452,5.0
1545,452,4.0
283,452,5.0
676,452,4.0
1821,452,5.0
1728,452,5.0
280,452,5.0
1361,452,5.0
1362,452,5.0
4273,452,5.0
4274,452,5.0
426,452,5.0
384,452,4.0
2970,452,3.0
1705,452,4.0
4307,452,5.0
2971,452,5.0
2517,452,4.0
3464,452,5.0
4586,452,5.0
2406,452,5.0
839,452,4.0
3162,452,4.0
2173,452,4.0
3243,452,5.0
2662,452,5.0
2288,452,4.0
2493,452,5.0
1008,452,4.0
1372,452,5.0
1036,452,5.0
1370,452,2.0
1753,452,4.0
2818,452,5.0
2320,452,4.0
1962,452,5.0
2812,452,5.0
474,452,5.0
2285,452,5.0
2327,452,5.0
211,452,3.0
443,452,5.0
366,452,5.0
388,452,5.0
1379,452,4.0
1377,452,5.0
1755,452,5.0
802,452,4.0
1354,452,5.0
2982,452,5.0
301,452,5.0
1964,452,5.0
246,452,4.0
763,452,4.0
433,452,4.0
150,452,5.0
4340,452,4.0
1081,452,4.0
629,452,5.0
1700,452,5.0
549,452,5.0
3883,452,5.0
1058,452,5.0
841,452,5.0
1971,452,5.0
397,452,5.0
582,452,5.0
1783,452,5.0
920,452,5.0
3049,452,5.0
279,452,4.0
4182,452,4.0
4018,452,5.0
2087,452,4.0
234,452,4.0
814,452,4.0
1360,452,5.0
2813,452,5.0
2066,452,5.0
3831,452,5.0
1504,452,4.0
2845,452,5.0
2519,452,4.0
208,452,4.0
3890,452,4.0
4346,452,4.0
1716,452,4.0
2670,452,5.0
1055,452,5.0
1051,452,4.0
1166,452,4.0
239,452,4.0
656,452,5.0
2330,452,5.0
3455,452,5.0
275,452,4.0
2460,452,5.0
214,452,5.0
3255,452,3.0
4677,452,4.0
2999,452,5.0
1123,452,5.0
1968,452,4.0
512,452,4.0
2909,452,5.0
1835,452,5.0
2738,452,5.0
1045,452,5.0
1793,452,5.0
2513,452,4.0
1853,452,4.0
333,452,5.0
364,452,3.0
169,452,4.0
2995,452,4.0
279,452,5.0
1543,452,5.0
2042,452,5.0
937,452,4.0
1017,452,4.0
389,452,4.0
94,452,4.5
1544,453,5.0
696,453,2.0
893,453,3.0
1540,453,3.0
1573,453,4.0
2184,453,4.0
2993,453,4.0
557,453,5.0
1994,453,3.0
3353,453,4.0
356,453,5.0
1380,453,3.0
76,453,2.0
1893,453,5.0
930,453,4.0
3236,453,5.0
2819,453,4.0
810,453,5.0
3702,453,5.0
1545,453,4.0
283,453,4.0
645,453,4.0
676,453,4.0
1821,453,3.0
1698,453,5.0
280,453,5.0
2671,453,4.0
426,453,3.0
384,453,3.0
3893,453,5.0
1886,453,4.0
479,453,3.0
4336,453,3.0
2675,453,5.0
1705,453,5.0
4016,453,3.0
4678,453,3.0
4307,453,5.0
4586,453,5.0
2662,453,5.0
2458,453,5.0
3533,453,5.0
574,453,5.0
474,453,4.0
903,453,4.0
2824,453,5.0
2285,453,1.0
1039,453,4.0
447,453,3.0
1033,453,5.0
443,453,5.0
456,453,3.0
1379,453,4.0
1377,453,4.0
593,453,3.0
1354,453,4.0
301,453,1.0
2979,453,3.0
1421,453,4.0
26,453,2.0
246,453,2.0
2825,453,4.0
2540,453,4.0
3259,453,5.0
905,453,4.0
657,453,4.0
1625,453,4.0
2313,453,4.0
458,453,3.0
1023,453,5.0
150,453,5.0
4745,453,4.0
2021,453,4.0
1167,453,5.0
629,453,4.0
549,453,1.0
1058,453,4.0
841,453,4.0
705,453,5.0
4379,453,4.0
3061,453,4.0
397,453,2.0
3027,453,2.0
1783,453,5.0
639,453,4.0
2461,453,3.0
3049,453,5.0
1561,453,5.0
2742,453,5.0
3429,453,5.0
3220,453,4.0
234,453,5.0
1122,453,4.0
1360,453,5.0
1542,453,3.0
2813,453,5.0
651,453,3.0
619,453,4.0
830,453,4.0
1227,453,4.0
2519,453,5.0
1014,453,5.0
208,453,5.0
663,453,5.0
225,453,4.0
2756,453,5.0
3008,453,1.0
344,453,5.0
2322,453,4.0
1335,453,2.0
892,453,4.0
1055,453,5.0
2587,453,3.0
2095,453,5.0
1166,453,1.0
1225,453,1.0
1998,453,4.0
1001,453,5.0
1996,453,3.0
1840,453,3.0
2151,453,3.0
1538,453,3.0
1115,453,3.0
1688,453,4.0
3930,453,5.0
681,453,3.0
275,453,5.0
2460,453,4.0
2352,453,4.0
214,453,2.0
874,453,4.0
1123,453,5.0
896,453,3.0
4532,453,4.0
512,453,3.0
347,453,4.0
414,453,4.0
2983,453,4.0
766,453,4.0
2579,453,1.0
2802,453,4.0
1548,453,3.0
812,453,4.0
3580,453,5.0
1019,453,4.0
1228,453,3.0
472,453,2.0
2909,453,5.0
1835,453,5.0
2738,453,5.0
1114,453,3.0
385,453,5.0
1045,453,4.0
1793,453,5.0
478,453,3.0
1007,453,5.0
1572,453,2.0
1135,453,5.0
402,453,4.0
3577,453,5.0
2944,453,3.0
1702,453,4.0
1834,453,5.0
2472,453,2.0
900,453,5.0
876,453,5.0
111,453,4.0
469,453,4.0
2319,453,4.0
346,453,5.0
632,453,5.0
1012,453,3.0
3597,453,4.0
160,453,4.0
1759,453,4.0
231,453,4.0
1035,453,1.0
276,453,4.0
445,453,4.0
565,453,4.0
3198,453,4.0
277,453,4.0
3647,454,3.0
4344,454,3.5
3236,454,4.0
4307,454,4.0
1528,454,3.0
2173,454,4.5
3883,454,4.5
3027,454,4.5
2519,454,5.0
1651,454,4.0
4085,454,4.5
2756,454,2.5
3707,454,4.0
3712,454,3.5
1410,454,3.5
829,454,4.5
2155,454,3.5
3639,454,3.5
3946,454,3.0
511,454,4.0
2017,454,2.5
1832,454,3.5
3628,454,4.0
1573,455,4.0
1530,455,4.0
557,455,4.0
4344,455,3.0
636,455,3.0
1729,455,3.0
824,455,4.0
356,455,3.0
827,455,3.0
2535,455,4.0
1567,455,4.0
930,455,3.0
1305,455,3.0
2819,455,3.0
678,455,4.0
810,455,5.0
3702,455,4.0
1545,455,4.0
283,455,3.0
953,455,3.0
645,455,3.0
676,455,3.0
1814,455,3.0
1821,455,5.0
2793,455,3.0
2020,455,5.0
1698,455,3.0
280,455,3.0
2281,455,4.0
1361,455,3.0
1362,455,3.0
4273,455,3.0
4274,455,3.0
2671,455,4.0
1544,456,5.0
2993,456,3.0
426,456,4.0
804,456,4.0
1087,456,3.0
384,456,3.0
287,456,4.0
1498,456,4.0
571,456,5.0
4678,456,4.0
3934,456,3.0
903,456,5.0
2824,456,4.0
2285,456,5.0
1573,457,2.0
557,457,5.0
4780,457,5.0
1305,457,4.0
676,457,2.0
4586,457,5.0
2288,457,4.0
1036,457,3.0
1370,457,3.0
1753,457,2.0
1586,457,2.0
2818,457,5.0
2320,457,4.0
1962,457,4.0
301,457,3.0
920,457,4.0
2742,457,4.0
2087,457,3.0
626,457,3.0
2629,457,2.0
234,457,3.0
1542,457,3.0
71,457,1.0
2813,457,4.0
651,457,3.0
3831,457,5.0
2519,457,3.0
663,457,5.0
1166,457,2.0
910,457,2.0
275,457,5.0
481,457,1.0
214,457,3.0
512,457,3.0
347,457,3.0
367,457,2.0
766,457,4.0
696,458,4.0
1540,458,5.0
2721,458,4.0
813,458,3.0
1530,458,5.0
646,458,5.0
557,458,5.0
636,458,5.0
300,458,5.0
824,458,5.0
356,458,4.0
76,458,3.0
827,458,5.0
2535,458,3.0
1567,458,4.0
930,458,5.0
3236,458,4.0
1305,458,4.0
2819,458,3.0
678,458,5.0
810,458,5.0
1545,458,5.0
283,458,3.0
676,458,5.0
1814,458,3.0
2020,458,5.0
1698,458,4.0
280,458,3.0
2281,458,2.0
1361,458,3.0
1362,458,3.0
4273,458,3.0
4274,458,3.0
2671,458,4.0
384,458,4.0
3934,458,2.0
1123,459,2.5
512,459,3.5
385,459,4.0
232,459,4.5
160,459,4.0
277,459,4.0
329,459,5.0
192,459,4.5
31,459,3.0
119,459,4.0
572,459,4.5
67,459,5.0
1,459,5.0
440,459,4.5
97,459,4.5
90,459,4.5
288,459,5.0
1544,460,4.5
636,460,4.5
810,460,4.5
1728,460,3.0
2971,460,3.5
2458,460,3.5
366,460,5.0
2979,460,4.0
2313,460,4.0
663,460,4.5
344,460,4.0
275,460,5.0
195,460,3.0
644,460,3.5
1019,460,3.5
385,460,4.5
900,460,4.0
359,460,4.0
1835,460,4.0
3712,460,4.5
232,460,4.0
389,460,4.0
276,460,4.0
2256,460,3.5
884,460,4.0
329,460,5.0
3734,460,4.5
3244,460,5.0
200,460,4.0
584,460,4.0
275,460,5.0
192,460,4.5
31,460,3.5
1845,460,4.0
2400,460,4.5
168,460,3.5
1296,460,5.0
115,460,4.0
933,460,4.0
919,460,4.5
511,460,5.0
278,460,4.0
2474,460,4.5
592,460,4.0
3338,460,4.5
58,460,5.0
2669,460,4.5
3628,460,3.5
67,460,4.5
357,460,4.5
93,460,4.5
97,460,4.5
3267,460,4.5
1509,460,3.5
4707,460,4.5
810,461,5.0
676,461,0.5
1821,461,3.5
2020,461,4.0
1705,461,0.5
1850,461,4.0
2456,461,4.5
3243,461,4.0
2979,461,4.0
905,461,4.5
1815,461,3.5
275,461,0.5
572,461,0.5
440,461,4.0
427,461,0.5
288,461,4.5
240,461,0.5
1544,462,1.5
696,462,3.0
893,462,3.5
1540,462,4.0
3749,462,3.0
2930,462,3.5
4344,462,5.0
3360,462,4.0
4780,462,4.0
2371,462,2.5
3635,462,5.0
3236,462,2.5
2950,462,2.5
2204,462,2.0
810,462,2.5
1545,462,1.0
1814,462,0.5
2486,462,2.5
1821,462,1.5
1728,462,3.5
4461,462,4.0
280,462,2.5
1361,462,3.0
1362,462,3.0
4273,462,3.0
4274,462,3.0
2671,462,1.5
4179,462,4.5
3893,462,2.5
1067,462,0.5
3990,462,3.5
4336,462,4.0
2970,462,2.0
3892,462,4.0
1705,462,1.5
4307,462,3.5
3449,462,4.0
2971,462,1.0
2526,462,3.0
4586,462,4.5
2406,462,2.0
1528,462,3.0
1850,462,4.5
839,462,3.0
3162,462,3.0
2173,462,4.5
2331,462,3.5
2347,462,5.0
3745,462,4.5
2456,462,1.0
3243,462,4.0
2667,462,3.0
2288,462,1.5
3993,462,4.5
4486,462,4.5
358,462,4.0
1372,462,3.5
1372,462,3.5
2797,462,1.5
2818,462,2.0
3448,462,4.0
2812,462,3.0
1397,462,3.5
2327,462,2.5
1377,462,4.0
1354,462,3.0
2821,462,3.0
301,462,5.0
26,462,2.5
905,462,1.0
2021,462,3.0
3829,462,5.0
4340,462,5.0
1815,462,2.0
629,462,2.0
4720,462,4.5
1700,462,1.5
3943,462,5.0
1878,462,1.5
4795,462,4.0
25,462,2.5
1783,462,0.5
2461,462,3.0
3220,462,4.5
234,462,0.5
1360,462,3.5
4600,462,4.5
2940,462,4.5
3831,462,4.0
2317,462,1.5
2519,462,3.5
517,462,3.5
663,462,3.5
225,462,4.5
2756,462,3.5
2670,462,1.0
1390,462,4.0
4704,462,4.0
3542,462,4.0
3032,462,2.5
2730,462,2.5
4244,462,3.5
4019,462,3.5
3818,462,4.0
2330,462,1.0
3455,462,1.0
275,462,2.0
4731,462,3.5
512,462,4.0
766,462,3.0
4303,462,3.0
1793,462,2.5
2516,462,2.5
3536,462,2.5
3712,462,2.0
232,462,1.5
2335,462,2.5
160,462,1.5
3773,462,3.5
3897,462,4.5
2310,462,3.5
2791,462,3.5
1931,462,3.5
200,462,4.0
4093,462,4.5
3424,462,3.5
1710,462,4.0
1245,462,5.0
4749,462,3.0
3450,462,3.5
715,462,2.0
608,462,2.0
2048,462,3.0
2139,462,4.5
2410,462,4.0
1853,462,3.5
4524,462,3.5
120,462,2.0
186,462,1.5
3352,462,3.0
2720,462,4.5
3287,462,4.0
34,462,2.5
2318,462,4.0
511,462,4.0
278,462,1.5
2760,462,3.5
2474,462,3.5
212,462,4.0
3172,462,4.0
112,462,1.5
59,462,1.0
3332,462,4.0
1832,462,3.0
4389,462,4.0
4173,462,4.5
1332,462,4.5
2144,462,3.5
36,462,3.0
3343,462,1.5
1568,462,4.5
3215,462,4.0
1346,462,4.0
4098,462,4.5
4102,462,4.0
1368,462,3.0
1582,462,2.5
102,462,3.0
336,462,4.0
1943,462,3.5
70,462,2.5
206,462,1.5
1570,462,3.5
32,462,3.0
48,462,2.0
4446,462,4.0
1342,462,4.0
819,462,4.0
1299,462,3.5
1155,462,3.5
83,462,4.0
2525,462,3.5
20,462,1.5
128,462,2.5
243,462,2.5
1599,462,3.5
739,462,2.5
2126,462,4.5
2044,462,1.5
1329,462,4.5
2308,462,5.0
1040,462,3.5
557,463,4.5
3236,463,4.0
810,463,4.0
1821,463,4.0
447,463,4.5
741,463,4.0
629,463,4.5
1058,463,3.0
2730,463,3.0
351,463,2.0
402,463,4.0
111,463,3.0
321,463,4.0
231,463,4.0
329,463,3.5
200,463,3.5
172,463,3.5
3450,463,3.5
1137,463,4.5
893,464,4.5
616,464,4.0
970,464,3.0
3749,464,4.0
557,464,5.0
356,464,5.0
1567,464,4.0
3236,464,4.5
2819,464,2.0
810,464,5.0
1545,464,4.0
1718,464,1.5
283,464,3.0
676,464,4.0
1821,464,4.5
1728,464,3.5
280,464,5.0
2281,464,5.0
2671,464,4.5
426,464,3.5
804,464,2.5
978,464,3.0
1705,464,5.0
2971,464,4.0
2517,464,4.5
1850,464,4.5
574,464,2.0
474,464,2.0
903,464,4.5
447,464,4.0
1194,464,1.0
1377,464,5.0
1354,464,4.0
2979,464,4.0
550,464,3.5
828,464,4.0
2021,464,3.0
1081,464,4.5
629,464,4.5
3061,464,5.0
1360,464,2.0
568,464,2.0
2519,464,4.0
208,464,2.5
663,464,5.0
1183,464,5.0
2330,464,2.0
275,464,5.0
2999,464,3.0
546,464,4.0
2909,464,4.5
385,464,5.0
3577,464,4.0
111,464,4.0
389,464,4.0
865,464,2.5
160,464,4.0
884,464,5.0
146,464,5.0
566,464,3.0
113,464,3.0
248,464,4.5
230,464,5.0
417,464,3.0
2125,464,1.5
1832,464,3.0
3211,464,4.0
420,464,2.5
1333,464,2.5
69,464,3.0
4484,464,3.0
58,464,2.0
3295,464,4.0
1098,464,3.0
623,464,4.5
193,464,4.0
444,464,4.0
1,464,5.0
342,464,2.0
80,464,3.0
51,464,2.5
97,464,5.0
646,465,3.0
4344,465,5.0
930,465,3.0
1305,465,3.0
678,465,4.0
810,465,5.0
1545,465,3.0
1821,465,5.0
1728,465,5.0
4179,465,5.0
4336,465,5.0
2970,465,5.0
1705,465,4.0
4307,465,5.0
3449,465,4.0
2406,465,5.0
1528,465,5.0
839,465,5.0
3162,465,5.0
2173,465,5.0
2832,465,5.0
1372,465,4.0
1372,465,5.0
574,465,4.0
1344,465,4.0
443,465,3.0
388,465,4.0
1377,465,5.0
1354,465,4.0
1765,465,4.0
4207,465,4.0
629,465,5.0
2918,465,5.0
841,465,4.0
397,465,4.0
1222,465,2.0
234,465,2.0
2066,465,4.0
1014,465,3.0
208,465,4.0
2670,465,4.0
1051,465,4.0
2730,465,5.0
214,465,2.0
4003,465,5.0
1789,465,3.0
4677,465,4.0
2999,465,3.0
2376,465,5.0
3898,465,4.0
1921,465,4.0
810,466,5.0
663,466,4.0
1996,466,4.0
275,466,4.0
512,466,4.0
1062,466,4.5
385,466,4.5
1366,466,3.5
900,466,3.0
333,466,4.0
279,466,3.5
346,466,3.5
1543,466,4.0
389,466,5.0
321,466,3.5
632,466,3.5
160,466,3.5
569,466,3.5
277,466,5.0
148,466,3.5
884,466,3.5
3524,466,4.0
2928,466,4.0
424,466,4.0
329,466,3.5
220,466,3.5
200,466,4.0
829,466,3.5
2746,466,4.5
516,466,4.0
831,466,3.5
192,466,4.5
267,466,4.0
4298,466,4.0
118,466,1.5
689,466,3.5
816,466,3.0
249,466,4.0
120,466,3.5
243,466,4.0
115,466,4.5
34,466,3.5
13,466,4.5
3242,466,4.5
298,466,4.0
119,466,4.5
6,466,3.5
2,466,4.0
399,466,4.5
114,466,4.5
2395,466,3.5
2181,466,4.5
117,466,4.5
1829,466,4.0
69,466,4.0
182,466,4.5
58,466,4.5
2669,466,2.0
131,466,4.0
866,466,5.0
159,466,4.0
67,466,5.0
9,466,4.5
357,466,4.5
440,466,4.5
93,466,4.5
80,466,4.0
43,466,3.5
615,466,4.5
97,466,4.0
412,466,3.5
138,466,4.0
102,466,3.5
427,466,2.5
96,466,4.0
75,466,5.0
161,466,4.0
694,466,3.5
95,466,3.5
2525,466,4.5
3156,467,4.0
1821,467,5.0
3533,467,4.0
26,467,4.0
629,467,4.0
1787,467,2.0
486,467,2.0
3484,467,5.0
582,467,1.0
1544,468,4.0
2721,468,5.0
557,468,4.0
4344,468,3.0
636,468,5.0
300,468,3.0
921,468,2.0
824,468,2.0
356,468,3.0
76,468,3.0
827,468,4.0
1567,468,4.0
930,468,4.0
3236,468,3.0
2819,468,3.0
678,468,2.0
283,468,4.0
645,468,3.0
1698,468,3.0
2281,468,5.0
1361,468,3.0
1362,468,3.0
4273,468,3.0
4274,468,3.0
1544,469,4.0
696,469,2.0
2930,469,3.0
2721,469,2.0
2103,469,1.0
2169,469,4.0
2184,469,2.0
557,469,5.0
4344,469,5.0
1380,469,2.0
76,469,3.0
4780,469,3.0
930,469,3.0
3236,469,5.0
1305,469,2.0
3702,469,3.0
283,469,4.0
3410,469,5.0
676,469,3.0
1821,469,4.0
1728,469,5.0
2793,469,5.0
1698,469,2.0
280,469,4.0
2281,469,4.0
1361,469,3.0
1362,469,3.0
4273,469,3.0
4274,469,3.0
3154,469,3.0
426,469,2.0
384,469,3.0
4179,469,5.0
479,469,2.0
3514,469,3.0
4012,469,3.0
3990,469,3.0
4336,469,5.0
3819,469,3.0
2970,469,5.0
4288,469,3.0
3452,469,4.0
1705,469,4.0
1107,469,3.0
3934,469,5.0
4079,469,3.0
4147,469,4.0
4307,469,5.0
3449,469,4.0
2971,469,4.0
707,469,3.0
2517,469,3.0
3464,469,4.0
4586,469,5.0
3725,469,5.0
2608,469,5.0
2406,469,4.0
2553,469,4.0
4082,469,4.0
1528,469,5.0
1850,469,4.0
839,469,5.0
3162,469,5.0
2948,469,3.0
2173,469,4.0
2331,469,5.0
1666,469,5.0
2347,469,5.0
3745,469,5.0
3243,469,5.0
2662,469,5.0
2288,469,3.0
3300,469,4.0
2493,469,5.0
3993,469,4.0
358,469,5.0
1008,469,3.0
3451,469,4.0
2458,469,4.0
1036,469,3.0
3680,469,4.0
574,469,2.0
1370,469,3.0
1753,469,3.0
1586,469,1.0
2818,469,4.0
2320,469,4.0
1962,469,3.0
429,469,4.0
2812,469,5.0
2097,469,3.0
1397,469,3.0
1039,469,3.0
2568,469,4.0
1344,469,3.0
260,469,1.0
211,469,2.0
366,469,5.0
380,469,4.0
771,469,2.0
456,469,2.0
1377,469,5.0
1354,469,5.0
2982,469,3.0
2821,469,4.0
301,469,1.0
741,469,3.0
2979,469,3.0
2825,469,3.0
2540,469,3.0
1765,469,3.0
550,469,1.0
905,469,4.0
462,469,2.0
433,469,4.0
2313,469,5.0
150,469,1.0
4745,469,4.0
2021,469,3.0
4206,469,5.0
4439,469,5.0
3829,469,5.0
4340,469,4.0
3453,469,5.0
3531,469,3.0
4231,469,4.0
2641,469,3.0
1081,469,4.0
629,469,4.0
3241,469,3.0
1700,469,3.0
1912,469,4.0
3883,469,4.0
2533,469,3.0
841,469,5.0
2933,469,3.0
2923,469,4.0
2858,469,3.0
397,469,4.0
25,469,3.0
582,469,4.0
3027,469,4.0
1783,469,4.0
1108,469,2.0
1646,469,3.0
3206,469,3.0
3049,469,5.0
2489,469,3.0
3354,469,3.0
279,469,4.0
3220,469,4.0
234,469,3.0
814,469,3.0
871,469,4.0
1298,469,3.0
2436,469,1.0
1360,469,2.0
4600,469,1.0
1537,469,3.0
863,469,4.0
1612,469,3.0
2482,469,3.0
3831,469,3.0
2530,469,4.0
2317,469,3.0
2519,469,5.0
1014,469,3.0
4085,469,3.0
208,469,4.0
3535,469,4.0
3890,469,4.0
4077,469,3.0
4346,469,3.0
2829,469,5.0
225,469,3.0
1716,469,3.0
3347,469,4.0
3166,469,3.0
2756,469,5.0
2018,469,2.0
3178,469,3.0
1610,469,4.0
1335,469,4.0
892,469,3.0
3703,469,3.0
2095,469,4.0
4474,469,4.0
3889,469,3.0
4244,469,4.0
2090,469,4.0
2151,469,4.0
3818,469,4.0
2330,469,3.0
3455,469,5.0
3255,469,4.0
1534,469,3.0
4003,469,4.0
1415,469,2.0
4677,469,3.0
4081,469,3.0
3733,469,2.0
1544,470,4.0
696,470,3.0
1093,470,4.0
1553,470,3.0
1540,470,3.0
1573,470,4.0
2930,470,4.0
2721,470,3.0
3156,470,3.0
2382,470,3.0
1530,470,3.0
646,470,3.0
557,470,5.0
636,470,3.0
300,470,4.0
824,470,3.0
356,470,3.0
76,470,3.0
827,470,3.0
2535,470,3.0
1567,470,4.0
930,470,5.0
3236,470,3.0
1305,470,4.0
2819,470,3.0
678,470,4.0
810,470,5.0
3702,470,4.0
1545,470,4.0
283,470,5.0
953,470,3.0
645,470,3.0
676,470,5.0
835,470,4.0
1814,470,4.0
1821,470,5.0
2020,470,5.0
1698,470,3.0
280,470,5.0
2281,470,4.0
1361,470,3.0
1362,470,3.0
4273,470,3.0
4274,470,3.0
2671,470,4.0
426,470,3.0
804,470,3.0
1087,470,3.0
384,470,4.0
966,470,3.0
287,470,3.0
3934,470,4.0
1544,471,5.0
3236,471,4.0
810,471,3.0
1821,471,4.5
663,471,4.0
232,471,4.0
329,471,4.0
200,471,3.5
584,471,4.0
566,471,2.0
31,471,2.5
3601,471,3.5
933,471,3.5
58,471,4.5
572,471,4.0
43,471,4.5
97,471,4.0
412,471,5.0
2525,471,3.0
3725,472,4.5
1213,472,4.0
906,472,4.0
1504,472,4.0
1500,472,3.0
3177,472,4.0
3577,472,1.0
1881,473,0.5
3015,473,2.0
471,473,3.0
3061,473,4.5
2985,473,2.5
663,473,4.0
766,473,5.0
3712,473,4.0
2356,473,3.5
576,473,4.0
3561,473,3.5
2928,473,2.0
584,473,4.0
2155,473,5.0
4298,473,4.0
2033,473,3.5
3242,473,4.5
2922,473,3.5
2318,473,3.5
1544,474,4.0
1093,474,3.0
893,474,4.0
2452,474,5.0
1540,474,4.0
2141,474,3.0
3749,474,3.5
1573,474,4.5
2930,474,5.0
2721,474,3.5
3156,474,3.5
2382,474,3.5
2169,474,4.0
2186,474,3.0
1530,474,2.5
1032,474,3.5
1252,474,2.0
3647,474,3.5
2993,474,2.0
557,474,3.0
4344,474,4.0
1125,474,1.0
636,474,4.5
300,474,3.0
921,474,1.0
824,474,3.5
4023,474,3.5
4780,474,3.5
1893,474,3.5
2371,474,4.0
4487,474,4.0
3635,474,4.0
2535,474,4.0
1567,474,2.0
3236,474,4.0
1305,474,4.0
2950,474,4.0
1628,474,3.0
2819,474,1.0
678,474,3.0
810,474,3.0
3702,474,3.0
1545,474,4.0
283,474,4.0
953,474,1.0
2545,474,3.5
676,474,4.5
3254,474,5.0
1814,474,2.5
2486,474,3.0
1246,474,2.0
1821,474,5.0
2035,474,5.0
1728,474,3.0
4461,474,4.0
2514,474,2.0
2020,474,3.0
1698,474,4.0
280,474,4.0
2281,474,3.5
1361,474,4.0
1362,474,4.0
4273,474,4.0
4274,474,4.0
4265,474,3.0
1110,474,2.0
2671,474,4.0
1038,474,3.0
426,474,3.5
453,474,1.5
384,474,2.0
4179,474,4.5
3893,474,4.0
1498,474,2.0
571,474,2.0
3514,474,3.0
1067,474,2.0
4012,474,4.0
4611,474,5.0
3990,474,4.0
4336,474,5.0
2407,474,4.5
3819,474,2.0
2970,474,4.0
4288,474,5.0
4227,474,3.5
4502,474,4.5
264,474,3.0
3892,474,3.5
4222,474,4.5
3743,474,4.0
3904,474,3.5
1924,474,3.0
327,474,4.0
902,474,2.5
3452,474,3.0
3017,474,2.0
33,474,2.0
1705,474,3.0
4016,474,4.5
1192,474,4.0
3934,474,3.5
4079,474,3.5
4307,474,4.0
3449,474,3.5
2971,474,4.0
2517,474,3.5
2526,474,2.0
4586,474,4.5
3725,474,3.5
2608,474,3.0
2406,474,3.5
4609,474,4.0
2553,474,4.0
4082,474,4.0
1528,474,3.5
1850,474,3.5
839,474,4.0
3162,474,4.0
2173,474,4.5
3181,474,4.0
2331,474,4.5
2347,474,3.0
3745,474,4.0
1665,474,4.5
2456,474,4.5
3243,474,4.0
2662,474,3.0
2667,474,4.0
2288,474,4.5
2832,474,4.0
3300,474,2.0
3993,474,4.0
4056,474,3.0
4486,474,3.5
1008,474,4.0
2027,474,4.0
3451,474,3.5
2458,474,5.0
1372,474,4.5
1372,474,4.5
1616,474,3.5
1036,474,5.0
3533,474,3.5
3680,474,4.5
1370,474,2.0
1753,474,4.5
2818,474,4.0
2320,474,3.5
1962,474,4.0
429,474,2.0
2739,474,3.0
3448,474,4.0
2812,474,4.5
903,474,4.5
2007,474,3.5
2285,474,4.0
2376,474,4.0
840,474,2.0
3776,474,4.0
1397,474,4.0
1039,474,3.0
1009,474,4.0
2568,474,4.0
377,474,1.5
2327,474,3.5
447,474,3.5
1033,474,4.0
443,474,4.5
366,474,3.5
946,474,2.0
817,474,3.0
456,474,3.0
388,474,3.0
1377,474,5.0
4638,474,3.5
802,474,2.0
1354,474,4.5
2982,474,3.0
990,474,2.0
2575,474,3.5
2821,474,4.0
301,474,2.0
3470,474,4.0
875,474,3.5
1213,474,3.5
2979,474,3.5
1421,474,2.0
1964,474,4.0
26,474,4.0
1765,474,4.0
3790,474,3.0
550,474,3.0
905,474,3.5
672,474,4.0
657,474,2.5
4118,474,3.5
433,474,3.5
353,474,3.5
1023,474,4.0
4092,474,3.5
150,474,1.5
4745,474,4.0
2021,474,3.0
4206,474,3.5
4097,474,4.0
2376,474,3.0
873,474,3.5
4207,474,3.0
4439,474,4.0
3454,474,5.0
2996,474,4.0
3829,474,4.0
4340,474,4.0
3453,474,3.0
3531,474,5.0
1532,474,4.0
1815,474,4.0
3311,474,4.0
4289,474,2.0
2412,474,3.5
2554,474,2.0
4017,474,2.0
1399,474,4.0
3150,474,1.0
2915,474,3.5
2641,474,3.5
1154,474,2.0
1167,474,3.0
4448,474,3.0
1960,474,4.0
1081,474,1.5
629,474,3.0
4720,474,4.0
2918,474,3.5
3241,474,4.0
1700,474,2.0
1787,474,3.0
549,474,2.0
432,474,3.0
1912,474,2.0
3883,474,4.0
1058,474,2.0
4365,474,5.0
2533,474,3.0
3911,474,3.0
3840,474,3.0
3770,474,3.0
3914,474,3.5
249,474,3.0
1451,474,3.5
2179,474,3.5
2741,474,2.0
2111,474,4.5
705,474,3.5
2923,474,2.0
3061,474,4.0
3844,474,3.5
1878,474,4.0
397,474,3.5
3700,474,2.0
486,474,3.0
3484,474,3.5
582,474,3.5
3027,474,3.0
1783,474,4.0
639,474,5.0
906,474,1.0
1646,474,1.0
2438,474,2.0
2336,474,3.0
3206,474,2.0
2672,474,1.0
3487,474,2.0
1417,474,3.0
3049,474,4.0
279,474,4.0
1561,474,3.0
781,474,3.0
2742,474,2.5
1492,474,2.0
2087,474,4.0
1026,474,2.0
234,474,4.0
814,474,4.0
871,474,4.0
1298,474,1.5
1169,474,3.5
1122,474,3.5
1360,474,3.0
4600,474,4.0
2066,474,3.0
651,474,4.0
619,474,4.5
863,474,3.5
1612,474,2.0
2482,474,3.5
830,474,3.5
3831,474,4.0
2530,474,2.0
2317,474,4.0
1214,474,2.5
2519,474,3.5
1014,474,3.5
671,474,1.0
4085,474,3.5
1480,474,3.5
3342,474,3.0
3890,474,3.0
2089,474,1.0
663,474,4.0
2829,474,4.0
2756,474,3.5
2018,474,3.0
22,474,3.0
3178,474,4.0
3008,474,4.0
1880,474,3.0
1500,474,1.5
2670,474,4.0
1610,474,2.5
344,474,4.0
1775,474,4.0
1335,474,5.0
2235,474,3.5
892,474,4.0
1055,474,4.0
1977,474,3.5
3703,474,2.0
1390,474,4.0
2095,474,3.5
1051,474,3.0
833,474,2.5
3274,474,4.5
1166,474,4.0
1430,474,4.0
4474,474,3.0
1183,474,4.0
910,474,4.0
3889,474,2.0
3542,474,4.0
656,474,3.0
2730,474,3.0
4244,474,4.5
4019,474,3.5
2090,474,3.5
2178,474,2.0
2151,474,5.0
573,474,4.0
3818,474,4.0
1538,474,3.5
1972,474,4.5
2330,474,2.0
1688,474,4.5
3606,474,2.5
3455,474,2.0
275,474,3.0
834,474,3.5
4003,474,2.0
1789,474,3.0
4677,474,2.0
2589,474,3.5
2376,474,4.0
3898,474,3.5
540,474,3.0
1123,474,3.5
1968,474,3.0
512,474,4.5
347,474,1.5
1974,474,3.0
766,474,4.5
2802,474,4.0
3463,474,4.5
812,474,3.5
3707,474,4.0
3580,474,4.0
351,474,3.0
4303,474,4.5
546,474,4.5
2451,474,4.0
2674,474,3.5
1835,474,3.0
3476,474,3.0
1114,474,4.0
385,474,3.5
1045,474,2.0
1793,474,4.0
478,474,3.0
1007,474,4.5
3269,474,3.0
652,474,3.0
2092,474,2.0
2513,474,2.0
3919,474,4.0
1264,474,4.0
3387,474,1.0
4165,474,3.5
402,474,2.0
3577,474,5.0
1366,474,4.0
1834,474,4.5
1853,474,3.5
1313,474,2.5
900,474,4.5
876,474,3.5
2516,474,4.0
359,474,3.0
364,474,4.5
2759,474,3.0
3732,474,3.0
2319,474,4.0
2485,474,1.5
2521,474,2.0
2995,474,4.5
2926,474,2.0
335,474,2.0
1034,474,2.5
3536,474,4.0
2366,474,0.5
3623,474,4.0
2143,474,2.5
1054,474,3.5
3152,474,1.5
3981,474,3.5
1536,474,3.0
1717,474,4.0
2527,474,4.0
2630,474,3.5
3165,474,4.0
653,474,3.5
1017,474,2.5
3712,474,4.5
232,474,3.0
1422,474,3.5
1182,474,3.5
4200,474,3.5
2535,474,3.5
389,474,4.0
576,474,3.0
3537,474,3.0
2130,474,4.0
2828,474,4.0
2335,474,3.5
3747,474,4.0
1195,474,4.0
4302,474,4.0
632,474,3.0
1012,474,4.0
1060,474,3.5
2945,474,4.0
3597,474,2.5
2515,474,2.0
160,474,4.5
1759,474,5.0
231,474,3.0
4208,474,3.0
431,474,3.0
276,474,4.5
3374,474,4.5
4639,474,4.0
445,474,3.0
2616,474,4.5
674,474,2.0
565,474,4.5
1304,474,3.0
2833,474,4.0
2817,474,3.5
3185,474,4.0
2082,474,3.0
2684,474,2.0
498,474,3.5
4572,474,4.0
3897,474,4.0
1898,474,4.5
3928,474,4.5
2676,474,0.5
2839,474,4.0
1143,474,3.5
2722,474,4.5
277,474,4.5
2792,474,3.5
2505,474,3.0
2310,474,3.5
756,474,3.5
1569,474,3.5
3497,474,2.5
3705,474,4.0
2791,474,3.5
317,474,3.5
2449,474,3.0
884,474,4.0
1541,474,4.0
2124,474,3.0
3091,474,4.0
1691,474,3.5
2714,474,4.0
4196,474,2.5
934,474,3.5
4380,474,3.5
3396,474,2.5
3089,474,3.5
3524,474,4.0
2227,474,3.5
4463,474,3.5
2928,474,3.5
4641,474,3.5
2106,474,3.5
1204,474,2.0
1714,474,3.0
4227,474,4.0
4382,474,4.0
3097,474,3.5
424,474,2.5
329,474,4.0
3734,474,5.0
3244,474,4.5
166,474,2.5
1836,474,2.0
770,474,3.5
200,474,3.5
4166,474,2.5
3056,474,4.0
383,474,3.5
4093,474,4.5
3744,474,3.5
1603,474,3.5
4375,474,3.0
4029,474,3.5
3920,474,3.0
3837,474,3.5
2102,474,3.5
1559,474,3.5
757,474,3.0
829,474,4.0
4617,474,4.5
3491,474,4.5
1497,474,4.0
1063,474,3.5
172,474,3.5
4613,474,4.0
2190,474,3.5
2326,474,3.0
2820,474,4.0
1785,474,3.0
2831,474,3.5
1854,474,3.5
2535,474,3.5
3922,474,4.0
4577,474,3.5
1009,474,3.5
584,474,3.0
847,474,3.5
2862,474,3.0
2455,474,4.5
3571,474,4.0
449,474,4.0
4530,474,3.5
4099,474,4.0
4096,474,4.0
516,474,3.5
3444,474,4.0
727,474,3.5
1205,474,3.0
2155,474,4.5
1419,474,3.5
831,474,4.5
2333,474,4.5
2797,474,4.0
2083,474,3.5
2830,474,3.0
3482,474,3.5
668,474,3.5
566,474,4.0
3618,474,4.0
192,474,5.0
4582,474,4.0
4358,474,2.5
4749,474,4.0
4052,474,3.0
3693,474,4.0
3450,474,4.0
31,474,5.0
4094,474,4.0
4022,474,4.0
715,474,3.5
2015,474,3.5
608,474,3.5
3601,474,4.0
2048,474,2.0
4803,474,4.0
4589,474,4.0
2367,474,2.5
2410,474,4.0
3639,474,4.0
2952,474,4.0
1178,474,4.0
958,474,3.0
1845,474,4.0
457,474,4.5
3296,474,3.0
1684,474,3.5
4535,474,4.5
4008,474,4.0
1560,474,4.0
2400,474,4.5
118,474,4.0
1796,474,4.5
3373,474,3.5
3079,474,4.0
230,474,4.5
4524,474,3.5
381,474,4.0
3233,474,3.5
120,474,3.5
186,474,3.5
4605,474,3.5
3989,474,3.5
1296,474,4.5
2890,474,3.5
3779,474,3.5
1597,474,4.0
668,474,3.5
3352,474,4.5
2720,474,4.0
1643,474,4.0
3351,474,4.0
2668,474,4.0
558,474,3.5
941,474,3.5
1727,474,3.5
115,474,5.0
1687,474,4.0
2572,474,3.5
529,474,4.0
4353,474,4.0
2214,474,3.5
3929,474,3.5
933,474,4.0
3315,474,4.0
919,474,3.5
3942,474,3.5
3153,474,3.5
3258,474,4.5
3430,474,4.0
2339,474,4.5
34,474,4.5
567,474,3.5
1501,474,3.5
13,474,3.5
577,474,3.0
1254,474,4.0
4373,474,4.0
11,474,2.5
3242,474,3.5
2136,474,3.5
4527,474,4.0
648,474,3.5
1606,474,4.0
2532,474,4.0
873,474,3.0
2318,474,3.5
2781,474,4.0
1630,474,4.0
511,474,4.0
879,474,3.0
2707,474,4.0
2872,474,3.5
386,474,3.5
2700,474,3.5
432,474,4.0
2450,474,3.0
1751,474,4.0
2760,474,3.5
1671,474,3.5
4220,474,4.0
422,474,4.0
4047,474,4.0
517,474,3.5
4711,474,3.5
2017,474,3.5
114,474,4.5
592,474,3.5
4112,474,4.0
985,474,4.0
3332,474,3.5
1553,475,4.0
356,475,4.5
1305,475,5.0
2514,475,4.5
1698,475,5.0
280,475,5.0
1361,475,5.0
1362,475,5.0
4273,475,5.0
4274,475,5.0
2288,475,5.0
1008,475,5.0
1036,475,5.0
2818,475,4.5
301,475,4.5
1154,475,5.0
1167,475,5.0
1700,475,5.0
397,475,4.5
275,475,5.0
1123,475,3.5
896,475,4.0
512,475,5.0
414,475,4.5
1366,475,4.5
900,475,4.5
475,475,4.5
359,475,4.5
333,475,4.0
364,475,5.0
169,475,5.0
346,475,4.0
232,475,4.5
632,475,4.5
160,475,5.0
231,475,5.0
277,475,4.5
329,475,3.5
166,475,4.5
200,475,4.5
370,475,4.0
2746,475,4.0
566,475,4.5
192,475,4.5
31,475,4.5
267,475,4.5
526,475,3.5
816,475,4.5
442,475,3.5
230,475,4.5
120,475,4.5
243,475,4.0
1727,475,4.5
115,475,5.0
34,475,4.0
13,475,4.5
6,475,4.5
107,475,3.5
114,475,4.5
117,475,4.5
420,475,4.5
69,475,4.0
54,475,4.0
182,475,4.0
116,475,4.5
159,475,4.0
44,475,3.5
36,475,4.0
9,475,5.0
1557,475,5.0
477,475,5.0
1,475,4.5
80,475,4.0
615,475,3.5
197,475,3.5
40,475,4.0
130,475,5.0
102,475,3.5
170,475,4.5
427,475,4.0
229,475,4.5
15,475,4.0
35,475,3.0
223,475,4.5
184,475,4.5
401,475,3.5
96,475,4.0
47,475,4.5
75,475,4.0
95,475,4.5
2755,475,4.5
2525,475,4.5
201,475,4.0
20,475,4.5
128,475,4.5
8,475,4.0
789,475,5.0
27,475,3.5
103,475,4.0
177,475,4.0
1544,476,4.0
696,476,3.0
1573,476,4.0
2169,476,3.0
813,476,4.0
636,476,4.0
300,476,3.0
821,476,3.0
824,476,4.0
356,476,3.0
4023,476,4.0
1893,476,4.0
2535,476,5.0
3236,476,3.0
1305,476,3.0
2950,476,4.0
678,476,3.0
810,476,5.0
3702,476,4.0
1545,476,3.0
283,476,3.0
645,476,3.0
676,476,4.0
1814,476,3.0
2514,476,3.0
2020,476,4.0
1698,476,5.0
280,476,5.0
2281,476,5.0
1361,476,4.0
1362,476,4.0
4273,476,4.0
4274,476,4.0
4265,476,4.0
1110,476,5.0
2671,476,3.0
1544,477,4.0
1553,477,3.0
1573,477,4.0
2993,477,4.0
636,477,4.0
821,477,0.5
3447,477,3.5
76,477,4.0
4780,477,4.0
3236,477,4.5
1305,477,4.0
2950,477,4.0
2819,477,3.0
2204,477,4.0
810,477,5.0
1545,477,3.0
3410,477,4.0
676,477,4.0
1814,477,3.5
1246,477,3.5
1821,477,4.5
1728,477,5.0
1136,477,3.5
2514,477,3.0
2020,477,3.0
1698,477,3.0
280,477,5.0
4265,477,3.0
1303,477,4.5
426,477,3.0
804,477,3.0
453,477,0.5
1087,477,4.0
384,477,3.0
4179,477,5.0
1498,477,3.5
571,477,3.0
4611,477,4.0
3990,477,3.5
2970,477,4.5
3743,477,2.0
2675,477,3.5
1705,477,4.5
4147,477,5.0
4307,477,4.0
2971,477,4.5
4586,477,4.5
3725,477,4.5
2608,477,4.5
4609,477,4.0
2553,477,4.0
4082,477,4.0
1528,477,5.0
839,477,4.5
3162,477,4.5
2173,477,4.0
2331,477,4.0
2347,477,4.0
2456,477,4.5
3243,477,4.0
2662,477,4.0
2288,477,4.5
3300,477,5.0
3993,477,4.0
4486,477,3.0
1008,477,4.0
2027,477,4.5
1036,477,4.0
3533,477,4.0
3680,477,4.0
728,477,0.5
2812,477,4.0
474,477,3.0
3776,477,4.0
1039,477,2.0
2327,477,3.5
260,477,0.5
366,477,4.0
4638,477,3.5
1354,477,3.5
301,477,2.0
741,477,3.5
2216,477,4.0
26,477,3.5
2825,477,3.5
1765,477,4.5
550,477,3.0
462,477,4.0
763,477,4.0
828,477,4.5
1035,477,4.0
4745,477,4.0
4439,477,4.0
3454,477,2.0
3829,477,4.0
2641,477,3.5
1154,477,4.0
1167,477,4.0
629,477,4.0
4720,477,4.0
1767,477,4.0
1700,477,4.0
2533,477,3.0
4123,477,3.5
2111,477,2.5
705,477,4.0
471,477,4.0
2923,477,3.0
397,477,4.5
582,477,3.5
3027,477,4.5
639,477,4.0
906,477,3.0
1646,477,0.5
3206,477,4.0
3049,477,4.5
279,477,3.5
781,477,3.5
3220,477,4.0
2087,477,3.5
1026,477,3.5
234,477,4.0
1360,477,3.5
1542,477,4.0
1537,477,2.5
71,477,3.0
1612,477,3.5
3831,477,4.0
2317,477,4.5
2519,477,4.5
2756,477,4.0
2018,477,3.5
3178,477,3.5
3008,477,3.5
344,477,3.0
1335,477,4.0
2095,477,4.5
1998,477,4.0
4474,477,4.0
3889,477,5.0
239,477,4.0
1830,477,3.5
4244,477,4.0
2090,477,4.0
2178,477,3.0
573,477,3.5
2330,477,4.0
3455,477,5.0
481,477,3.0
4003,477,4.5
1277,477,4.0
540,477,3.5
1123,477,4.0
512,477,4.0
347,477,4.0
766,477,4.0
1228,477,3.5
2570,477,0.5
351,477,0.5
488,477,3.0
546,477,5.0
1835,477,4.0
385,477,3.5
2513,477,3.5
3577,477,4.0
900,477,4.0
475,477,3.0
364,477,3.5
169,477,3.0
2995,477,4.0
335,477,3.0
3536,477,4.0
279,477,3.5
3623,477,4.0
4240,477,4.0
2042,477,4.0
1017,477,4.0
3712,477,5.0
2130,477,3.0
2641,477,3.0
998,477,3.0
716,477,0.5
2491,477,4.0
160,477,4.0
231,477,4.0
1035,477,4.0
4339,477,3.0
431,477,4.0
276,477,4.0
908,477,4.0
445,477,4.0
674,477,3.5
565,477,3.5
3897,477,4.0
1898,477,4.5
277,477,3.5
1030,477,4.5
2310,477,4.0
2256,477,4.0
756,477,4.0
1569,477,4.0
317,477,4.0
633,477,3.5
1714,477,4.0
424,477,4.0
329,477,3.5
1624,477,0.5
541,477,3.5
3244,477,4.0
166,477,4.0
94,477,3.5
200,477,3.0
4093,477,5.0
4219,477,2.0
3744,477,4.0
1603,477,2.5
2032,477,3.0
2102,477,3.5
829,477,3.5
584,477,4.0
2155,477,4.0
729,477,4.5
1710,477,3.0
3618,477,4.0
4582,477,4.5
3450,477,4.0
31,477,4.0
267,477,3.5
4022,477,4.0
578,477,3.0
3601,477,5.0
4803,477,5.0
2410,477,4.0
3806,477,3.5
533,477,4.0
2400,477,4.0
539,477,3.0
1179,477,5.0
3079,477,3.0
230,477,4.0
120,477,4.0
186,477,3.5
243,477,3.5
1296,477,4.0
3352,477,4.0
3781,477,4.0
3351,477,4.5
115,477,3.5
25,477,4.0
933,477,4.5
34,477,3.5
417,477,3.5
13,477,3.0
577,477,3.0
11,477,4.5
555,477,3.5
1606,477,4.5
511,477,4.5
2474,477,4.5
422,477,4.0
688,477,4.5
6,477,3.5
3292,477,4.0
2017,477,4.0
112,477,4.0
1913,477,4.0
2395,477,5.0
3332,477,4.5
117,477,4.0
3338,477,4.0
1829,477,4.5
421,477,4.5
2619,477,5.0
226,477,4.0
69,477,4.5
54,477,4.0
182,477,4.0
58,477,5.0
164,477,4.5
640,477,4.0
354,477,4.5
1332,477,4.5
3007,477,4.0
1706,477,4.0
1453,477,3.0
1181,477,3.5
3143,477,4.5
3628,477,4.5
123,477,3.5
159,477,4.5
44,477,4.0
36,477,3.0
3343,477,5.0
1557,477,4.5
1620,477,4.0
1991,477,4.5
3155,477,3.5
1259,477,4.5
1,477,4.0
440,477,5.0
1723,477,4.5
80,477,4.0
97,477,4.5
412,477,5.0
2993,478,2.0
1567,478,1.5
2950,478,2.5
4265,478,3.5
287,478,2.0
3934,478,4.0
2517,478,3.0
2331,478,3.5
366,478,2.5
150,478,2.0
344,478,3.0
512,478,3.5
1410,478,0.5
230,478,4.0
249,478,4.0
120,478,4.5
186,478,2.0
2169,479,3.0
557,479,2.0
3635,479,3.0
4461,479,3.0
2020,479,3.0
384,479,3.0
3514,479,5.0
4012,479,4.0
3990,479,5.0
3017,479,2.0
2662,479,5.0
3993,479,5.0
1370,479,2.0
1753,479,1.0
1039,479,4.0
4745,479,4.0
1154,479,2.0
1167,479,3.0
1081,479,4.0
629,479,3.0
3241,479,2.0
1787,479,4.0
790,479,3.0
25,479,2.0
486,479,4.0
1783,479,4.0
279,479,3.0
3220,479,4.0
1122,479,3.0
1360,479,5.0
1542,479,3.0
71,479,1.0
4202,479,5.0
4085,479,4.0
1133,479,3.0
2322,479,1.0
3348,479,3.0
2095,479,4.0
4474,479,4.0
26,479,2.0
3889,479,4.0
3818,479,4.0
3455,479,4.0
4003,479,5.0
1974,479,4.0
1834,479,4.0
1885,479,2.0
876,479,5.0
2759,479,2.0
279,479,2.0
2366,479,1.0
1543,479,3.0
2252,479,3.0
232,479,5.0
1182,479,3.0
4302,479,5.0
231,479,1.0
460,479,3.0
415,479,2.0
3042,479,2.0
2315,479,3.0
1544,480,3.0
696,480,4.0
893,480,4.0
1553,480,1.5
1540,480,2.5
1573,480,4.0
2721,480,2.5
1530,480,3.5
3833,480,2.0
646,480,1.0
3647,480,5.0
2993,480,3.0
557,480,5.0
4344,480,4.5
636,480,3.5
300,480,1.0
821,480,2.5
921,480,2.5
824,480,3.5
3353,480,3.0
356,480,3.0
536,480,2.5
1380,480,1.0
76,480,3.0
4780,480,1.5
2371,480,3.0
4487,480,3.5
2535,480,4.0
3236,480,4.0
2950,480,4.0
2819,480,3.5
2204,480,5.0
678,480,3.0
810,480,5.0
3702,480,3.0
1545,480,3.5
283,480,2.5
585,480,2.5
953,480,2.0
645,480,2.5
3410,480,5.0
676,480,5.0
404,480,2.0
1814,480,4.0
2486,480,4.0
1821,480,5.0
1728,480,4.0
1839,480,4.0
2514,480,4.0
2020,480,3.5
1698,480,4.0
280,480,4.5
2281,480,5.0
1361,480,4.5
1362,480,4.5
4273,480,4.5
4274,480,4.5
4265,480,3.5
2671,480,3.0
426,480,3.0
804,480,2.5
384,480,2.5
3893,480,4.0
1498,480,3.0
571,480,2.5
3892,480,4.0
4222,480,4.5
1924,480,4.0
3452,480,4.5
1705,480,3.5
4678,480,4.0
1107,480,3.5
3934,480,3.5
4147,480,3.5
4307,480,4.0
3449,480,4.0
2971,480,5.0
2517,480,4.0
4586,480,5.0
3725,480,3.5
2406,480,4.0
4609,480,5.0
4082,480,4.0
1528,480,4.0
1850,480,4.0
839,480,5.0
3162,480,5.0
2331,480,5.0
3745,480,5.0
1665,480,4.0
2456,480,5.0
3243,480,3.5
2662,480,3.0
2667,480,5.0
2288,480,5.0
3300,480,4.0
2493,480,3.0
3993,480,2.5
4056,480,3.5
1008,480,5.0
3451,480,4.5
2458,480,5.0
574,480,3.5
429,480,3.5
2739,480,0.5
3448,480,3.0
2812,480,3.5
474,480,2.0
903,480,4.0
2285,480,3.0
3776,480,4.0
1397,480,4.5
1039,480,2.5
2568,480,3.5
2327,480,3.5
443,480,3.5
4638,480,2.5
802,480,3.0
1354,480,5.0
2575,480,4.5
301,480,3.0
741,480,2.0
1213,480,4.5
2979,480,5.0
26,480,4.0
246,480,2.5
2825,480,2.0
2540,480,3.0
905,480,3.5
433,480,2.5
1035,480,3.5
150,480,3.0
4745,480,4.5
2021,480,4.0
4340,480,4.5
3531,480,4.5
1815,480,4.5
3311,480,5.0
2412,480,3.0
2915,480,4.0
1154,480,4.0
1167,480,3.0
4448,480,3.5
629,480,4.5
3241,480,2.0
1700,480,5.0
1058,480,3.0
2533,480,4.5
2842,480,3.5
2111,480,4.0
2923,480,2.5
3943,480,1.5
3061,480,5.0
397,480,2.5
3027,480,5.0
1783,480,4.5
639,480,2.5
3206,480,4.5
3049,480,5.0
1561,480,2.5
2742,480,2.5
3429,480,2.5
3220,480,1.5
234,480,2.0
814,480,2.5
1122,480,2.5
1360,480,4.5
1537,480,1.5
71,480,1.5
2813,480,3.5
651,480,3.0
719,480,1.0
830,480,1.0
2317,480,5.0
2519,480,4.0
4085,480,4.0
208,480,2.5
3890,480,3.0
4077,480,3.0
663,480,4.5
2829,480,2.5
225,480,2.5
2756,480,4.0
2018,480,2.5
3008,480,1.0
2670,480,4.0
344,480,3.0
1335,480,4.0
892,480,3.5
3348,480,3.5
3703,480,3.5
2095,480,4.5
1051,480,3.0
1998,480,1.0
1430,480,4.0
1183,480,3.5
1996,480,1.5
3889,480,3.0
2730,480,4.0
2090,480,3.0
2151,480,5.0
2330,480,2.5
3261,480,3.0
3455,480,4.0
681,480,3.5
2552,480,3.5
275,480,4.5
2460,480,3.0
2352,480,5.0
214,480,2.5
834,480,1.5
1483,480,0.5
4003,480,0.5
4677,480,3.0
2376,480,3.5
896,480,3.5
512,480,4.0
347,480,3.0
4081,480,4.0
367,480,1.0
644,480,2.5
3094,480,4.0
2983,480,0.5
766,480,5.0
3463,480,3.0
1548,480,2.5
3084,480,4.0
812,480,2.0
3707,480,3.5
3580,480,3.0
1019,480,3.5
1228,480,4.0
351,480,1.5
472,480,2.5
546,480,4.5
2909,480,3.5
2738,480,1.5
3476,480,3.5
631,480,1.5
1114,480,2.5
385,480,4.5
1045,480,2.5
1793,480,4.5
478,480,4.0
1007,480,3.5
2513,480,3.0
544,480,3.0
402,480,3.0
3577,480,4.0
1584,480,3.0
1834,480,3.0
2472,480,4.0
2592,480,3.0
1853,480,3.5
1313,480,0.5
900,480,3.5
876,480,4.0
111,480,2.5
475,480,3.0
2516,480,3.5
333,480,1.5
364,480,3.5
2319,480,3.0
3627,480,1.5
2995,480,4.0
335,480,2.0
1034,480,1.5
3536,480,3.5
279,480,2.5
346,480,2.5
1543,480,1.5
1446,480,0.5
807,480,2.5
1016,480,1.5
2769,480,2.0
2042,480,1.0
1099,480,2.5
1054,480,4.0
1719,480,4.5
1717,480,2.5
2630,480,3.5
1065,480,4.5
1028,480,2.5
3712,480,5.0
232,480,2.5
1182,480,3.5
1405,480,1.5
2941,480,1.5
373,480,3.0
2535,480,3.5
1190,480,3.0
389,480,3.5
576,480,4.0
265,480,3.0
321,480,4.0
1195,480,4.0
2949,480,4.0
4299,480,3.0
580,480,2.0
632,480,3.0
1398,480,2.0
865,480,2.0
998,480,4.5
3460,480,4.0
716,480,2.5
2699,480,0.5
160,480,4.0
1759,480,4.0
231,480,3.0
1035,480,3.0
1861,480,1.0
908,480,3.0
1640,480,0.5
674,480,4.0
565,480,4.0
2833,480,2.5
1911,480,3.0
3185,480,4.5
1301,480,2.0
498,480,3.0
3897,480,3.5
1898,480,3.5
1143,480,2.5
277,480,3.5
148,480,2.5
3003,480,1.0
761,480,1.5
2310,480,4.5
823,480,1.5
2791,480,3.0
317,480,5.0
884,480,5.0
1691,480,3.5
2293,480,1.5
911,480,2.5
934,480,3.0
1969,480,4.0
2928,480,3.5
3364,480,2.5
424,480,3.5
329,480,3.0
1624,480,2.5
541,480,2.5
3244,480,4.0
94,480,3.0
200,480,3.0
187,480,2.0
3056,480,3.5
383,480,4.0
1826,480,2.0
4093,480,4.0
3744,480,3.5
1603,480,3.5
2032,480,3.5
4375,480,3.5
3424,480,4.0
2102,480,4.0
1559,480,4.5
757,480,2.0
829,480,4.0
3491,480,1.5
1497,480,3.5
172,480,3.5
2820,480,2.0
584,480,4.5
847,480,3.5
3571,480,3.5
1159,480,0.5
449,480,4.5
1124,480,2.0
1709,480,3.0
516,480,2.0
727,480,3.0
1710,480,1.0
2155,480,4.5
1419,480,1.0
729,480,4.0
809,480,1.0
831,480,4.0
2202,480,2.5
146,480,4.0
566,480,3.5
3618,480,4.0
192,480,4.5
4582,480,4.0
4749,480,3.0
1551,480,3.5
3450,480,4.0
31,480,5.0
1849,480,4.5
267,480,1.5
4022,480,3.5
715,480,3.0
578,480,1.5
957,480,2.0
608,480,4.0
1438,480,3.0
3601,480,4.0
526,480,3.0
2048,480,4.5
2139,480,2.5
2410,480,2.5
3639,480,3.5
4298,480,2.0
1178,480,4.0
958,480,2.0
1845,480,4.0
292,480,3.0
113,480,3.0
248,480,3.0
2439,480,2.5
545,480,2.5
4008,480,3.0
1560,480,4.0
118,480,4.0
1796,480,3.0
689,480,2.5
2987,480,2.0
669,480,1.0
528,480,0.5
442,480,3.0
746,480,2.0
1179,480,4.0
1229,480,2.5
268,480,5.0
1410,480,0.5
3079,480,4.0
3298,480,4.0
230,480,4.0
1069,480,3.5
510,480,2.5
381,480,4.5
1919,480,2.0
249,480,2.5
120,480,4.0
2311,480,1.0
4101,480,4.0
186,480,4.0
243,480,2.5
3989,480,4.0
1296,480,4.0
1791,480,3.5
1516,480,2.0
1137,480,4.0
3779,480,4.0
596,480,1.0
994,480,1.5
4326,480,2.0
1597,480,3.5
3352,480,4.5
3026,480,2.0
2628,480,4.0
2720,480,4.0
869,480,4.0
1643,480,3.5
3351,480,3.5
3318,480,3.5
558,480,3.5
115,480,4.0
1687,480,3.5
2572,480,4.0
25,480,4.0
529,480,3.5
156,480,2.5
1112,480,3.0
1852,480,2.5
944,480,3.0
3853,480,4.0
933,480,4.0
3315,480,4.0
2778,480,3.0
919,480,4.0
1761,480,4.5
105,480,3.5
34,480,3.0
567,480,3.0
1501,480,3.5
417,480,2.5
13,480,3.5
870,480,2.5
577,480,3.5
11,480,3.0
3242,480,5.0
2136,480,4.0
3760,480,4.5
555,480,5.0
1606,480,4.0
4492,480,4.0
2596,480,4.0
2318,480,4.5
511,480,4.5
879,480,4.0
278,480,4.5
3771,480,0.5
2700,480,4.5
298,480,4.5
293,480,2.5
1963,480,4.0
2474,480,4.0
688,480,4.0
1747,480,4.5
2564,480,3.5
2285,481,2.0
241,481,2.0
3079,481,1.0
1039,481,2.0
366,481,3.0
946,481,3.0
817,481,1.0
2546,481,2.0
456,481,3.0
388,481,4.0
1379,481,2.0
1377,481,5.0
1755,481,3.0
1354,481,3.0
301,481,3.0
741,481,2.0
1213,481,3.0
1421,481,2.0
26,481,5.0
2825,481,4.0
893,482,2.0
1530,482,5.0
1729,482,1.0
1305,482,4.5
835,482,4.0
1361,482,4.0
1362,482,4.0
4273,482,4.0
4274,482,4.0
1038,482,3.5
426,482,4.0
804,482,4.0
287,482,4.0
1705,482,5.0
4016,482,4.0
2517,482,4.5
2406,482,4.5
3745,482,3.0
2456,482,3.5
2288,482,5.0
2458,482,4.0
728,482,3.5
2818,482,5.0
2327,482,4.0
260,482,3.0
443,482,4.0
366,482,3.0
905,482,3.0
2021,482,4.0
1815,482,3.0
2533,482,4.0
397,482,4.0
582,482,4.0
814,482,5.0
1360,482,4.0
3050,482,3.0
2317,482,4.0
1500,482,3.0
1166,482,3.5
2330,482,4.0
812,482,4.0
333,482,4.0
231,482,4.5
1035,482,4.0
1861,482,2.0
1301,482,1.0
756,482,4.5
200,482,4.0
1157,482,3.5
3744,482,4.0
2032,482,4.0
1518,482,1.0
566,482,5.0
192,482,5.0
1551,482,4.0
31,482,5.0
267,482,4.5
2139,482,1.0
2367,482,1.0
1264,482,2.0
2410,482,3.0
2952,482,1.0
1178,482,4.0
2947,482,2.0
958,482,3.0
292,482,4.0
113,482,1.0
1411,482,4.0
248,482,4.0
655,482,4.5
533,482,2.0
1560,482,4.5
689,482,4.0
1544,483,4.0
696,483,2.0
893,483,4.0
3772,483,4.0
1553,483,3.5
970,483,3.0
813,483,3.0
2643,483,3.5
557,483,4.0
1994,483,3.5
636,483,2.0
300,483,2.0
821,483,2.0
921,483,3.5
356,483,4.5
1283,483,4.0
3447,483,4.0
1380,483,0.5
76,483,3.0
4780,483,3.5
2371,483,2.0
1567,483,3.0
3236,483,5.0
2950,483,2.5
2819,483,4.0
810,483,5.0
3702,483,3.5
1545,483,1.5
1718,483,1.0
283,483,4.0
953,483,3.0
676,483,4.0
404,483,4.5
1814,483,3.5
1821,483,5.0
2514,483,2.0
2020,483,3.0
1698,483,4.0
280,483,4.0
1361,483,3.5
1362,483,3.5
4273,483,3.5
4274,483,3.5
2671,483,3.0
1303,483,3.5
426,483,2.0
804,483,4.0
453,483,2.5
3893,483,4.5
287,483,2.0
1498,483,2.5
4012,483,4.0
3990,483,4.5
4336,483,4.0
2407,483,4.0
3819,483,1.5
3892,483,4.0
3452,483,4.5
33,483,4.0
1705,483,3.5
4016,483,3.0
3934,483,3.0
2971,483,3.0
2517,483,2.0
4586,483,4.5
3725,483,3.0
2608,483,5.0
2406,483,4.5
4609,483,5.0
839,483,4.0
3162,483,4.0
2948,483,4.0
3745,483,4.5
2456,483,3.5
2662,483,5.0
2667,483,4.5
2288,483,4.5
3300,483,3.5
3993,483,4.0
358,483,4.0
1008,483,5.0
2458,483,3.5
574,483,4.0
429,483,3.5
3448,483,2.0
2812,483,2.0
474,483,3.0
2285,483,2.5
2327,483,3.5
447,483,2.5
211,483,2.0
305,483,4.0
1033,483,3.0
443,483,2.5
817,483,4.0
2546,483,2.5
1194,483,3.5
388,483,3.0
2408,483,1.0
802,483,3.5
1354,483,5.0
2575,483,4.0
301,483,3.0
875,483,2.5
741,483,2.5
451,483,2.5
2979,483,4.5
1964,483,2.0
26,483,2.0
2825,483,3.5
1765,483,5.0
1339,483,2.0
458,483,3.0
353,483,3.5
150,483,3.0
1193,483,2.5
2021,483,4.5
3311,483,3.5
2915,483,3.0
1154,483,4.0
1167,483,4.0
629,483,4.0
3241,483,3.5
1700,483,4.0
1787,483,4.0
1058,483,1.5
2533,483,4.0
2842,483,4.0
4646,483,4.0
2111,483,4.0
705,483,3.5
471,483,4.0
2172,483,0.5
3061,483,3.0
1971,483,1.0
408,483,4.0
3700,483,3.0
1783,483,3.5
639,483,3.5
3206,483,3.0
2672,483,2.5
920,483,4.0
279,483,3.0
1561,483,3.5
2931,483,2.0
2742,483,2.5
1492,483,4.0
234,483,3.0
814,483,3.5
1360,483,3.5
71,483,3.0
2813,483,3.5
619,483,5.0
1612,483,2.0
3831,483,4.0
2317,483,4.0
1227,483,3.5
1272,483,0.5
2519,483,4.0
208,483,4.5
4077,483,3.5
2089,483,2.0
663,483,4.5
2829,483,3.5
225,483,2.5
2756,483,5.0
2018,483,4.0
3008,483,4.0
344,483,3.0
537,483,2.5
376,483,4.0
466,483,4.5
1335,483,3.5
892,483,5.0
1430,483,5.0
1183,483,3.5
1996,483,2.5
2090,483,2.5
2178,483,4.0
2151,483,3.5
573,483,4.5
1538,483,4.0
2330,483,2.5
1115,483,2.5
275,483,3.5
2352,483,4.0
214,483,0.5
1921,483,3.5
540,483,4.5
1123,483,3.0
896,483,3.5
512,483,3.0
1062,483,3.0
812,483,3.5
3580,483,4.0
546,483,4.5
524,483,3.5
2909,483,4.0
2738,483,4.0
631,483,4.0
1045,483,3.0
1664,483,5.0
2513,483,4.0
402,483,4.0
3577,483,4.0
1834,483,4.0
900,483,4.0
876,483,4.5
475,483,3.0
469,483,2.5
2516,483,4.5
333,483,3.0
364,483,4.0
169,483,4.0
2319,483,3.0
335,483,2.0
279,483,1.5
346,483,3.5
1543,483,2.5
1719,483,5.0
1717,483,3.5
232,483,4.5
389,483,4.0
576,483,2.0
1018,483,3.0
2369,483,3.5
632,483,3.5
3597,483,1.5
160,483,4.5
276,483,4.5
445,483,3.5
565,483,3.5
2511,483,4.5
1143,483,1.0
277,483,3.5
2310,483,5.0
2256,483,3.5
884,483,4.5
2600,483,4.0
424,483,3.5
329,483,4.5
200,483,4.0
3744,483,4.5
2102,483,4.0
1559,483,4.0
829,483,5.0
1497,483,4.0
1063,483,3.5
172,483,4.5
2820,483,3.0
584,483,5.0
516,483,4.0
2155,483,5.0
729,483,1.5
831,483,4.0
2333,483,3.0
146,483,2.5
566,483,4.0
192,483,5.0
31,483,3.5
1849,483,4.0
267,483,4.0
4022,483,5.0
715,483,4.0
3601,483,4.5
2139,483,4.0
2410,483,4.5
4298,483,0.5
1845,483,4.0
292,483,3.0
1560,483,4.0
2400,483,4.0
118,483,4.0
689,483,3.5
1179,483,4.0
230,483,3.0
249,483,3.0
120,483,4.0
186,483,2.0
243,483,2.0
1296,483,4.5
1429,483,1.5
1597,483,4.0
3781,483,4.5
2628,483,5.0
115,483,3.5
2399,483,4.0
933,483,5.0
1761,483,4.5
567,483,2.5
13,483,3.5
534,483,4.0
244,483,3.5
1606,483,3.5
2318,483,4.0
143,483,3.5
278,483,3.0
119,483,5.0
2474,483,5.0
688,483,4.0
6,483,1.5
1747,483,2.5
107,483,4.0
4711,483,5.0
2071,483,4.0
114,483,4.5
592,483,5.0
2395,483,4.0
1877,483,4.5
392,483,3.0
117,483,3.0
3338,483,4.5
3528,483,3.5
4072,483,3.5
421,483,4.5
2619,483,4.5
1575,483,4.5
69,483,4.0
54,483,3.5
182,483,4.0
58,483,5.0
354,483,4.5
1332,483,4.5
1742,483,3.5
2374,483,4.5
2669,483,4.5
1816,483,5.0
782,483,3.0
723,483,4.5
572,483,4.0
1025,483,3.5
67,483,5.0
3343,483,4.5
9,483,4.0
1991,483,3.5
1568,483,4.5
1,483,4.5
357,483,4.5
33,483,3.5
1346,483,4.0
93,483,3.5
1723,483,4.0
43,483,5.0
97,483,5.0
412,483,3.0
227,483,3.5
1219,483,2.5
1509,483,3.0
1582,483,5.0
138,483,3.5
909,483,4.5
836,483,4.5
461,483,3.0
1367,483,3.5
2561,483,4.0
170,483,3.0
926,483,4.0
1387,483,3.5
2462,483,4.5
70,483,3.5
922,483,3.5
3953,483,3.0
81,483,2.5
221,483,2.5
56,483,4.0
208,483,3.0
2040,483,3.0
1434,483,4.0
2425,483,4.0
1104,483,4.5
2725,483,3.5
302,483,4.5
2074,483,4.5
217,483,5.0
1478,483,3.0
288,483,5.0
167,483,2.5
2774,483,4.0
32,483,4.5
46,483,1.5
199,483,1.0
4540,483,3.5
1342,483,4.0
1743,483,4.0
240,483,5.0
261,483,4.5
125,483,4.0
745,483,4.0
96,483,5.0
145,483,3.5
859,483,3.5
47,483,4.0
1210,483,2.5
1544,484,4.5
2721,484,4.5
813,484,4.5
3833,484,4.5
2993,484,4.0
921,484,4.5
4223,484,4.5
3447,484,4.0
2535,484,4.0
810,484,5.0
3410,484,5.0
676,484,4.0
1814,484,3.5
2514,484,4.0
1698,484,4.5
4265,484,5.0
1110,484,5.0
453,484,4.0
3169,484,5.0
327,484,4.5
33,484,5.0
3934,484,4.0
4307,484,4.0
2406,484,1.5
1850,484,4.5
839,484,1.5
3162,484,1.5
1665,484,4.0
2458,484,3.5
1616,484,1.0
3448,484,4.0
2812,484,3.5
2285,484,3.5
241,484,1.5
1033,484,4.5
2408,484,3.0
1964,484,3.5
26,484,3.0
3259,484,5.0
3015,484,4.0
150,484,4.0
2021,484,4.0
2412,484,3.0
2641,484,3.0
4448,484,4.5
432,484,5.0
2533,484,4.0
2111,484,4.5
3061,484,5.0
1971,484,3.0
2985,484,3.0
3049,484,4.5
2742,484,4.0
1542,484,4.0
1537,484,3.5
2813,484,4.0
2066,484,4.0
1760,484,3.0
3050,484,4.0
719,484,3.5
1227,484,2.5
2519,484,4.5
1153,484,3.0
663,484,5.0
22,484,4.5
3145,484,4.0
3703,484,4.5
2095,484,4.0
1166,484,3.0
1996,484,3.5
239,484,4.0
4244,484,3.5
573,484,4.0
3261,484,3.5
2460,484,4.0
1483,484,4.0
1415,484,2.0
896,484,2.0
347,484,3.5
1062,484,3.5
2983,484,4.0
766,484,3.5
3463,484,4.0
812,484,4.0
3707,484,5.0
1019,484,3.0
351,484,4.0
2909,484,3.0
2738,484,4.5
1045,484,3.0
1007,484,4.5
1584,484,4.5
1056,484,3.5
2319,484,4.0
335,484,4.0
1034,484,2.5
1543,484,4.0
2042,484,4.0
2757,484,4.0
1054,484,3.0
1719,484,4.5
1717,484,4.5
1182,484,3.5
576,484,5.0
2837,484,4.0
4299,484,4.0
4302,484,2.0
1012,484,3.0
3597,484,3.5
415,484,4.0
1301,484,2.0
1143,484,3.0
3705,484,4.0
2449,484,4.0
911,484,3.5
1969,484,4.0
2928,484,2.5
3424,484,5.0
3541,484,4.0
1559,484,4.0
829,484,4.5
1497,484,4.0
584,484,4.5
1124,484,4.0
2746,484,3.5
4096,484,4.5
516,484,3.5
727,484,4.0
1581,484,3.0
2333,484,3.5
2499,484,4.5
4582,484,4.5
1551,484,4.0
1849,484,4.0
2139,484,4.0
3639,484,3.0
4298,484,4.0
118,484,3.5
689,484,4.0
1179,484,4.5
3079,484,5.0
249,484,2.5
120,484,4.0
3989,484,4.0
2036,484,4.5
4326,484,4.0
3559,484,3.0
3624,484,4.0
555,484,3.0
2411,484,4.0
298,484,4.5
119,484,5.0
2474,484,4.0
688,484,3.0
686,484,4.0
1747,484,4.0
112,484,4.5
2395,484,5.0
1832,484,2.0
164,484,3.0
640,484,4.5
1786,484,4.5
1706,484,4.0
1780,484,4.0
440,484,2.5
33,484,4.0
1723,484,4.0
820,484,4.0
1529,484,4.0
7,484,5.0
285,484,4.0
1838,484,4.0
1502,484,4.0
909,484,3.5
988,484,2.0
2561,484,2.0
926,484,4.0
1387,484,4.0
1121,484,4.5
696,485,4.0
557,485,3.0
636,485,5.0
824,485,5.0
356,485,5.0
76,485,1.0
930,485,5.0
1305,485,4.0
678,485,5.0
810,485,5.0
283,485,5.0
645,485,4.0
1698,485,4.0
2281,485,5.0
1361,485,3.0
1362,485,3.0
4273,485,3.0
4274,485,3.0
696,486,4.0
1540,486,4.0
2721,486,3.0
2103,486,4.0
1319,486,5.0
646,486,3.0
557,486,5.0
636,486,5.0
300,486,5.0
824,486,5.0
3353,486,4.0
356,486,3.0
76,486,4.0
1567,486,5.0
930,486,4.0
3236,486,5.0
1939,486,2.0
1305,486,5.0
2819,486,3.0
678,486,4.0
810,486,5.0
1545,486,4.0
283,486,3.0
645,486,3.0
676,486,5.0
835,486,5.0
1136,486,3.0
2793,486,4.0
1698,486,3.0
280,486,5.0
1361,486,4.0
1362,486,4.0
4273,486,4.0
4274,486,4.0
426,486,5.0
804,486,3.0
384,486,5.0
4179,487,3.5
663,487,4.0
2151,487,3.5
1123,487,2.5
896,487,3.0
1793,487,3.0
900,487,4.0
335,487,2.0
3712,487,4.0
232,487,3.5
389,487,2.5
3597,487,2.0
276,487,3.0
3524,487,2.0
200,487,2.5
3744,487,3.0
829,487,3.5
2155,487,4.0
831,487,4.0
3601,487,4.0
1296,487,3.5
278,487,3.0
119,487,3.0
3338,487,4.0
58,487,3.5
97,487,2.5
2464,487,2.5
96,487,4.0
3871,487,3.0
2525,487,4.5
1544,488,4.5
2452,488,5.0
1573,488,3.0
2930,488,4.5
636,488,3.5
536,488,1.5
4487,488,4.0
1821,488,5.0
1110,488,0.5
3514,488,5.0
4012,488,5.0
3990,488,5.0
4336,488,4.5
2407,488,4.5
3892,488,4.5
3904,488,2.5
4586,488,5.0
4082,488,5.0
3993,488,2.5
2027,488,2.5
4638,488,0.5
2979,488,4.0
672,488,4.5
3453,488,2.5
3531,488,3.0
2923,488,3.0
3008,488,3.0
344,488,4.0
4003,488,4.0
1123,488,4.5
766,488,4.5
1835,488,5.0
1793,488,5.0
900,488,5.0
3623,488,3.5
1835,488,5.0
3165,488,4.0
232,488,5.0
4302,488,4.0
2616,488,4.5
329,488,5.0
3734,488,5.0
200,488,4.0
584,488,4.5
1709,488,3.5
566,488,5.0
192,488,5.0
2410,488,3.5
1560,488,4.0
696,489,2.5
2452,489,4.5
3772,489,2.0
1553,489,2.0
1540,489,2.5
2141,489,3.5
1573,489,2.0
2721,489,3.5
813,489,4.0
2184,489,2.0
646,489,1.5
557,489,4.5
4344,489,3.0
636,489,3.5
1729,489,3.5
300,489,3.0
921,489,1.0
824,489,3.0
356,489,3.0
536,489,0.5
3635,489,4.0
2535,489,4.0
1567,489,3.5
3236,489,4.0
2950,489,4.5
2819,489,1.5
810,489,4.0
3702,489,4.5
1545,489,3.5
283,489,3.5
953,489,2.0
645,489,2.5
2545,489,3.0
676,489,3.5
404,489,2.5
1814,489,3.5
1728,489,4.0
2514,489,1.5
2020,489,4.0
1698,489,3.5
280,489,3.5
2281,489,4.0
1361,489,4.0
1362,489,4.0
4273,489,4.0
4274,489,4.0
4265,489,3.5
2671,489,4.0
426,489,3.0
3218,489,3.5
384,489,2.5
4179,489,4.0
966,489,0.5
1498,489,1.0
3843,489,2.0
571,489,2.0
3514,489,3.0
4012,489,4.5
3990,489,4.5
4336,489,4.0
2407,489,5.0
3819,489,4.0
2970,489,4.0
4288,489,2.5
264,489,4.5
3892,489,4.0
3904,489,5.0
3452,489,4.5
1705,489,3.0
4016,489,2.0
1107,489,1.0
3934,489,3.5
4307,489,3.5
2971,489,4.0
2517,489,3.0
4586,489,3.5
4297,489,4.0
2406,489,4.0
2553,489,3.0
839,489,4.0
3162,489,4.0
2173,489,3.5
2331,489,4.0
1666,489,4.5
3745,489,2.5
2456,489,4.0
3243,489,3.5
2662,489,3.5
2288,489,3.5
2493,489,1.5
1008,489,4.0
2458,489,5.0
2797,489,1.0
574,489,3.0
429,489,3.5
3448,489,3.0
2812,489,3.5
474,489,2.5
903,489,3.0
2285,489,2.0
241,489,2.0
1039,489,1.5
1061,489,0.5
2327,489,2.0
1033,489,3.5
443,489,3.0
380,489,4.5
388,489,1.5
1377,489,4.5
593,489,3.0
2408,489,0.5
301,489,3.5
3470,489,1.0
875,489,2.5
741,489,3.5
2979,489,3.5
26,489,3.5
246,489,0.5
2825,489,4.0
905,489,4.5
433,489,0.5
150,489,3.5
165,489,3.0
2021,489,3.5
4207,489,4.0
3454,489,2.5
1815,489,4.0
1399,489,3.5
1364,489,3.0
2915,489,3.5
1154,489,3.5
1167,489,4.0
1081,489,4.0
863,489,3.5
629,489,3.0
1721,489,3.5
1700,489,4.0
3883,489,3.5
1058,489,3.0
2533,489,4.5
2768,489,1.0
4646,489,3.5
2179,489,3.0
2111,489,4.0
705,489,1.5
2923,489,1.0
1878,489,4.0
408,489,1.0
2173,489,1.0
1783,489,2.5
639,489,3.5
906,489,3.5
2985,489,0.5
279,489,4.0
2931,489,2.0
2742,489,4.5
234,489,1.0
1122,489,3.5
1360,489,1.5
1537,489,1.5
71,489,1.0
2813,489,2.0
1760,489,2.0
719,489,2.5
568,489,3.0
2940,489,3.5
2317,489,4.0
1214,489,4.5
2519,489,4.0
4085,489,4.5
208,489,3.5
3890,489,3.0
2089,489,0.5
663,489,4.5
225,489,0.5
1716,489,3.0
1133,489,3.5
3008,489,4.0
2322,489,0.5
1055,489,3.5
2095,489,1.5
833,489,4.0
910,489,3.0
2090,489,3.5
2151,489,3.5
573,489,4.0
2330,489,4.0
3261,489,2.5
275,489,0.5
214,489,2.5
3255,489,1.5
1534,489,3.0
1415,489,3.5
4677,489,2.5
1123,489,3.5
512,489,3.5
1217,489,0.5
1062,489,1.5
367,489,0.5
644,489,2.0
766,489,4.0
3707,489,3.5
1228,489,4.0
351,489,2.0
3340,489,3.0
546,489,1.0
1835,489,3.5
3476,489,3.0
631,489,3.0
385,489,3.5
1045,489,3.0
1793,489,2.5
2735,489,1.0
2092,489,2.5
2513,489,2.0
3577,489,4.5
1584,489,1.5
1834,489,5.0
900,489,4.0
876,489,4.0
2516,489,3.5
364,489,1.5
2319,489,2.5
279,489,0.5
1719,489,1.5
2630,489,2.0
1028,489,4.0
1017,489,4.0
389,489,3.5
576,489,2.5
1018,489,3.0
2335,489,1.5
2030,489,3.5
3747,489,0.5
1414,489,2.5
4302,489,4.5
632,489,3.5
4225,489,0.5
1012,489,1.0
3597,489,3.5
2515,489,3.5
716,489,3.0
160,489,3.0
1759,489,4.0
231,489,0.5
1035,489,2.0
276,489,4.0
674,489,0.5
565,489,3.5
3897,489,4.0
2839,489,3.0
277,489,3.0
148,489,1.0
1030,489,4.0
2310,489,2.5
823,489,0.5
1569,489,4.0
2449,489,3.0
884,489,3.5
1541,489,4.0
911,489,1.0
3524,489,2.5
2928,489,1.5
424,489,1.5
329,489,4.0
220,489,2.0
94,489,2.5
200,489,2.0
1079,489,0.5
1781,489,3.0
1826,489,1.0
829,489,5.0
1063,489,4.5
1785,489,1.0
584,489,0.5
649,489,0.5
516,489,4.0
2155,489,4.5
729,489,3.5
831,489,5.0
1581,489,3.5
192,489,4.0
3115,489,0.5
1849,489,4.0
1438,489,1.5
3601,489,4.5
2410,489,1.0
4298,489,0.5
958,489,2.5
292,489,3.5
113,489,1.5
248,489,3.5
118,489,2.5
816,489,3.5
1179,489,3.0
510,489,4.0
120,489,3.5
1597,489,4.0
3781,489,3.5
2720,489,4.5
3318,489,1.5
941,489,3.0
115,489,3.0
2572,489,4.0
25,489,2.0
4353,489,3.5
1636,489,0.5
933,489,4.0
3153,489,4.5
430,489,3.5
1501,489,0.5
1629,489,1.0
3242,489,4.0
555,489,3.0
244,489,2.5
1606,489,4.5
511,489,4.0
2981,489,0.5
278,489,3.5
527,489,4.0
218,489,1.0
2474,489,4.5
422,489,4.0
688,489,4.0
6,489,2.5
4047,489,3.5
2,489,2.0
262,489,3.0
74,489,2.5
114,489,3.5
592,489,3.0
137,489,2.5
117,489,2.5
3338,489,3.0
1591,489,3.5
421,489,4.5
3068,489,2.5
69,489,4.5
54,489,0.5
182,489,3.0
58,489,4.0
116,489,3.0
438,489,2.5
887,489,0.5
164,489,4.0
354,489,4.0
1332,489,4.0
2860,489,1.5
121,489,3.5
2669,489,3.5
723,489,4.0
67,489,4.5
3343,489,4.5
1170,489,3.0
1,489,1.5
357,489,4.0
33,489,2.0
80,489,4.0
324,489,0.5
1203,489,3.5
97,489,4.5
710,489,3.5
2733,489,5.0
130,489,3.0
102,489,4.0
3474,489,0.5
2282,489,3.5
336,489,3.0
1651,489,3.5
3249,489,5.0
206,489,3.5
806,489,0.5
654,489,3.5
4069,489,3.5
30,489,4.0
1544,490,3.5
4023,490,4.0
3236,490,4.0
810,490,3.5
2671,490,2.5
4307,490,4.0
2456,490,3.0
2458,490,2.5
1061,490,2.0
1033,490,2.5
26,490,3.0
905,490,3.0
663,490,3.5
2151,490,4.0
3577,490,4.0
1834,490,2.5
2319,490,2.0
716,490,2.0
1898,490,2.5
277,490,2.5
424,490,2.5
200,490,3.0
1063,490,2.5
2155,490,4.0
192,490,3.0
4094,490,4.0
1560,490,3.5
120,490,3.0
933,490,3.5
3242,490,3.5
1606,490,3.5
511,490,3.5
2,490,2.0
262,490,3.0
114,490,2.5
3338,490,3.5
1575,490,3.0
116,490,1.5
1973,490,2.0
2669,490,3.5
1816,490,3.5
914,490,3.0
67,490,3.5
3343,490,4.0
9,490,3.0
1,490,3.0
440,490,3.5
2161,490,1.0
1723,490,3.0
43,490,4.0
97,490,4.0
3267,490,3.0
2733,490,4.0
3159,490,4.0
1502,490,3.0
102,490,3.5
926,490,3.0
929,490,4.0
3249,490,3.0
3384,490,3.5
2993,491,2.5
810,491,4.5
2514,491,5.0
2671,491,4.5
2662,491,4.0
1039,491,5.0
905,491,4.5
1122,491,4.0
2089,491,5.0
812,491,4.0
631,491,4.0
1045,491,4.0
1834,491,3.5
900,491,2.0
632,491,4.5
3597,491,3.5
277,491,5.0
424,491,4.5
200,491,3.0
1063,491,4.0
516,491,4.0
2333,491,4.0
533,491,4.0
689,491,4.0
816,491,4.5
115,491,5.0
119,491,4.0
114,491,5.0
131,491,4.0
914,491,5.0
690,491,4.0
3343,491,4.0
9,491,5.0
1502,491,3.5
1387,491,4.0
904,491,3.0
2074,491,2.0
1342,491,4.0
2865,491,4.5
653,491,4.0
1175,491,4.0
1544,492,4.0
1093,492,3.0
2930,492,4.0
2153,492,4.0
1530,492,4.0
646,492,3.0
1252,492,3.0
2993,492,4.0
835,492,4.0
1303,492,4.0
1038,492,5.0
426,492,4.0
804,492,4.0
453,492,5.0
1810,492,3.0
1087,492,3.0
384,492,4.0
2341,492,4.0
966,492,5.0
3893,492,2.0
1886,492,5.0
287,492,5.0
2751,492,3.0
1498,492,4.0
1639,492,4.0
571,492,5.0
851,492,4.0
978,492,4.0
1067,492,3.0
1910,492,4.0
4016,492,5.0
1107,492,4.0
3934,492,3.0
1036,492,4.0
903,492,4.0
2824,492,5.0
2285,492,5.0
241,492,5.0
1039,492,5.0
1061,492,5.0
557,493,5.0
3353,493,4.0
678,493,3.0
3834,493,4.0
280,493,4.0
1361,493,4.0
1362,493,4.0
4273,493,4.0
4274,493,4.0
2406,493,4.0
839,493,2.0
3162,493,2.0
2948,493,3.0
2493,493,5.0
1008,493,3.0
443,493,4.0
26,493,3.0
763,493,2.0
165,493,4.0
4340,493,5.0
629,493,4.0
1058,493,4.0
397,493,3.0
25,493,2.0
814,493,4.0
208,493,3.0
4077,493,3.0
225,493,4.0
2330,493,4.0
275,493,3.0
4677,493,2.0
512,493,3.0
2513,493,4.0
346,493,5.0
557,494,5.0
2819,494,1.0
676,494,3.0
280,494,5.0
1705,494,5.0
2406,494,5.0
2553,494,3.0
839,494,5.0
3162,494,5.0
1008,494,5.0
629,494,5.0
275,494,5.0
1553,495,4.5
2993,495,4.5
1994,495,4.0
636,495,4.5
821,495,3.5
921,495,3.0
76,495,3.0
4780,495,4.0
2819,495,4.5
810,495,4.0
1821,495,4.0
1698,495,4.0
384,495,3.5
3725,495,5.0
1528,495,4.5
2456,495,5.0
3243,495,4.5
2662,495,4.0
429,495,4.0
2824,495,0.5
241,495,3.5
1039,495,4.5
1061,495,2.5
2327,495,5.0
447,495,3.0
388,495,4.0
1377,495,4.5
802,495,5.0
301,495,3.5
2979,495,5.0
26,495,5.0
150,495,5.0
629,495,4.5
3027,495,3.5
906,495,4.0
1360,495,5.0
2813,495,4.0
663,495,5.0
2756,495,3.5
269,495,0.5
1996,495,0.5
3261,495,4.5
275,495,5.0
1062,495,2.0
367,495,3.5
3463,495,5.0
812,495,4.0
3707,495,4.0
351,495,2.0
472,495,3.0
2738,495,1.5
385,495,4.5
1045,495,3.5
1007,495,2.5
1584,495,4.5
1853,495,4.5
364,495,1.5
279,495,4.0
346,495,3.0
1016,495,4.0
2042,495,3.5
1054,495,5.0
1719,495,5.0
1182,495,2.5
1190,495,3.0
389,495,5.0
4299,495,5.0
865,495,3.5
908,495,4.0
3561,495,3.0
1143,495,5.0
317,495,4.5
704,495,4.0
884,495,5.0
424,495,4.0
200,495,2.5
1559,495,4.5
829,495,5.0
1497,495,5.0
1063,495,4.5
2326,495,5.0
733,495,4.5
2746,495,5.0
1710,495,4.5
2155,495,4.5
831,495,5.0
725,495,4.5
146,495,4.0
1551,495,4.0
1849,495,5.0
267,495,2.5
2139,495,5.0
248,495,4.5
3946,495,5.0
816,495,2.0
3079,495,3.0
249,495,3.5
243,495,3.0
3559,495,0.5
558,495,4.0
3682,495,2.0
919,495,4.5
417,495,4.5
13,495,1.0
3579,495,4.0
3242,495,4.0
2136,495,2.0
555,495,3.5
4045,495,4.5
1201,495,4.5
298,495,4.5
119,495,4.5
422,495,2.5
1747,495,4.5
399,495,4.0
2395,495,5.0
282,495,4.5
1832,495,2.0
117,495,3.5
1373,495,4.0
1575,495,5.0
1818,495,4.0
354,495,4.5
2669,495,5.0
1706,495,3.5
1339,495,4.0
1816,495,4.5
723,495,3.0
572,495,4.5
36,495,1.0
1557,495,5.0
1568,495,4.5
1,495,5.0
440,495,4.5
1191,495,4.5
4098,495,2.5
97,495,5.0
189,495,2.5
412,495,4.0
4102,495,4.5
2351,495,4.0
1502,495,5.0
909,495,4.5
1367,495,4.0
2561,495,4.0
929,495,5.0
1923,495,5.0
427,495,4.5
2464,495,4.5
1571,495,5.0
1104,495,5.0
2074,495,5.0
1533,495,5.0
217,495,5.0
634,495,5.0
885,495,5.0
1570,495,4.5
288,495,5.0
1621,495,5.0
1503,495,2.5
1342,495,4.5
3575,495,5.0
125,495,5.0
1151,495,4.5
1288,495,4.0
75,495,5.0
3759,495,4.5
694,495,5.0
95,495,5.0
3238,495,5.0
201,495,4.5
29,495,3.5
3593,495,4.5
128,495,4.5
789,495,5.0
3362,495,4.0
245,495,1.0
271,495,5.0
2357,495,4.5
177,495,5.0
1600,495,4.0
1599,495,4.0
3046,495,5.0
1699,495,5.0
2126,495,5.0
1329,495,5.0
4336,496,4.5
1264,496,2.5
900,496,3.0
2862,496,3.5
608,496,2.5
1237,496,4.0
1838,496,3.0
2464,496,3.5
56,496,3.0
240,496,3.0
2000,496,4.5
47,496,3.5
95,496,3.0
3422,496,2.5
1553,497,4.0
4344,497,5.0
4179,497,4.0
3725,497,5.0
2979,497,3.0
629,497,3.0
3061,497,5.0
651,497,3.0
2519,497,4.0
663,497,4.0
160,497,3.0
200,497,2.5
2155,497,5.0
67,497,5.0
97,497,2.0
3418,497,5.0
96,497,5.0
47,497,2.0
3759,497,4.0
3871,497,5.0
694,497,3.5
696,498,3.0
1573,498,3.0
1530,498,5.0
2993,498,5.0
557,498,5.0
636,498,5.0
300,498,3.0
824,498,5.0
76,498,3.0
930,498,3.0
3236,498,4.0
2819,498,2.0
678,498,5.0
810,498,5.0
283,498,3.0
645,498,3.0
676,498,4.0
1698,498,5.0
2281,498,3.0
1361,498,3.0
1362,498,3.0
4273,498,3.0
4274,498,3.0
426,498,5.0
1939,499,0.5
2331,499,5.0
3451,499,4.0
3192,499,4.0
3408,499,4.0
1169,499,2.5
2045,499,1.0
3488,499,5.0
1237,499,4.0
2246,499,4.0
1544,500,4.0
2721,500,1.0
3647,500,1.0
2993,500,4.0
3447,500,4.0
810,500,4.0
676,500,4.0
1698,500,4.0
4265,500,3.0
2671,500,1.0
3514,500,3.0
2948,500,4.0
2662,500,3.0
3300,500,4.0
4056,500,5.0
2540,500,5.0
905,500,5.0
4118,500,4.0
4092,500,1.0
2021,500,3.0
4448,500,3.0
705,500,3.0
1561,500,4.0
2742,500,3.0
3220,500,4.0
1122,500,1.0
1360,500,3.0
2813,500,4.0
2519,500,5.0
208,500,3.0
2756,500,5.0
344,500,5.0
1055,500,4.0
2095,500,2.0
1688,500,4.0
1123,500,4.0
900,500,5.0
696,501,4.0
341,501,1.0
893,501,3.0
2452,501,3.0
3772,501,5.0
616,501,1.0
1540,501,3.0
3749,501,2.0
2930,501,3.0
2169,501,3.0
2153,501,3.0
1530,501,3.0
1319,501,3.0
2687,501,3.0
646,501,4.0
835,501,3.0
3154,501,4.0
1303,501,3.0
1038,501,4.0
384,501,5.0
966,501,4.0
978,501,3.0
2169,502,3.5
1110,502,4.5
3892,502,1.5
902,502,3.0
4079,502,4.5
839,502,4.5
3162,502,4.5
2821,502,2.0
814,502,5.0
1612,502,5.0
3008,502,4.0
2670,502,3.0
2090,502,5.0
214,502,0.5
4003,502,5.0
351,502,0.5
1007,502,4.5
4223,503,4.5
3236,503,5.0
1939,503,4.0
810,503,4.0
3410,503,3.5
676,503,3.5
1814,503,3.5
1821,503,4.0
2970,503,4.0
1705,503,4.5
4307,503,4.5
3725,503,4.0
4609,503,4.0
4082,503,4.0
1850,503,5.0
839,503,2.5
3162,503,2.5
3243,503,5.0
4021,503,5.0
26,503,2.5
863,503,4.5
629,503,3.0
2173,503,3.5
2911,503,3.0
2519,503,4.0
663,503,3.5
344,503,4.0
3889,503,3.5
766,503,3.5
3577,503,4.0
1366,503,0.5
4069,503,3.0
3536,503,4.0
3712,503,2.5
329,503,3.0
3744,503,3.5
2155,503,2.5
1245,503,5.0
1616,503,3.0
3338,503,1.5
572,503,4.5
97,503,3.5
3474,503,3.0
70,503,3.5
427,503,2.0
1148,503,2.0
2831,503,0.5
2822,503,3.0
411,503,0.5
4069,503,3.5
1544,504,4.0
2141,504,3.5
3236,504,4.0
1545,504,4.0
1067,504,4.0
2458,504,4.5
260,504,2.0
672,504,4.0
3241,504,3.5
2533,504,3.0
397,504,4.0
1122,504,4.0
2317,504,3.5
3178,504,4.0
2670,504,4.0
910,504,3.5
2151,504,4.5
766,504,4.0
3463,504,4.0
1835,504,3.5
385,504,4.0
1045,504,3.5
1793,504,4.0
478,504,4.0
1007,504,4.5
1834,504,4.0
900,504,4.5
2516,504,4.0
2319,504,3.5
1034,504,3.5
1054,504,3.5
1717,504,2.5
2335,504,4.0
3597,504,3.5
1759,504,4.0
276,504,3.5
3897,504,3.5
1898,504,2.0
2722,504,4.5
2310,504,4.5
1569,504,3.0
2791,504,4.0
704,504,2.5
884,504,4.0
1541,504,3.5
329,504,4.0
3056,504,4.5
383,504,4.5
4093,504,3.0
3744,504,4.5
1559,504,5.0
3491,504,4.5
1063,504,4.0
2190,504,4.0
439,504,4.5
2862,504,4.0
1939,505,2.5
3410,505,2.5
3743,505,5.0
327,505,4.0
2948,505,4.0
663,505,5.0
3178,505,3.5
3577,505,5.0
3244,505,5.0
2390,505,5.0
1710,505,5.0
1710,505,5.0
3601,505,5.0
1170,505,2.0
1991,505,4.0
2721,506,5.0
2931,506,5.0
1581,506,3.0
3352,506,4.0
2628,506,4.5
1727,506,4.0
2572,506,3.0
405,506,3.0
1254,506,3.0
2532,506,4.0
673,506,3.5
2453,506,3.0
1747,506,3.5
517,506,3.0
2564,506,4.0
2,506,0.5
3172,506,3.5
592,506,3.0
1593,506,3.0
3338,506,4.0
1858,506,4.0
1563,506,3.0
1575,506,5.0
1577,506,3.0
1786,506,3.0
1332,506,3.0
1742,506,1.0
3267,506,4.0
96,506,5.0
3871,506,3.5
694,506,3.0
95,506,3.5
1573,507,5.0
2721,507,3.0
557,507,3.0
636,507,3.0
300,507,3.0
356,507,3.0
1567,507,3.0
678,507,3.0
810,507,4.0
1545,507,5.0
676,507,4.0
280,507,3.0
2281,507,3.0
4461,508,2.5
2288,508,4.5
2739,508,2.0
3829,508,2.0
1154,508,4.0
1167,508,4.0
25,508,1.5
1430,508,2.0
1544,509,4.0
2452,509,3.0
1553,509,4.0
1573,509,3.5
2721,509,4.0
813,509,3.5
300,509,2.0
3236,509,3.5
2819,509,4.0
2514,509,1.0
1698,509,3.5
4265,509,3.0
1110,509,2.5
804,509,3.0
3514,509,3.5
4336,509,3.0
2675,509,3.0
327,509,3.0
33,509,3.0
3934,509,3.5
4586,509,4.0
2331,509,3.5
2662,509,3.0
4056,509,3.5
474,509,3.5
2327,509,3.5
305,509,4.0
817,509,3.5
451,509,3.0
2979,509,3.5
353,509,4.0
150,509,3.0
4448,509,3.0
629,509,3.5
1721,509,3.0
2533,509,3.5
2111,509,3.5
705,509,2.5
3049,509,3.5
2931,509,3.5
2742,509,3.5
1360,509,4.0
71,509,3.0
22,509,3.0
344,509,3.5
466,509,4.0
2151,509,3.5
275,509,3.0
195,509,3.0
512,509,3.0
414,509,1.5
3580,509,4.0
546,509,3.5
631,509,2.5
1045,509,3.5
1834,509,3.5
900,509,4.0
359,509,2.5
1056,509,2.5
169,509,3.0
2319,509,3.5
1543,509,2.0
2630,509,3.5
3712,509,4.0
232,509,3.5
389,509,3.5
576,509,3.0
632,509,3.5
716,509,3.0
160,509,2.5
1759,509,3.5
460,509,4.0
431,509,3.5
3374,509,3.0
1640,509,2.0
222,509,1.5
674,509,3.5
3277,509,3.5
1143,509,3.5
277,509,3.5
1541,509,3.0
934,509,3.0
1868,509,2.0
895,509,3.0
2106,509,3.5
424,509,3.5
329,509,3.5
166,509,2.5
1836,509,3.0
770,509,3.5
200,509,3.5
1079,509,2.5
1781,509,3.0
829,509,3.0
1044,509,2.5
1063,509,4.0
584,509,3.0
2862,509,3.0
1124,509,1.5
2562,509,3.0
1205,509,3.0
729,509,2.0
1426,509,3.0
1581,509,2.5
146,509,2.5
566,509,4.0
192,509,3.5
1849,509,4.0
267,509,3.0
4022,509,2.5
957,509,2.0
526,509,1.5
958,509,3.5
292,509,2.0
248,509,3.5
3514,509,3.5
118,509,3.0
689,509,2.0
2987,509,3.0
816,509,2.5
3373,509,3.0
1179,509,3.5
268,509,3.0
230,509,3.0
510,509,2.0
249,509,2.5
936,509,3.0
243,509,2.0
1137,509,2.0
1597,509,3.5
693,509,1.5
1727,509,4.0
115,509,3.5
1237,509,3.0
25,509,3.0
405,509,3.0
2399,509,3.5
1852,509,3.5
1636,509,2.0
933,509,4.0
1873,509,3.5
3315,509,3.0
1165,509,2.5
417,509,1.0
13,509,3.5
3737,509,1.5
3242,509,3.5
244,509,3.0
2318,509,3.0
673,509,3.0
386,509,2.5
1844,509,2.5
4220,509,3.5
2631,509,2.0
1294,509,3.5
119,509,3.5
688,509,3.5
2453,509,4.0
686,509,2.5
1874,509,3.0
6,509,1.0
1747,509,2.5
517,509,3.5
107,509,3.0
4711,509,3.5
2,509,3.5
399,509,3.0
2071,509,3.0
74,509,2.5
592,509,3.5
392,509,3.0
117,509,3.5
420,509,2.5
69,509,3.0
58,509,3.5
887,509,2.5
2476,509,3.0
1332,509,3.0
2174,509,3.0
850,509,3.0
2669,509,4.0
131,509,3.5
1339,509,1.5
866,509,3.5
914,509,2.5
690,509,2.0
723,509,4.0
68,509,3.0
1186,509,3.5
159,509,3.5
129,509,3.0
122,509,3.0
67,509,3.5
349,509,2.5
3343,509,2.5
1557,509,3.5
1620,509,4.0
294,509,2.5
1259,509,4.0
755,509,3.5
357,509,3.5
342,509,2.5
33,509,2.5
93,509,4.5
80,509,3.5
51,509,4.0
1191,509,1.5
43,509,4.0
615,509,3.5
97,509,3.5
3267,509,4.0
2719,509,4.5
197,509,3.5
7,509,4.0
3514,509,4.5
179,509,3.5
548,509,3.5
130,509,3.5
18,509,3.5
102,509,3.5
2282,509,2.0
988,509,3.0
926,509,4.0
336,509,3.0
70,509,3.0
427,509,3.5
206,509,3.5
5,509,3.5
1121,509,3.0
134,509,2.5
81,509,2.5
4722,509,3.5
56,509,4.0
4181,509,3.0
2425,509,4.5
1571,509,3.0
217,509,3.5
155,509,3.5
288,509,4.0
229,509,2.5
48,509,3.5
15,509,3.5
507,509,3.5
2865,509,3.5
240,509,2.5
127,509,3.5
184,509,3.5
125,509,4.5
1151,509,2.5
1288,509,4.0
745,509,4.0
96,509,3.0
86,509,3.5
47,509,3.5
82,509,3.5
1231,509,3.5
912,509,3.0
161,509,4.5
95,509,4.0
89,509,4.5
201,509,3.5
2550,509,4.5
29,509,3.5
918,509,2.5
8,509,4.0
327,509,4.0
1686,509,5.0
893,510,1.0
3647,510,4.0
2993,510,3.0
1994,510,3.0
953,510,0.5
676,510,3.0
835,510,1.0
3254,510,1.5
1821,510,3.5
1839,510,1.0
4179,510,4.5
2675,510,3.0
1705,510,4.0
4678,510,3.0
1528,510,4.0
1850,510,3.5
2331,510,3.5
1665,510,3.5
3243,510,3.5
2662,510,4.0
3451,510,3.0
474,510,0.5
903,510,3.5
1397,510,2.0
2575,510,3.0
1815,510,3.0
2533,510,3.0
2842,510,3.5
3027,510,4.5
3220,510,4.0
814,510,3.0
1537,510,1.0
3831,510,4.0
2530,510,3.5
2317,510,3.5
1335,510,2.5
2095,510,3.0
2151,510,3.5
2330,510,3.0
644,510,1.0
766,510,3.0
661,510,0.5
1853,510,3.5
373,510,3.0
1569,510,3.5
1714,510,1.5
2820,510,3.5
267,510,3.0
2410,510,3.0
1848,510,1.0
1179,510,3.5
120,510,4.0
1296,510,0.5
3351,510,3.0
1687,510,3.5
810,511,4.5
1821,511,5.0
1354,511,4.0
234,511,4.0
663,511,5.0
160,511,3.5
166,511,3.5
25,511,3.5
1844,511,3.0
2017,511,3.5
1591,511,4.0
67,511,4.5
97,511,5.0
70,511,4.0
427,511,3.5
625,511,3.5
416,511,3.0
302,511,4.0
288,511,4.0
223,511,3.5
2108,511,4.0
1288,511,3.5
96,511,4.5
83,511,4.0
2755,511,4.5
128,511,4.0
271,511,4.0
177,511,5.0
2721,512,4.0
557,512,5.0
636,512,4.0
1729,512,5.0
921,512,4.0
824,512,4.0
356,512,5.0
76,512,3.0
827,512,3.0
930,512,3.0
3236,512,5.0
2950,512,3.0
2819,512,2.0
678,512,3.0
810,512,5.0
1545,512,4.0
283,512,3.0
645,512,3.0
676,512,4.0
1814,512,3.0
1821,512,5.0
1839,512,3.0
2514,512,3.0
2020,512,4.0
1698,512,3.0
280,512,3.0
2281,512,3.0
2671,512,4.0
557,513,4.0
636,513,4.5
2371,513,4.5
1567,513,3.5
3236,513,4.5
4179,513,5.0
3819,513,5.0
2517,513,2.5
2331,513,5.0
3451,513,4.5
2818,513,4.5
1167,513,3.0
2533,513,3.5
2519,513,4.0
900,513,4.0
160,513,4.0
1544,514,4.0
893,514,3.5
2141,514,3.0
1573,514,4.0
2103,514,2.5
1530,514,4.0
636,514,4.0
824,514,4.0
2535,514,2.5
3236,514,4.0
810,514,4.0
676,514,4.5
2514,514,3.5
1698,514,4.0
280,514,4.0
1361,514,2.5
1362,514,2.5
4273,514,2.5
4274,514,2.5
1110,514,4.0
2671,514,2.5
426,514,4.0
3893,514,2.5
1886,514,2.5
327,514,4.0
1705,514,4.0
4307,514,4.0
3449,514,4.0
2971,514,4.5
2517,514,3.0
4586,514,4.0
3725,514,4.0
2406,514,5.0
4082,514,4.0
1850,514,4.5
839,514,4.0
3162,514,4.0
3243,514,4.5
2662,514,4.0
2667,514,4.0
2288,514,5.0
3993,514,4.0
3556,514,2.5
1008,514,4.0
2458,514,4.5
3605,514,2.0
1616,514,4.0
2812,514,5.0
2097,514,3.0
903,514,4.0
2285,514,3.0
3776,514,4.0
2327,514,3.5
366,514,4.0
380,514,3.0
1377,514,4.0
2408,514,2.0
2575,514,4.5
2821,514,4.0
2979,514,4.0
1964,514,2.5
26,514,4.0
905,514,4.0
3454,514,2.0
4340,514,4.0
1815,514,4.0
3311,514,4.0
4289,514,2.0
2412,514,4.0
2554,514,3.0
4017,514,2.0
3171,514,3.0
1399,514,4.0
2688,514,1.5
1364,514,3.0
2915,514,4.0
1154,514,2.0
629,514,4.0
3241,514,2.5
1700,514,4.0
2533,514,4.0
471,514,3.0
2933,514,2.0
1917,514,3.0
1783,514,3.5
1612,514,3.5
3831,514,4.0
2530,514,4.0
2317,514,4.0
2519,514,4.0
1651,514,4.0
663,514,2.5
225,514,4.0
418,514,3.0
2018,514,2.5
3178,514,3.5
3008,514,3.0
1335,514,4.0
3703,514,4.0
2095,514,4.0
4474,514,4.5
3889,514,4.0
2090,514,5.0
2330,514,4.0
3455,514,4.0
4003,514,4.0
3741,514,2.0
2999,514,2.0
2589,514,3.0
1921,514,4.0
766,514,3.5
3463,514,4.0
2451,514,4.0
2006,514,1.0
1834,514,4.0
900,514,4.0
2516,514,4.5
335,514,3.0
2537,514,2.0
1759,514,4.5
565,514,3.5
329,514,4.0
1559,514,2.0
1063,514,4.5
2820,514,5.0
192,514,4.0
1068,514,2.5
3010,514,2.0
3242,514,4.0
555,514,3.0
278,514,3.5
119,514,4.0
218,514,2.0
212,514,5.0
4711,514,3.0
262,514,3.0
2395,514,4.0
1021,514,4.0
1575,514,3.5
1818,514,4.0
54,514,3.0
572,514,4.0
159,514,4.0
357,514,4.0
440,514,4.0
93,514,4.0
97,514,4.0
2351,514,3.0
1368,514,4.5
1219,514,3.5
1367,514,4.0
336,514,4.0
929,514,4.5
2425,514,4.0
520,514,4.0
1342,514,4.0
240,514,3.0
96,514,4.0
75,514,3.5
3871,514,4.5
95,514,3.0
89,514,4.0
2755,514,3.0
1199,514,4.0
183,514,2.0
685,514,3.0
271,514,4.0
10,514,2.5
2126,514,4.0
176,514,2.5
371,514,4.0
3562,514,3.0
2287,514,2.0
4785,514,3.0
810,515,5.0
1821,515,5.0
629,515,5.0
663,515,5.0
120,515,5.0
69,515,5.0
58,515,5.0
97,515,5.0
3871,515,5.0
2525,515,5.0
676,516,4.0
1038,516,3.0
4016,516,4.0
3449,516,3.0
4340,516,5.0
1081,516,2.0
3008,516,3.0
2090,516,5.0
1793,516,4.0
900,516,5.0
2344,516,4.0
2516,516,3.0
3704,516,5.0
1544,517,4.0
696,517,0.5
2452,517,0.5
1573,517,5.0
557,517,1.5
821,517,2.0
356,517,2.5
2819,517,2.5
678,517,2.5
810,517,3.5
3702,517,5.0
1545,517,3.0
676,517,1.0
1814,517,5.0
2486,517,3.5
1821,517,3.5
2514,517,5.0
2020,517,4.0
1698,517,3.0
1361,517,3.0
1362,517,3.0
4273,517,3.0
4274,517,3.0
4265,517,3.5
1110,517,3.5
2671,517,3.0
453,517,2.0
4179,517,1.0
4012,517,4.5
3990,517,4.0
4336,517,4.0
2407,517,4.5
3819,517,4.0
4502,517,3.0
264,517,3.0
3892,517,4.5
2675,517,2.0
902,517,3.5
3452,517,5.0
33,517,4.0
2971,517,5.0
2517,517,0.5
4586,517,2.0
3725,517,1.5
2553,517,2.0
4082,517,3.0
2173,517,1.0
3745,517,1.5
2456,517,2.0
2662,517,3.0
2288,517,5.0
4056,517,5.0
358,517,0.5
2027,517,4.0
3451,517,2.0
3448,517,1.0
447,517,1.5
305,517,0.5
456,517,1.5
1377,517,0.5
3470,517,2.5
451,517,2.5
2979,517,2.5
26,517,3.5
905,517,3.0
165,517,3.0
4745,517,1.0
4439,517,1.0
3454,517,1.5
2996,517,3.0
4340,517,0.5
1815,517,3.5
1364,517,1.5
1154,517,4.0
1167,517,4.5
4448,517,4.0
629,517,3.0
1721,517,0.5
2918,517,3.0
3241,517,2.0
1700,517,3.0
564,517,3.0
486,517,4.5
1783,517,1.5
639,517,1.5
906,517,2.5
1122,517,3.0
1360,517,0.5
3831,517,3.5
2519,517,1.0
2089,517,5.0
22,517,3.0
3178,517,2.0
269,517,2.0
2730,517,3.5
573,517,2.5
3261,517,1.0
275,517,1.0
2999,517,2.0
812,517,2.0
3580,517,4.5
1835,517,3.5
631,517,1.0
385,517,4.0
1793,517,3.0
652,517,1.5
1834,517,3.0
1885,517,1.0
900,517,4.0
876,517,1.0
2516,517,1.0
556,517,2.0
232,517,2.0
389,517,0.5
2335,517,5.0
632,517,2.5
3597,517,2.0
2515,517,1.0
445,517,3.0
565,517,1.0
277,517,4.0
148,517,0.5
317,517,1.0
884,517,2.0
1541,517,2.5
424,517,1.5
329,517,4.0
200,517,2.5
1079,517,0.5
1063,517,5.0
2862,517,2.0
449,517,2.5
2155,517,1.5
566,517,2.5
192,517,4.5
3601,517,1.0
958,517,2.0
292,517,1.0
2400,517,0.5
689,517,1.0
510,517,2.0
693,517,0.5
1727,517,0.5
115,517,3.0
1852,517,3.0
13,517,3.5
767,517,0.5
11,517,2.5
3242,517,1.0
244,517,2.5
2532,517,4.0
2318,517,0.5
278,517,1.5
386,517,0.5
1671,517,4.0
2474,517,1.0
212,517,3.0
1874,517,1.5
2,517,2.5
114,517,3.0
1593,517,4.0
1832,517,1.0
117,517,3.0
1591,517,2.0
182,517,0.5
58,517,2.5
887,517,3.5
2669,517,4.0
12,517,0.5
690,517,2.5
782,517,4.0
723,517,1.0
1164,517,0.5
572,517,0.5
122,517,3.0
67,517,5.0
9,517,3.0
1170,517,1.0
615,517,2.0
2633,517,4.0
1368,517,1.0
285,517,1.0
3281,517,2.0
3514,517,0.5
18,517,3.5
138,517,1.0
836,517,2.0
1623,517,3.0
336,517,0.5
70,517,5.0
407,517,0.5
922,517,3.0
56,517,2.5
30,517,1.0
217,517,1.0
819,517,3.0
2846,517,2.0
125,517,1.0
145,517,1.0
2525,517,4.0
196,517,3.0
3,517,1.0
79,517,5.0
2667,517,0.5
2948,518,4.0
2493,518,4.0
1370,518,0.5
1753,518,4.0
3448,518,2.0
456,518,3.5
2540,518,4.0
433,518,4.5
397,518,4.0
2670,518,3.0
766,518,4.5
1714,518,4.5
329,518,5.0
810,519,5.0
2979,519,5.0
3061,519,5.0
910,519,5.0
812,519,4.0
1045,519,5.0
2319,519,3.5
389,519,4.0
884,519,4.0
725,519,5.0
249,519,3.5
742,519,5.0
3338,519,4.0
1818,519,5.0
1,519,4.0
926,519,5.0
1342,519,5.0
1374,519,4.0
1175,519,4.0
696,520,4.0
1553,520,1.0
2371,520,3.5
1939,520,2.0
1305,520,3.5
2819,520,1.0
810,520,3.5
404,520,4.0
1728,520,5.0
2514,520,4.0
280,520,4.5
1303,520,3.5
4179,520,5.0
2970,520,3.0
4586,520,5.0
2406,520,5.0
839,520,5.0
3162,520,5.0
2948,520,5.0
2662,520,5.0
2288,520,5.0
3993,520,5.0
1008,520,4.0
1036,520,5.0
3680,520,4.5
1039,520,4.0
366,520,3.5
1765,520,4.5
550,520,4.0
462,520,3.0
2641,520,5.0
1154,520,4.0
1167,520,4.0
1700,520,3.0
582,520,3.5
3206,520,4.0
3049,520,4.0
3354,520,4.0
2087,520,3.5
234,520,1.5
71,520,2.5
619,520,4.5
3831,520,4.0
208,520,5.0
225,520,3.0
2756,520,4.0
3178,520,5.0
1055,520,4.0
1977,520,2.5
910,520,4.0
4244,520,4.0
1538,520,4.0
540,520,5.0
1123,520,4.0
512,520,4.0
812,520,4.0
546,520,3.5
2909,520,4.5
385,520,3.5
1045,520,3.5
1793,520,5.0
2513,520,5.0
900,520,4.0
364,520,4.0
2319,520,4.0
2485,520,4.0
3152,520,3.0
232,520,4.0
1018,520,3.5
998,520,4.0
160,520,4.0
231,520,2.0
276,520,3.5
3897,520,3.5
2256,520,3.5
317,520,3.0
2032,520,3.5
2820,520,4.0
584,520,4.0
729,520,4.0
146,520,2.0
267,520,4.0
292,520,4.0
2219,520,4.5
230,520,2.0
186,520,5.0
1296,520,5.0
1501,520,3.0
2318,520,3.5
278,520,3.0
69,520,5.0
182,520,4.0
58,520,4.5
779,520,4.5
12,520,2.5
572,520,4.5
1,520,4.5
357,520,5.0
1093,521,4.0
3772,521,4.0
3749,521,5.0
2930,521,4.0
2382,521,4.0
2643,521,3.0
1319,521,4.0
646,521,3.0
2993,521,3.0
1303,521,3.0
426,521,4.0
384,521,4.0
966,521,3.0
287,521,3.0
1498,521,4.0
1067,521,3.0
3934,521,4.0
1544,522,3.0
696,522,4.5
1530,522,3.0
557,522,4.0
3447,522,4.5
4780,522,5.0
3236,522,5.0
1305,522,4.5
810,522,3.5
676,522,3.5
1728,522,2.5
2514,522,1.0
1698,522,4.0
3893,522,4.0
4222,522,3.5
1705,522,4.0
4307,522,4.0
4586,522,4.5
3725,522,4.0
2406,522,4.5
1850,522,3.5
839,522,5.0
3162,522,5.0
2662,522,4.5
2288,522,5.0
1008,522,4.5
1036,522,4.5
1370,522,4.0
1753,522,4.0
1586,522,4.0
2818,522,4.5
2320,522,3.5
1962,522,3.5
903,522,4.0
2568,522,4.5
1377,522,3.5
4638,522,4.5
802,522,4.5
2979,522,4.5
905,522,4.0
629,522,5.0
3061,522,4.5
486,522,0.5
582,522,4.0
3049,522,4.5
234,522,3.0
2813,522,3.0
519,522,0.5
2519,522,5.0
4085,522,4.5
663,522,4.0
2756,522,4.5
3008,522,4.5
275,522,4.0
3463,522,2.5
3707,522,3.0
546,522,3.5
2909,522,4.0
1793,522,4.0
1664,522,2.5
3577,522,3.5
2042,522,3.5
3712,522,4.0
389,522,4.5
321,522,3.5
445,522,4.0
277,522,3.0
756,522,4.0
1541,522,1.5
200,522,5.0
1063,522,0.5
2155,522,4.0
4022,522,2.0
3601,522,4.0
120,522,4.0
1296,522,4.0
2628,522,4.0
933,522,4.5
3315,522,4.0
919,522,4.5
1761,522,4.5
3242,522,2.5
1606,522,3.5
2856,522,2.5
278,522,5.0
2474,522,4.0
688,522,1.0
2395,522,3.0
282,522,3.5
1832,522,4.5
3338,522,2.0
69,522,4.0
164,522,5.0
1973,522,2.0
2374,522,5.0
12,522,4.5
2080,522,4.0
923,522,2.0
572,522,4.5
2203,522,1.0
159,522,3.5
1557,522,4.5
1991,522,4.0
1,522,1.0
93,522,3.5
80,522,4.0
97,522,5.0
412,522,5.0
2733,522,4.5
1368,522,4.5
40,522,5.0
1509,522,4.0
909,522,4.5
929,522,4.0
2464,522,4.5
30,522,4.5
1571,522,3.5
1104,522,2.5
288,522,5.0
32,522,3.5
48,522,4.5
3575,522,0.5
86,522,5.0
95,522,5.0
810,523,4.5
1821,523,4.5
2020,523,4.5
4265,523,4.0
1039,523,4.5
2979,523,5.0
26,523,5.0
663,523,4.5
275,523,5.0
3707,523,4.5
1835,523,5.0
431,523,4.0
884,523,5.0
200,523,4.5
584,523,5.0
2155,523,5.0
957,523,5.0
1845,523,5.0
510,523,4.5
1597,523,5.0
13,523,4.5
6,523,4.5
117,523,5.0
3338,523,4.0
440,523,5.0
93,523,5.0
2733,523,3.5
56,523,4.5
35,523,4.0
2525,523,5.0
789,523,5.0
271,523,3.5
1544,524,4.0
696,524,4.0
1553,524,3.0
616,524,2.0
1540,524,3.0
970,524,2.0
3749,524,3.0
1319,524,3.0
646,524,4.0
557,524,3.0
636,524,5.0
1729,524,5.0
300,524,3.0
824,524,5.0
356,524,3.0
536,524,2.0
1253,524,2.0
1380,524,3.0
737,524,3.0
76,524,1.0
2371,524,4.0
1305,524,3.0
1628,524,2.0
2819,524,3.0
678,524,5.0
1545,524,5.0
283,524,4.0
676,524,4.0
404,524,4.0
835,524,5.0
2486,524,3.0
1728,524,5.0
1839,524,4.0
2514,524,3.0
2020,524,4.0
1698,524,4.0
280,524,5.0
1361,524,3.0
1362,524,3.0
4273,524,3.0
4274,524,3.0
426,524,3.0
804,524,3.0
384,524,3.0
966,524,2.0
287,524,3.0
571,524,4.0
4336,524,3.0
2970,524,4.0
2675,524,3.0
902,524,2.0
2971,524,2.0
2517,524,3.0
4586,524,5.0
3725,524,1.0
2406,524,5.0
1528,524,4.0
839,524,3.0
3162,524,3.0
2331,524,5.0
1665,524,5.0
2456,524,3.0
2667,524,5.0
2288,524,5.0
2832,524,4.0
2493,524,5.0
3993,524,5.0
1008,524,5.0
1036,524,4.0
574,524,3.0
2818,524,5.0
1962,524,4.0
2065,524,3.0
1544,525,4.0
1573,525,3.0
2721,525,4.5
813,525,3.0
1530,525,3.5
636,525,4.0
821,525,3.5
3447,525,3.5
4780,525,3.5
930,525,3.5
810,525,4.0
1545,525,3.5
283,525,4.5
676,525,4.0
1814,525,3.5
1821,525,4.0
2514,525,3.5
1698,525,3.5
4265,525,1.5
1110,525,1.5
2671,525,4.0
453,525,2.5
4179,525,3.5
4012,525,4.5
2407,525,4.0
3819,525,3.5
3892,525,3.5
327,525,3.0
3452,525,4.5
33,525,2.5
1705,525,4.5
3934,525,3.5
2517,525,3.5
4586,525,4.5
2456,525,4.5
3243,525,4.0
2662,525,4.0
2288,525,4.0
4056,525,3.5
2458,525,3.5
3448,525,4.5
2327,525,3.0
305,525,3.5
1033,525,4.0
4638,525,3.5
875,525,3.5
1881,525,3.0
905,525,3.5
353,525,3.5
2021,525,3.0
3454,525,3.0
2996,525,3.0
4340,525,3.5
4448,525,1.5
3241,525,4.0
2533,525,3.5
2111,525,4.0
1783,525,4.0
3049,525,4.5
2742,525,4.0
234,525,3.0
1612,525,3.5
2519,525,4.0
208,525,3.5
3342,525,3.5
3890,525,4.0
663,525,3.5
2756,525,4.5
2018,525,4.0
22,525,4.0
3008,525,4.5
344,525,4.0
910,525,3.5
3889,525,4.0
2151,525,4.0
573,525,3.5
275,525,3.5
4003,525,4.0
1123,525,3.0
512,525,3.0
1062,525,3.0
2983,525,3.5
766,525,4.5
3463,525,4.5
1548,525,4.5
812,525,2.0
3707,525,4.0
3580,525,3.5
1228,525,2.5
351,525,3.0
472,525,0.5
1835,525,4.0
2738,525,2.0
631,525,2.5
385,525,3.5
1045,525,4.0
2735,525,3.0
3577,525,4.0
1366,525,3.5
1834,525,3.5
2045,525,3.5
900,525,3.5
876,525,4.0
359,525,2.5
333,525,3.5
364,525,2.5
2319,525,4.5
1034,525,2.5
3488,525,4.0
1543,525,1.0
1016,525,1.5
2042,525,4.0
1719,525,4.0
1717,525,3.0
3165,525,3.5
3712,525,4.0
232,525,3.5
389,525,4.5
576,525,2.5
1018,525,2.0
2335,525,4.5
2030,525,3.5
1195,525,4.0
632,525,3.0
1012,525,3.5
3460,525,3.0
3597,525,2.0
231,525,2.5
431,525,3.5
674,525,2.5
565,525,3.5
1301,525,2.5
3897,525,4.0
3561,525,0.5
2839,525,3.5
277,525,3.5
2256,525,4.0
317,525,3.0
884,525,3.5
1541,525,4.5
911,525,2.5
1969,525,1.0
3524,525,3.5
2928,525,3.5
4227,525,4.5
329,525,4.5
3734,525,4.0
220,525,3.5
200,525,4.5
370,525,2.0
3744,525,4.0
2102,525,3.0
829,525,4.5
1497,525,4.0
1063,525,4.5
584,525,3.5
1159,525,1.5
4096,525,3.5
2155,525,3.5
831,525,4.0
1581,525,3.0
2333,525,4.5
146,525,3.5
2083,525,4.0
566,525,3.0
3618,525,4.5
192,525,4.5
4582,525,4.0
4749,525,3.5
3450,525,3.5
1849,525,3.5
4022,525,4.0
3601,525,4.5
2048,525,4.5
2139,525,3.0
1411,525,3.5
1179,525,3.5
3079,525,4.0
230,525,3.0
510,525,3.0
249,525,4.5
120,525,3.0
243,525,1.0
1296,525,4.0
1597,525,3.5
3352,525,4.0
1727,525,4.5
115,525,3.0
1237,525,3.0
405,525,3.5
2399,525,4.0
933,525,3.5
3315,525,4.0
919,525,4.5
567,525,3.0
13,525,2.0
1254,525,4.0
3242,525,4.5
244,525,3.5
2823,525,3.0
1201,525,2.5
2318,525,1.0
511,525,4.0
278,525,3.5
119,525,3.5
688,525,3.5
1747,525,3.5
517,525,4.0
4711,525,4.0
262,525,3.0
112,525,2.0
114,525,4.0
1082,525,4.0
2395,525,3.5
392,525,3.5
3338,525,4.5
1563,525,2.5
2619,525,3.5
1575,525,4.0
4031,525,3.0
69,525,3.0
182,525,3.0
58,525,3.5
513,525,3.0
887,525,3.0
164,525,3.5
4173,525,4.0
1786,525,2.0
1973,525,3.5
12,525,3.0
1339,525,1.5
723,525,3.5
1164,525,2.0
3143,525,2.0
3628,525,4.5
123,525,2.5
159,525,3.0
67,525,3.5
3343,525,4.0
9,525,4.0
1557,525,4.0
1170,525,3.5
348,525,3.0
1991,525,3.5
1259,525,4.5
1,525,3.0
342,525,2.5
33,525,2.5
93,525,4.0
1723,525,3.5
43,525,3.5
615,525,3.0
97,525,4.0
412,525,4.5
3267,525,4.5
197,525,3.5
2733,525,4.0
7,525,3.5
130,525,3.0
1502,525,3.5
102,525,3.5
170,525,3.5
926,525,4.0
1387,525,2.5
427,525,3.5
1121,525,4.0
2464,525,4.5
56,525,4.0
30,525,4.0
2425,525,4.0
1571,525,4.0
391,525,3.5
1104,525,4.0
2074,525,4.0
217,525,3.5
4738,525,3.0
155,525,3.0
885,525,3.5
48,525,2.5
520,525,4.0
52,525,4.0
261,525,2.0
184,525,3.5
125,525,3.5
745,525,3.5
96,525,4.0
86,525,4.0
47,525,3.5
82,525,2.5
75,525,4.5
2841,525,3.0
3871,525,3.0
694,525,3.5
95,525,4.5
2525,525,4.0
201,525,3.0
29,525,3.5
128,525,4.5
8,525,2.0
183,525,3.5
789,525,3.5
27,525,3.5
1686,525,2.5
271,525,4.0
78,525,4.0
73,525,3.0
2126,525,3.5
465,525,3.5
4023,526,5.0
3236,526,4.0
3893,526,4.0
2331,526,4.0
2456,526,4.5
2458,526,3.5
1815,526,4.0
629,526,3.0
2519,526,4.0
663,526,4.0
2730,526,5.0
3580,526,5.0
1835,526,4.5
1793,526,5.0
584,526,4.5
1560,526,3.0
3242,526,5.0
2474,526,4.5
2181,526,4.5
58,526,4.0
2476,526,3.0
2144,526,5.0
67,526,3.5
1943,526,5.0
30,526,3.5
3575,526,4.5
1151,526,4.0
2000,526,4.0
3759,526,5.0
271,526,4.5
1891,526,2.5
1573,527,5.0
813,527,3.0
1305,527,4.0
676,527,5.0
1821,527,1.0
1698,527,5.0
2281,527,5.0
384,527,3.0
978,527,4.0
4336,527,4.0
3819,527,3.0
3452,527,3.0
3934,527,5.0
2971,527,5.0
3464,527,5.0
839,527,5.0
3162,527,5.0
2456,527,4.0
3243,527,4.0
2288,527,4.0
4056,527,3.0
358,527,4.0
1008,527,4.0
1036,527,4.0
1370,527,4.0
1753,527,4.0
1586,527,4.0
2818,527,5.0
1962,527,4.0
2812,527,5.0
903,527,4.0
2285,527,3.0
305,527,4.0
380,527,5.0
2982,527,4.0
657,527,4.0
1815,527,5.0
3908,527,2.0
2412,527,5.0
1399,527,4.0
1700,527,5.0
564,527,4.0
432,527,5.0
3883,527,4.0
25,527,3.0
25,527,3.0
468,527,4.0
1646,527,5.0
3206,527,5.0
2672,527,5.0
3354,527,4.0
279,527,5.0
4018,527,4.0
2317,527,5.0
1214,527,5.0
1651,527,4.0
3342,527,1.0
3890,527,4.0
2829,527,4.0
418,527,4.0
344,527,4.0
3703,527,4.0
3889,527,5.0
2730,527,5.0
4520,527,5.0
1123,527,4.0
1366,527,4.0
2995,527,5.0
335,527,5.0
3152,527,3.0
2350,527,4.0
2369,527,5.0
2346,527,4.0
632,527,4.0
207,527,5.0
1544,528,2.5
557,528,5.0
636,528,4.0
3236,528,4.0
810,528,5.0
280,528,4.0
3893,528,4.0
1705,528,5.0
1850,528,4.0
2331,528,3.5
1008,528,3.5
2979,528,5.0
1815,528,3.5
1364,528,3.5
841,528,5.0
3061,528,4.5
3206,528,2.0
2519,528,1.0
2670,528,2.5
275,528,5.0
414,528,2.0
2909,528,5.0
232,528,3.5
865,528,4.0
2293,528,3.5
329,528,2.0
829,528,3.5
831,528,3.5
120,528,4.5
708,528,1.0
933,528,3.5
919,528,4.0
298,528,2.5
1197,528,3.5
1832,528,1.0
69,528,3.0
2144,528,1.5
1816,528,3.5
4102,528,4.5
2733,528,1.5
929,528,4.5
2074,528,3.5
3860,528,3.0
819,528,4.5
1544,529,3.0
1530,529,3.0
646,529,4.0
2993,529,3.0
1303,529,3.0
426,529,3.0
804,529,4.0
1810,529,3.0
1087,529,2.0
384,529,4.0
2341,529,3.0
287,529,5.0
3934,529,3.0
636,530,4.0
824,530,3.0
76,530,3.0
930,530,4.0
1305,530,3.0
678,530,4.0
810,530,5.0
1545,530,3.0
283,530,2.0
676,530,4.0
1814,530,3.0
2514,530,3.0
2020,530,5.0
2281,530,5.0
1361,530,4.0
1362,530,4.0
4273,530,4.0
4274,530,4.0
2671,530,4.0
696,531,4.0
676,531,4.0
2281,531,3.0
2948,531,2.0
3243,531,5.0
1008,531,5.0
1397,531,4.0
1815,531,5.0
814,531,3.0
2319,531,3.0
160,531,5.0
557,532,5.0
4344,532,4.0
676,532,4.0
1821,532,5.0
280,532,4.0
2406,532,5.0
1850,532,5.0
839,532,5.0
3162,532,5.0
1665,532,5.0
1008,532,5.0
3451,532,3.0
1372,532,5.0
2979,532,3.0
26,532,5.0
4340,532,3.0
629,532,5.0
3061,532,4.0
25,532,4.0
2519,532,4.0
663,532,5.0
1853,532,4.0
309,532,3.0
3011,532,3.0
1544,533,5.0
810,533,5.0
2406,533,4.0
839,533,4.0
3162,533,4.0
2948,533,5.0
2812,533,4.0
3883,533,3.5
3049,533,4.0
663,533,5.0
232,533,5.0
3244,533,3.5
3601,533,3.0
3242,533,3.5
881,533,5.0
3528,533,5.0
4072,533,5.0
67,533,5.0
97,533,4.0
2211,533,5.0
607,533,3.0
784,533,3.0
2868,533,5.0
1544,534,4.0
696,534,4.0
1553,534,4.0
1573,534,4.0
2103,534,4.0
813,534,4.0
2993,534,4.0
300,534,3.5
821,534,4.0
921,534,3.5
356,534,4.5
3447,534,4.5
76,534,4.0
4780,534,4.0
2819,534,3.5
810,534,4.5
1407,534,4.0
676,534,4.5
1814,534,4.5
2049,534,4.0
2514,534,4.5
1698,534,4.5
1361,534,4.0
1362,534,4.0
4273,534,4.0
4274,534,4.0
1110,534,4.0
804,534,4.0
384,534,3.5
479,534,4.0
1705,534,4.5
2971,534,4.0
2948,534,4.5
2288,534,5.0
4056,534,4.5
1008,534,4.5
574,534,4.0
429,534,3.5
2812,534,4.5
1039,534,3.5
2327,534,4.0
211,534,3.0
305,534,4.0
817,534,3.5
1194,534,3.5
301,534,4.0
875,534,4.0
26,534,4.5
905,534,3.5
462,534,3.5
433,534,4.0
458,534,3.5
353,534,4.0
150,534,4.5
2021,534,4.5
2915,534,4.0
954,534,4.5
1154,534,4.5
1167,534,4.0
4448,534,4.0
629,534,4.5
1700,534,4.0
1058,534,4.5
2533,534,4.5
2111,534,4.0
705,534,4.0
3061,534,4.0
234,534,3.5
814,534,4.0
1360,534,4.0
2813,534,4.5
519,534,3.0
2519,534,3.5
3890,534,4.0
4077,534,4.0
4346,534,4.0
2089,534,3.5
225,534,4.5
3166,534,3.5
344,534,4.5
466,534,3.5
1998,534,4.5
573,534,4.5
275,534,4.5
834,534,4.0
3255,534,2.5
1123,534,4.0
896,534,3.5
512,534,4.0
812,534,5.0
2909,534,4.0
900,534,4.5
359,534,4.5
364,534,4.0
169,534,4.0
335,534,4.0
346,534,4.0
1016,534,4.5
1719,534,4.0
1017,534,4.5
232,534,4.0
1190,534,3.0
389,534,4.0
632,534,2.5
1398,534,4.0
716,534,4.0
160,534,3.5
231,534,3.5
431,534,4.0
276,534,4.5
908,534,5.0
277,534,4.0
306,534,4.5
317,534,3.5
934,534,4.0
424,534,3.5
329,534,4.0
770,534,4.0
200,534,4.5
1079,534,4.5
3034,534,4.0
2032,534,4.0
2102,534,4.0
829,534,4.5
2746,534,4.5
516,534,4.0
729,534,4.5
831,534,4.5
146,534,3.5
3147,534,4.0
4630,534,4.0
566,534,3.5
192,534,3.5
1551,534,4.5
31,534,4.0
267,534,3.5
3601,534,4.5
2139,534,4.0
292,534,3.5
248,534,2.0
689,534,5.0
442,534,4.0
1179,534,4.5
230,534,4.0
510,534,3.5
120,534,3.0
243,534,3.0
1597,534,4.0
115,534,4.0
25,534,4.0
1636,534,3.5
933,534,4.0
140,534,4.0
430,534,3.5
34,534,4.0
417,534,4.0
13,534,4.0
11,534,2.5
3242,534,2.5
244,534,4.0
2856,534,5.0
2318,534,2.0
511,534,4.0
278,534,4.0
119,534,4.0
2474,534,4.5
688,534,4.0
6,534,3.5
1747,534,4.0
107,534,3.0
2,534,3.5
262,534,3.5
112,534,2.0
592,534,4.5
2395,534,3.0
137,534,3.5
392,534,4.0
117,534,3.5
421,534,4.0
420,534,4.0
1494,534,4.0
1575,534,4.0
2826,534,3.5
69,534,4.0
54,534,3.5
182,534,4.0
362,534,4.0
58,534,2.5
513,534,3.5
116,534,3.0
438,534,4.5
164,534,2.0
354,534,4.0
659,534,3.5
1742,534,4.5
1973,534,3.0
2669,534,4.0
12,534,3.5
1706,534,4.0
131,534,4.5
914,534,5.0
782,534,4.0
1780,534,4.0
723,534,4.5
1181,534,4.0
923,534,3.5
68,534,4.0
572,534,4.0
123,534,3.0
159,534,4.5
67,534,3.0
307,534,3.5
749,534,3.0
36,534,2.0
932,534,3.5
77,534,3.0
996,534,3.5
348,534,4.5
477,534,5.0
1991,534,4.0
60,534,4.0
1,534,3.0
357,534,4.5
2160,534,4.0
342,534,2.5
93,534,3.5
207,534,4.0
1723,534,4.5
820,534,4.0
80,534,3.5
22,534,4.0
615,534,4.5
97,534,4.5
521,534,3.5
228,534,4.5
624,534,3.5
412,534,4.5
3267,534,4.0
303,534,4.0
712,534,4.0
197,534,4.0
7,534,4.5
40,534,3.5
1219,534,4.0
142,534,3.5
446,534,5.0
1509,534,4.5
130,534,3.5
2784,534,3.0
138,534,4.0
102,534,2.5
53,534,2.0
988,534,3.0
1367,534,3.0
170,534,3.5
336,534,4.0
1102,534,3.5
427,534,2.5
206,534,4.0
154,534,4.5
654,534,2.0
5,534,4.0
1121,534,4.0
133,534,4.0
411,534,4.0
28,534,2.0
81,534,3.0
221,534,3.0
1496,534,3.0
56,534,3.0
3059,534,4.0
904,534,1.5
208,534,4.0
30,534,3.5
1434,534,3.0
2425,534,4.0
1571,534,3.0
416,534,4.5
391,534,4.5
302,534,4.5
1128,534,4.0
90,534,4.5
155,534,3.5
1570,534,4.0
718,534,4.0
288,534,2.0
1391,534,4.5
938,534,4.5
49,534,4.0
167,534,3.5
38,534,4.0
229,534,4.0
32,534,3.0
48,534,3.5
520,534,2.0
15,534,3.0
46,534,4.0
223,534,1.5
507,534,4.0
437,534,4.5
1743,534,4.0
1321,534,3.5
261,534,3.5
127,534,4.0
85,534,4.0
125,534,3.0
1288,534,3.5
401,534,2.0
745,534,4.0
225,534,1.5
96,534,3.5
630,534,4.0
86,534,4.0
39,534,3.0
2315,534,3.5
47,534,3.5
75,534,4.5
135,534,4.0
912,534,3.5
161,534,3.0
37,534,2.0
83,534,1.5
95,534,4.5
308,534,4.0
305,534,4.0
89,534,2.5
29,534,3.5
20,534,3.0
332,534,3.5
128,534,3.0
8,534,3.5
183,534,3.0
243,534,2.0
789,534,5.0
144,534,3.0
185,534,4.0
45,534,4.0
88,534,4.5
1312,534,3.5
245,534,2.5
1686,534,2.5
271,534,3.0
679,534,2.0
78,534,3.5
487,534,2.0
10,534,1.5
532,534,3.5
1250,535,2.0
2461,535,2.0
920,535,1.0
1417,535,1.0
1561,535,3.0
3709,535,1.0
3429,535,3.0
3220,535,5.0
1122,535,3.0
1360,535,1.0
2041,535,4.0
2813,535,4.0
568,535,2.0
1227,535,1.0
2519,535,5.0
1341,535,3.0
1153,535,1.0
2627,535,1.0
2169,536,5.0
557,536,5.0
636,536,5.0
356,536,2.0
1380,536,1.0
827,536,4.0
4228,536,3.0
2535,536,5.0
930,536,1.0
1305,536,3.0
678,536,5.0
810,536,5.0
3702,536,1.0
645,536,5.0
676,536,4.0
1814,536,2.0
1246,536,5.0
1821,536,5.0
280,536,3.0
2281,536,3.0
1361,536,2.0
1362,536,2.0
4273,536,2.0
4274,536,2.0
1821,537,1.0
26,537,3.0
3061,537,4.5
389,537,5.0
884,537,5.0
200,537,5.0
1044,537,5.0
248,537,5.0
13,537,5.0
2,537,5.0
399,537,5.0
282,537,5.0
1442,537,5.0
9,537,4.0
1,537,5.0
97,537,5.0
4102,537,5.0
2807,537,5.0
3868,537,5.0
1104,537,4.5
2725,537,2.5
885,537,4.0
288,537,4.5
437,537,3.5
240,537,3.0
819,537,5.0
821,538,4.5
1698,538,5.0
1665,538,2.5
3993,538,4.0
353,538,4.0
2742,538,3.5
3455,538,4.0
4003,538,4.5
631,538,3.0
652,538,4.5
3033,538,4.5
192,538,4.5
392,538,4.5
67,538,5.0
3343,538,4.5
9,538,4.0
3267,538,4.5
1718,539,2.0
1821,539,3.5
4678,539,3.0
2662,539,3.5
3061,539,3.5
3049,539,2.5
1500,539,4.0
1921,539,4.5
540,539,3.5
900,539,5.0
232,539,4.5
632,539,4.5
329,539,5.0
200,539,4.5
1603,539,4.5
566,539,3.5
1849,539,3.5
119,539,5.0
592,539,5.0
182,539,4.5
67,539,5.0
1991,539,5.0
3249,539,3.0
1994,540,3.5
3236,540,5.0
280,540,4.5
426,540,3.5
384,540,3.5
3934,540,4.0
1614,540,2.0
629,540,5.0
3061,540,5.0
781,540,3.0
1492,540,3.0
234,540,4.5
2492,540,4.0
2845,540,4.0
663,540,4.5
1584,540,4.0
232,540,3.5
160,540,4.0
231,540,4.0
276,540,4.0
200,540,4.5
3601,540,4.5
1179,540,5.0
230,540,5.0
933,540,5.0
13,540,4.0
2318,540,4.0
1544,541,3.0
696,541,4.0
341,541,3.0
1553,541,2.0
2141,541,4.0
646,541,3.0
557,541,5.0
995,541,4.0
300,541,3.0
824,541,5.0
3353,541,2.0
356,541,3.0
1380,541,3.0
76,541,2.0
1893,541,4.0
1255,541,3.0
1305,541,4.0
2819,541,3.0
678,541,5.0
810,541,5.0
3702,541,4.0
1545,541,3.0
283,541,4.0
645,541,3.0
676,541,5.0
3254,541,4.0
2486,541,5.0
1136,541,1.0
1839,541,4.0
2514,541,1.0
1698,541,3.0
280,541,3.0
2281,541,5.0
1361,541,3.0
1362,541,3.0
4273,541,3.0
4274,541,3.0
4265,541,5.0
2671,541,3.0
3154,541,3.0
426,541,5.0
3236,542,3.5
810,542,5.0
1814,542,3.5
4265,542,4.0
1110,542,4.5
2970,542,4.0
3934,542,5.0
2971,542,4.0
2406,542,4.0
2456,542,5.0
4056,542,4.0
429,542,4.0
3448,542,4.5
2285,542,1.0
802,542,5.0
1354,542,4.5
26,542,3.0
905,542,3.5
1167,542,3.5
2923,542,4.0
3061,542,4.0
1561,542,3.5
2742,542,3.5
3220,542,0.5
1542,542,4.0
2519,542,4.5
663,542,5.0
2756,542,3.5
3008,542,4.5
910,542,4.0
214,542,2.5
3463,542,0.5
812,542,4.0
3707,542,4.0
1045,542,3.0
3577,542,5.0
900,542,5.0
469,542,4.0
364,542,5.0
169,542,3.5
1719,542,1.5
232,542,3.5
389,542,5.0
632,542,4.0
1012,542,3.0
3597,542,5.0
276,542,3.5
674,542,0.5
565,542,1.0
1569,542,1.0
884,542,4.5
1541,542,4.5
1969,542,1.0
329,542,4.5
200,542,4.0
829,542,2.5
2746,542,5.0
2155,542,4.0
831,542,1.5
2333,542,4.5
566,542,4.5
1551,542,1.0
267,542,4.0
3601,542,5.0
1178,542,5.0
248,542,3.0
1560,542,0.5
118,542,1.0
689,542,4.0
249,542,4.0
933,542,4.0
567,542,4.5
11,542,3.0
1606,542,4.0
2131,542,3.0
356,543,5.0
2819,543,4.0
810,543,3.0
1545,543,5.0
283,543,5.0
1698,543,5.0
1303,543,5.0
1705,543,5.0
2662,543,5.0
2288,543,5.0
2812,543,5.0
2097,543,5.0
451,543,5.0
150,543,5.0
3700,543,5.0
3831,543,5.0
2519,543,5.0
663,543,5.0
833,543,5.0
1062,543,5.0
3577,543,5.0
1056,543,5.0
2485,543,5.0
232,543,5.0
674,543,0.5
884,543,5.0
424,543,5.0
329,543,5.0
1624,543,5.0
2155,543,5.0
120,543,5.0
2318,543,5.0
119,543,5.0
2474,543,3.0
362,543,0.5
58,543,5.0
2669,543,5.0
572,543,4.0
1557,543,5.0
1,543,5.0
1582,543,5.0
926,543,4.0
2462,543,0.5
2464,543,2.0
288,543,4.0
1544,544,3.0
1093,544,3.0
1530,544,5.0
646,544,4.0
426,544,4.0
384,544,5.0
4016,544,5.0
1036,544,5.0
2103,545,2.5
241,545,4.0
550,545,3.0
433,545,4.5
626,545,5.0
871,545,3.5
1122,545,4.0
1166,545,3.0
394,545,3.5
120,545,3.5
2098,545,2.0
193,545,2.5
2184,546,5.0
2993,546,4.0
821,546,2.0
676,546,4.0
280,546,5.0
3449,546,1.0
2288,546,3.0
2575,546,5.0
4231,546,5.0
3473,546,1.0
279,546,3.0
3905,546,2.0
4182,546,2.0
4199,546,2.0
4018,546,2.0
3831,546,4.0
2519,546,5.0
1335,546,1.0
776,546,4.0
1348,546,5.0
4104,546,4.0
374,546,4.0
910,546,4.0
1996,546,4.0
3261,546,2.0
4348,546,4.0
3340,546,4.0
1728,547,5.0
2608,547,5.0
3181,547,3.0
1960,547,5.0
1504,547,3.0
2519,547,5.0
3178,547,4.0
3833,548,5.0
810,548,5.0
903,548,5.0
3045,548,4.0
3312,548,4.5
275,548,4.0
1548,548,5.0
1054,548,5.0
1405,548,4.0
2791,548,5.0
829,548,4.5
146,548,4.5
2104,548,4.0
2075,548,5.0
1336,548,3.0
789,548,3.0
1156,548,2.0
557,549,3.0
1821,549,1.0
280,549,3.0
1705,549,4.0
1008,549,3.0
629,549,5.0
663,549,5.0
3577,549,5.0
97,549,5.0
65,549,5.0
106,549,1.0
1544,550,4.0
810,550,4.0
884,550,4.0
69,550,5.0
58,550,4.0
67,550,4.5
80,550,4.0
97,550,5.0
3267,550,4.0
130,550,4.0
170,550,3.5
1121,550,4.0
32,550,4.0
96,550,5.0
95,550,4.5
2755,550,4.5
2525,550,4.5
128,550,4.0
8,550,4.0
789,550,5.0
271,550,4.0
69,550,0.5
557,551,3.5
3236,551,3.5
810,551,4.5
1545,551,4.0
280,551,4.0
426,551,4.0
1705,551,4.5
2288,551,4.0
1008,551,3.0
574,551,4.0
388,551,4.0
2979,551,4.5
26,551,3.5
150,551,4.0
629,551,4.5
397,551,4.0
663,551,4.5
214,551,4.0
812,551,3.0
2513,551,4.0
3577,551,3.0
1853,551,3.5
900,551,4.0
346,551,3.5
321,551,4.0
160,551,2.0
276,551,4.0
277,551,4.0
884,551,4.0
329,551,4.0
829,551,0.5
516,551,3.5
831,551,1.0
725,551,4.0
192,551,4.0
4749,551,4.0
715,551,4.0
249,551,4.0
140,551,4.0
34,551,4.0
511,551,3.0
278,551,4.5
298,551,4.0
2474,551,3.5
742,551,4.0
117,551,4.0
69,551,4.0
1818,551,4.5
58,551,4.5
12,551,4.0
1816,551,3.0
67,551,4.0
1,551,3.5
357,551,4.0
80,551,4.0
97,551,4.0
102,551,4.0
2561,551,4.0
170,551,4.0
3868,551,5.0
427,551,3.5
206,551,4.0
30,551,4.5
217,551,4.0
15,551,4.0
184,551,4.0
47,551,3.5
82,551,5.0
161,551,3.5
95,551,3.0
791,551,4.0
457,551,4.0
2525,551,4.0
29,551,1.0
20,551,1.0
271,551,4.5
57,551,4.5
3,551,4.5
371,551,4.0
1553,552,3.5
3749,552,3.0
646,552,1.5
2993,552,3.0
824,552,2.5
2371,552,4.0
3236,552,4.0
1305,552,3.5
810,552,4.0
645,552,3.0
3254,552,2.5
2486,552,3.5
1821,552,4.0
1728,552,5.0
1839,552,1.5
4265,552,4.0
2671,552,2.5
804,552,1.5
4179,552,4.0
2407,552,3.5
3452,552,3.5
3934,552,4.5
4586,552,5.0
3725,552,4.0
4609,552,3.5
1528,552,4.0
3243,552,3.5
1586,552,2.0
2824,552,3.5
241,552,3.0
366,552,3.5
1377,552,4.5
2408,552,1.5
2979,552,4.0
2825,552,3.5
905,552,3.5
1023,552,4.0
2021,552,4.0
1700,552,3.5
1787,552,3.0
1971,552,1.0
906,552,1.0
3206,552,3.5
3049,552,5.0
3354,552,3.5
1561,552,3.0
2931,552,3.5
1492,552,2.5
234,552,3.5
871,552,4.0
1298,552,1.0
1360,552,3.0
2813,552,3.5
1760,552,3.0
519,552,0.5
619,552,2.5
1612,552,3.5
1014,552,4.5
208,552,3.5
2089,552,0.5
663,552,4.5
2829,552,4.0
3347,552,3.0
3166,552,3.0
2670,552,2.5
1610,552,3.5
297,552,2.0
344,552,4.5
537,552,2.0
713,552,1.5
1055,552,4.0
1977,552,3.0
1998,552,4.0
1430,552,3.5
1996,552,0.5
3889,552,4.0
1688,552,3.5
481,552,1.0
1123,552,4.5
347,552,3.0
1974,552,3.0
3463,552,4.0
812,552,3.5
3580,552,3.5
351,552,2.0
546,552,3.5
2451,552,3.0
1114,552,4.0
1045,552,1.0
2513,552,3.5
1885,552,0.5
876,552,4.0
111,552,0.5
335,552,1.0
346,552,2.0
2042,552,3.5
1054,552,3.0
2630,552,4.0
3712,552,5.0
576,552,3.5
2335,552,4.0
160,552,4.0
1759,552,3.5
231,552,4.0
445,552,3.0
277,552,3.5
317,552,3.0
1691,552,3.0
329,552,4.5
220,552,2.0
172,552,3.5
2155,552,4.0
893,553,5.0
356,553,4.5
3236,553,5.0
1545,553,3.5
2793,553,3.5
3893,553,5.0
4307,553,4.5
1850,553,5.0
1397,553,5.0
3079,553,5.0
1354,553,4.0
2979,553,4.0
2825,553,5.0
3589,553,3.5
1023,553,3.0
2021,553,3.5
2842,553,5.0
397,553,4.0
3027,553,3.0
3049,553,4.0
2519,553,5.0
663,553,5.0
3008,553,4.0
3542,553,5.0
2151,553,4.5
766,553,5.0
3707,553,5.0
2909,553,5.0
1007,553,5.0
389,553,4.5
3747,553,3.5
3903,553,5.0
3705,553,4.5
884,553,5.0
3024,553,3.5
3424,553,4.0
1559,553,3.5
2155,553,5.0
3180,553,3.5
4022,553,4.5
2048,553,4.5
3435,553,4.0
3079,553,5.0
919,553,5.0
1761,553,4.0
2318,553,3.5
298,553,4.0
399,553,4.0
2181,553,5.0
282,553,5.0
1832,553,4.0
1283,554,5.0
1821,554,5.0
1698,554,5.0
4265,554,3.0
4012,554,5.0
4336,554,5.0
2407,554,4.0
3892,554,4.0
327,554,5.0
3452,554,5.0
33,554,4.0
2971,554,5.0
4082,554,5.0
1528,554,3.0
1850,554,5.0
2331,554,5.0
4056,554,1.0
3556,554,5.0
3680,554,3.0
3448,554,5.0
840,554,5.0
2134,554,4.0
2327,554,2.0
2575,554,5.0
2821,554,5.0
1881,554,2.0
3454,554,5.0
2996,554,4.0
629,554,5.0
1783,554,5.0
1585,554,3.0
2931,554,4.0
781,554,4.0
1122,554,5.0
1360,554,1.0
2041,554,3.0
1612,554,4.0
2376,554,4.0
2519,554,5.0
2289,554,1.0
1544,555,4.0
1553,555,3.0
1540,555,4.0
2721,555,4.0
2993,555,5.0
557,555,5.0
1994,555,4.0
636,555,4.0
300,555,3.0
921,555,2.0
1380,555,3.0
3236,555,4.0
1939,555,2.0
1305,555,3.0
2950,555,5.0
2819,555,4.0
810,555,5.0
3702,555,4.0
283,555,4.0
953,555,3.0
3410,555,4.0
676,555,4.0
1814,555,4.0
1246,555,4.0
2049,555,2.0
1728,555,4.0
2793,555,3.0
2514,555,4.0
2020,555,5.0
280,555,5.0
1361,555,3.0
1362,555,3.0
4273,555,3.0
4274,555,3.0
2671,555,4.0
3218,555,2.0
1087,555,1.0
2341,555,1.0
3893,555,5.0
1886,555,5.0
3603,555,3.0
3843,555,4.0
978,555,2.0
3940,555,3.0
3706,555,4.0
3743,555,3.0
2675,555,3.0
1705,555,4.0
4307,555,5.0
3449,555,5.0
2971,555,5.0
3464,555,2.0
2526,555,3.0
4297,555,3.0
2406,555,5.0
1528,555,5.0
1850,555,5.0
839,555,5.0
3162,555,5.0
2948,555,5.0
2331,555,4.0
3243,555,5.0
2662,555,4.0
2667,555,4.0
2288,555,3.0
2493,555,5.0
358,555,3.0
2458,555,5.0
3605,555,1.0
2797,555,3.0
1036,555,3.0
3680,555,5.0
728,555,2.0
1370,555,3.0
1586,555,3.0
2818,555,3.0
2320,555,3.0
1962,555,3.0
429,555,3.0
2739,555,4.0
2065,555,4.0
474,555,2.0
903,555,3.0
2824,555,3.0
3776,555,3.0
945,555,3.0
1397,555,4.0
1061,555,1.0
2568,555,4.0
3936,555,4.0
2327,555,5.0
1344,555,1.0
211,555,3.0
1033,555,4.0
443,555,5.0
366,555,5.0
380,555,2.0
771,555,3.0
1194,555,4.0
388,555,3.0
1379,555,4.0
2982,555,4.0
2821,555,4.0
301,555,1.0
741,555,5.0
1421,555,5.0
550,555,3.0
905,555,5.0
433,555,3.0
1625,555,1.0
2313,555,3.0
150,555,3.0
4745,555,4.0
1532,555,3.0
3311,555,5.0
4231,555,2.0
2554,555,2.0
3604,555,2.0
3473,555,2.0
3171,555,4.0
1399,555,4.0
1364,555,3.0
2915,555,3.0
1154,555,3.0
1167,555,3.0
4448,555,5.0
1081,555,3.0
629,555,5.0
3241,555,4.0
1700,555,4.0
1912,555,2.0
3883,555,5.0
2533,555,4.0
2741,555,3.0
2219,555,3.0
705,555,4.0
2933,555,4.0
2923,555,4.0
3061,555,5.0
25,555,3.0
2393,555,3.0
3700,555,4.0
3052,555,3.0
582,555,3.0
1783,555,2.0
1108,555,3.0
639,555,3.0
2694,555,4.0
1250,555,4.0
1646,555,2.0
2336,555,3.0
3206,555,4.0
2672,555,3.0
4747,555,3.0
1417,555,2.0
753,555,2.0
3477,555,4.0
1222,555,3.0
2911,555,3.0
279,555,5.0
3905,555,5.0
4182,555,5.0
4199,555,5.0
1561,555,4.0
1653,555,3.0
2742,555,3.0
234,555,5.0
3586,555,3.0
814,555,3.0
871,555,3.0
1298,555,3.0
1122,555,4.0
1360,555,5.0
1542,555,4.0
1537,555,3.0
71,555,2.0
2813,555,5.0
719,555,2.0
568,555,3.0
1612,555,3.0
830,555,2.0
2492,555,5.0
3831,555,2.0
2317,555,5.0
2519,555,5.0
1735,555,5.0
2682,555,5.0
208,555,5.0
517,555,2.0
3342,555,3.0
4077,555,5.0
663,555,4.0
225,555,4.0
1716,555,4.0
2756,555,5.0
418,555,4.0
2018,555,3.0
3178,555,3.0
2003,555,3.0
1500,555,3.0
2670,555,4.0
892,555,3.0
1055,555,5.0
3703,555,4.0
1510,555,5.0
833,555,3.0
374,555,3.0
4474,555,3.0
910,555,4.0
3889,555,4.0
656,555,3.0
4221,555,2.0
2730,555,5.0
2330,555,5.0
1115,555,5.0
3455,555,3.0
1534,555,5.0
4003,555,4.0
4520,555,5.0
3741,555,1.0
1415,555,3.0
4677,555,4.0
2999,555,4.0
2589,555,3.0
1968,555,1.0
512,555,3.0
4348,555,3.0
3340,555,4.0
2451,555,3.0
2674,555,4.0
1925,555,5.0
2092,555,3.0
2513,555,3.0
1698,556,5.0
277,556,4.5
200,556,4.0
2032,556,4.0
192,556,4.0
115,556,4.0
293,556,4.5
114,556,4.0
1339,556,2.5
9,556,3.5
1,556,4.0
342,556,3.5
33,556,4.0
93,556,5.0
51,556,4.0
5,556,4.0
81,556,3.5
95,556,5.0
918,556,4.0
108,556,4.0
696,557,4.5
636,557,4.5
356,557,5.0
2819,557,4.0
1821,557,4.0
426,557,5.0
1705,557,5.0
1008,557,4.0
1039,557,4.5
26,557,3.5
629,557,3.5
234,557,2.0
900,557,4.5
58,557,4.0
271,557,3.5
4780,558,4.0
3236,558,3.0
2793,558,3.0
2671,558,5.0
3934,558,5.0
2971,558,4.0
3243,558,4.0
26,558,4.0
2021,558,4.0
629,558,4.0
471,558,5.0
3008,558,1.0
1977,558,5.0
2178,558,3.0
1115,558,4.0
1217,558,5.0
1062,558,4.0
3469,558,4.0
684,558,5.0
900,558,5.0
876,558,5.0
232,558,4.0
4200,558,2.0
1195,558,5.0
2770,558,2.0
772,558,4.0
1414,558,1.0
580,558,4.0
1398,558,3.0
1012,558,4.0
3460,558,3.0
1060,558,3.0
2945,558,3.0
969,558,3.0
1310,558,5.0
1035,558,3.0
415,558,5.0
237,558,5.0
1544,559,5.0
696,559,3.0
341,559,3.0
1553,559,2.0
1573,559,5.0
2930,559,4.0
2721,559,3.0
813,559,3.0
646,559,4.0
2993,559,3.0
557,559,4.0
1994,559,3.0
636,559,3.0
300,559,3.0
921,559,2.0
824,559,3.0
356,559,3.0
536,559,3.0
1380,559,3.0
737,559,2.0
930,559,3.0
3236,559,3.0
1939,559,4.0
1305,559,3.0
1628,559,3.0
2819,559,3.0
678,559,3.0
810,559,4.0
3702,559,3.0
1545,559,4.0
283,559,3.0
953,559,3.0
645,559,2.0
676,559,5.0
404,559,3.0
835,559,3.0
1814,559,3.0
2486,559,4.0
1246,559,3.0
2049,559,2.0
2765,559,3.0
2020,559,3.0
1698,559,4.0
280,559,4.0
1361,559,3.0
1362,559,3.0
4273,559,3.0
4274,559,3.0
4265,559,3.0
1110,559,3.0
2671,559,3.0
3154,559,4.0
426,559,3.0
804,559,3.0
384,559,3.0
287,559,4.0
851,559,3.0
3934,559,3.0
1036,559,4.0
474,559,3.0
305,559,4.0
1544,560,3.0
1573,560,2.5
813,560,2.5
2184,560,4.0
557,560,4.0
636,560,4.0
3353,560,3.5
76,560,3.5
4780,560,4.0
3236,560,4.0
2819,560,3.5
810,560,3.5
1545,560,4.0
283,560,4.0
404,560,3.5
1814,560,3.5
280,560,3.0
3893,560,4.5
4307,560,4.0
4586,560,4.0
3725,560,3.5
2608,560,4.0
1528,560,4.0
839,560,3.5
3162,560,3.5
2456,560,3.5
3300,560,3.5
1008,560,4.0
474,560,4.0
1039,560,3.0
1354,560,4.0
2575,560,4.0
301,560,4.5
2979,560,4.0
26,560,3.5
2313,560,4.0
353,560,3.5
150,560,3.0
2021,560,4.0
1815,560,3.5
1167,560,2.5
629,560,3.5
1700,560,4.0
2533,560,4.5
2111,560,4.0
3061,560,4.0
639,560,3.5
2931,560,4.0
2087,560,4.0
626,560,4.0
234,560,4.0
1122,560,2.5
1360,560,3.5
71,560,3.0
2813,560,2.5
651,560,3.5
2519,560,4.0
1014,560,4.0
663,560,4.5
466,560,3.0
2095,560,3.5
374,560,3.5
910,560,3.5
1840,560,4.0
2090,560,3.5
2151,560,3.0
573,560,3.5
275,560,4.0
834,560,2.0
540,560,3.0
1123,560,3.5
512,560,3.5
1062,560,2.5
367,560,4.0
766,560,3.0
812,560,3.0
3707,560,4.0
3580,560,3.5
351,560,3.5
546,560,4.0
2909,560,4.0
2738,560,3.0
631,560,3.5
385,560,3.0
1045,560,2.5
1793,560,4.5
3577,560,3.5
1366,560,2.5
1834,560,3.0
900,560,3.5
876,560,4.0
111,560,3.5
475,560,3.0
333,560,2.5
169,560,3.0
2319,560,3.5
1719,560,4.0
3712,560,3.5
389,560,4.0
576,560,3.5
2641,560,3.5
1398,560,4.0
160,560,3.5
1759,560,2.5
231,560,4.0
276,560,3.5
674,560,3.5
565,560,3.5
3277,560,4.0
3897,560,4.0
3561,560,3.5
1143,560,4.0
277,560,3.0
1030,560,3.5
2256,560,3.5
317,560,3.5
884,560,4.0
1541,560,4.0
2714,560,3.5
911,560,2.5
934,560,2.0
3524,560,3.5
2928,560,3.0
94,560,3.0
200,560,3.5
2032,560,3.5
2102,560,3.0
757,560,4.0
829,560,4.0
1063,560,2.5
172,560,3.0
1212,560,3.5
584,560,3.0
1899,560,3.0
3444,560,4.0
2155,560,4.0
831,560,4.0
2333,560,2.5
192,560,3.0
4582,560,4.0
4749,560,4.0
4094,560,3.0
1849,560,4.0
267,560,3.5
4022,560,3.0
608,560,3.5
3601,560,4.5
2048,560,3.5
2139,560,4.0
1178,560,4.0
1845,560,3.5
1411,560,4.0
248,560,4.0
2888,560,4.0
1560,560,3.0
816,560,3.0
1179,560,4.5
230,560,4.0
249,560,3.5
120,560,3.5
186,560,4.0
1296,560,2.0
1516,560,3.5
1137,560,4.0
1597,560,3.5
2628,560,4.5
2720,560,3.0
1687,560,4.0
2572,560,4.0
25,560,3.0
1112,560,3.0
933,560,4.5
3315,560,4.5
948,560,3.5
13,560,3.5
3242,560,3.5
2136,560,3.5
244,560,3.0
1606,560,3.5
4045,560,4.0
2318,560,4.0
4109,560,4.0
511,560,4.0
278,560,4.0
298,560,3.5
1218,560,3.0
2474,560,4.0
688,560,3.5
881,560,4.0
1277,560,3.5
1747,560,2.5
399,560,4.0
319,560,3.0
112,560,2.5
2395,560,4.0
1021,560,3.5
985,560,4.0
1072,560,3.5
2181,560,4.0
3332,560,4.0
3442,560,4.0
3338,560,3.5
1829,560,4.5
2619,560,4.5
226,560,3.0
1818,560,4.0
58,560,4.0
513,560,2.5
164,560,4.5
640,560,3.5
1332,560,4.0
2374,560,3.5
2669,560,3.5
1816,560,3.5
914,560,2.5
723,560,3.5
572,560,4.0
3628,560,4.0
67,560,3.5
1557,560,4.0
1620,560,2.5
996,560,3.0
1568,560,3.0
357,560,3.5
440,560,3.5
1723,560,3.5
1191,560,3.5
97,560,4.0
412,560,2.5
2211,560,2.5
2733,560,4.0
1368,560,4.0
179,560,3.0
1509,560,3.5
1582,560,3.0
1367,560,3.5
2561,560,4.5
336,560,3.5
721,560,3.5
3384,560,3.5
3434,560,4.0
427,560,3.0
1121,560,3.0
2464,560,3.5
1571,560,3.5
2725,560,3.0
302,560,2.5
90,560,3.5
288,560,3.5
1621,560,3.5
3038,560,4.0
520,560,1.5
3534,560,2.5
3228,560,3.5
3575,560,4.0
907,560,3.0
1288,560,2.0
745,560,4.0
96,560,3.0
4583,560,4.0
75,560,3.0
3871,560,3.5
694,560,4.0
3238,560,4.0
2525,560,3.0
128,560,4.0
108,560,3.5
789,560,3.0
685,560,3.5
2378,560,2.0
271,560,4.0
78,560,3.5
878,560,3.0
3,560,2.5
177,560,2.5
1599,560,4.0
3644,560,4.0
2044,560,3.5
3560,560,4.0
1544,561,4.0
1573,561,2.5
2721,561,3.0
2103,561,2.0
557,561,5.0
1994,561,3.0
737,561,1.5
3236,561,4.5
1305,561,3.5
678,561,3.0
810,561,4.0
1545,561,3.5
283,561,3.5
645,561,2.5
676,561,4.5
404,561,2.5
1821,561,4.0
2793,561,2.5
2514,561,3.5
280,561,4.0
1361,561,4.5
1362,561,4.5
4273,561,4.5
4274,561,4.5
1110,561,4.0
426,561,3.0
804,561,3.0
453,561,2.0
287,561,1.5
571,561,3.0
2970,561,4.0
1705,561,4.5
3934,561,4.5
4307,561,3.5
2971,561,4.5
3464,561,4.0
2526,561,2.5
2406,561,4.5
1850,561,4.0
839,561,4.5
3162,561,4.5
3745,561,4.0
2456,561,4.0
3243,561,4.0
2662,561,4.5
2288,561,4.5
2493,561,4.5
3993,561,3.5
4056,561,4.0
1008,561,4.5
1616,561,3.0
574,561,3.0
1370,561,3.0
1753,561,4.0
2818,561,4.5
2320,561,3.0
1962,561,4.0
2739,561,4.0
3448,561,2.0
2812,561,5.0
903,561,2.5
2285,561,3.5
1039,561,3.0
2327,561,3.5
447,561,2.5
443,561,2.5
380,561,4.0
388,561,2.5
2982,561,4.0
2821,561,3.0
2979,561,4.0
26,561,3.0
905,561,3.0
165,561,3.0
4340,561,4.5
2412,561,4.0
1399,561,3.5
2915,561,3.5
1167,561,3.5
629,561,4.5
1700,561,4.5
1912,561,3.5
2533,561,4.0
2111,561,4.0
705,561,2.0
2923,561,3.0
3061,561,3.5
2393,561,2.5
3700,561,3.5
3027,561,4.0
1108,561,4.0
795,561,3.0
3049,561,4.5
2911,561,3.0
279,561,4.0
3220,561,3.5
234,561,2.0
814,561,4.0
871,561,4.0
1537,561,3.0
1612,561,3.0
3831,561,4.0
2317,561,4.0
2519,561,3.5
208,561,3.0
663,561,4.0
225,561,4.0
2756,561,3.0
2018,561,4.5
3178,561,3.5
1500,561,4.5
344,561,3.0
3703,561,4.0
2095,561,3.0
1998,561,3.0
1430,561,4.0
656,561,4.5
4221,561,4.0
2730,561,3.5
2090,561,4.0
573,561,3.0
2330,561,5.0
3455,561,4.0
681,561,3.5
275,561,5.0
214,561,2.5
4677,561,4.0
2999,561,3.5
1921,561,5.0
512,561,3.5
812,561,2.5
546,561,4.0
2909,561,4.5
631,561,2.0
1793,561,4.0
2513,561,4.0
402,561,3.5
1834,561,1.5
1853,561,4.0
2995,561,4.0
2926,561,4.0
3536,561,4.0
1054,561,4.0
1719,561,3.0
2630,561,2.0
3712,561,5.0
232,561,4.0
389,561,3.5
2130,561,3.0
321,561,3.5
580,561,4.0
1012,561,1.5
3460,561,1.5
2515,561,2.5
160,561,3.5
231,561,2.5
276,561,3.0
445,561,3.0
498,561,2.5
1898,561,3.5
756,561,3.0
1569,561,3.5
317,561,3.0
884,561,3.0
934,561,1.5
1969,561,3.5
329,561,3.5
3244,561,4.0
94,561,3.0
200,561,4.5
3000,561,3.5
3744,561,3.0
2032,561,2.5
829,561,4.5
172,561,4.0
584,561,3.0
2155,561,3.0
729,561,3.0
1710,561,4.0
831,561,4.0
725,561,3.0
146,561,4.0
566,561,3.0
1551,561,3.0
31,561,3.5
267,561,2.5
4022,561,3.5
715,561,3.0
3601,561,4.0
3639,561,3.5
292,561,3.0
2400,561,3.5
118,561,2.5
1179,561,3.0
268,561,3.0
3079,561,3.0
230,561,3.5
249,561,1.0
120,561,4.0
186,561,2.5
1296,561,4.0
826,561,2.0
2628,561,4.0
25,561,3.0
933,561,3.0
919,561,2.5
140,561,3.5
430,561,2.0
34,561,2.5
3242,561,3.5
1606,561,3.5
1201,561,3.0
278,561,3.0
298,561,3.0
119,561,3.0
2474,561,4.0
422,561,3.5
688,561,3.5
881,561,2.5
6,561,2.0
1747,561,2.5
399,561,3.0
1913,561,2.0
2395,561,3.5
1021,561,2.0
117,561,2.5
1829,561,3.0
69,561,3.5
1818,561,2.5
54,561,2.5
182,561,3.5
58,561,5.0
1786,561,4.0
2669,561,4.0
131,561,2.5
1816,561,3.0
68,561,2.5
3143,561,3.0
572,561,3.5
159,561,4.0
44,561,2.0
67,561,4.5
36,561,1.0
1557,561,3.5
348,561,2.5
1991,561,4.5
1,561,3.0
357,561,4.5
440,561,3.0
207,561,2.0
1723,561,3.0
80,561,3.0
51,561,3.0
43,561,4.5
1203,561,3.0
97,561,3.5
197,561,2.0
40,561,3.0
1219,561,3.0
375,561,1.5
130,561,4.0
102,561,3.5
2561,561,4.5
170,561,3.5
336,561,4.0
427,561,3.0
206,561,4.5
654,561,2.0
221,561,2.0
147,561,2.0
56,561,2.5
625,561,3.0
208,561,2.5
30,561,3.0
416,561,4.0
2725,561,2.0
90,561,4.0
217,561,3.0
288,561,3.0
581,561,2.0
229,561,2.0
32,561,2.5
48,561,3.5
15,561,3.0
52,561,3.5
141,561,2.0
1053,561,3.0
497,561,2.5
819,561,3.5
261,561,2.5
1288,561,4.0
401,561,1.0
745,561,3.5
96,561,3.0
39,561,2.0
75,561,1.5
135,561,3.0
83,561,3.5
95,561,4.0
457,561,3.0
89,561,3.0
201,561,2.5
109,561,1.0
128,561,4.5
183,561,3.5
789,561,2.0
27,561,3.5
185,561,1.0
271,561,3.5
78,561,3.0
57,561,3.5
3,561,2.5
10,561,2.0
532,561,4.0
177,561,3.5
1329,561,3.5
153,561,3.5
219,561,2.0
1544,562,4.5
557,562,4.0
636,562,3.0
737,562,3.0
4780,562,4.0
3236,562,5.0
2950,562,4.0
810,562,5.0
2486,562,4.0
1821,562,4.5
1698,562,4.0
280,562,4.5
2281,562,2.5
978,562,3.0
3743,562,4.5
1107,562,3.5
2971,562,3.5
3464,562,3.0
2406,562,4.0
839,562,4.5
3162,562,4.5
2173,562,4.0
2456,562,5.0
3243,562,5.0
2662,562,4.0
2493,562,5.0
2458,562,5.0
2812,562,3.5
903,562,3.5
2568,562,4.0
1354,562,4.5
2979,562,5.0
905,562,5.0
4745,562,3.5
1815,562,5.0
3311,562,4.0
2412,562,5.0
1399,562,4.0
2915,562,4.5
629,562,3.0
2842,562,4.5
4646,562,5.0
582,562,3.0
3027,562,3.0
1783,562,4.5
639,562,4.0
2985,562,5.0
920,562,3.0
3429,562,4.5
626,562,3.5
871,562,3.0
2317,562,4.5
2519,562,5.0
1153,562,4.5
4085,562,4.0
208,562,4.0
3342,562,4.0
663,562,4.5
225,562,4.5
3703,562,4.0
2730,562,4.0
2151,562,4.0
1538,562,4.0
275,562,3.5
1062,562,4.0
766,562,4.0
3707,562,5.0
631,562,3.5
1114,562,3.5
1007,562,4.5
900,562,5.0
1054,562,4.0
1717,562,5.0
232,562,4.5
2350,562,4.0
389,562,4.5
1195,562,4.0
2945,562,5.0
3597,562,3.0
1759,562,4.5
1301,562,3.0
3897,562,4.0
1143,562,5.0
884,562,4.0
1714,562,4.5
329,562,4.5
3244,562,4.5
200,562,3.0
2390,562,3.5
3541,562,3.5
1559,562,5.0
829,562,4.5
2638,562,3.5
584,562,4.0
3571,562,4.0
516,562,4.0
1804,562,3.5
1710,562,3.5
3601,562,2.5
1560,562,4.0
2400,562,3.5
1179,562,4.5
3079,562,4.5
1137,562,3.5
4443,562,5.0
3292,562,4.0
112,562,4.5
985,562,4.5
1591,562,3.5
1563,562,4.5
3528,562,3.5
4072,562,3.5
3349,562,5.0
2669,562,5.0
914,562,4.0
444,562,3.5
1164,562,3.5
1186,562,3.5
572,562,4.0
77,562,3.5
4251,562,3.5
43,562,4.5
97,562,3.0
2211,562,4.0
1838,562,3.5
909,562,4.0
2561,562,3.0
926,562,5.0
2074,562,4.5
1570,562,4.0
1573,563,2.0
813,563,3.5
810,563,4.0
1698,563,4.0
2671,563,4.0
4012,563,4.5
4336,563,4.0
2407,563,4.0
3452,563,4.5
3934,563,4.0
2288,563,3.5
2812,563,4.0
305,563,3.5
353,563,3.5
1721,563,4.0
1787,563,2.5
486,563,1.0
2985,563,3.0
2742,563,3.5
1968,563,3.0
2983,563,3.0
3580,563,4.0
1228,563,2.5
3476,563,3.0
1045,563,4.0
2998,563,4.0
1834,563,3.0
2319,563,4.0
1605,563,3.0
823,563,3.5
1541,563,3.5
911,563,3.0
1868,563,3.5
1836,563,2.5
1781,563,3.5
2334,563,3.0
2340,563,3.0
1658,563,3.0
2562,563,2.0
1426,563,3.0
1581,563,3.5
2333,563,3.5
1438,563,2.0
1889,563,3.5
746,563,3.0
1052,563,2.5
1727,563,4.0
115,563,3.5
1074,563,3.5
1734,563,3.0
2849,563,3.0
2167,563,3.0
3242,563,2.5
2823,563,4.0
1294,563,2.5
517,563,3.5
2159,563,3.0
1394,563,3.0
2454,563,1.5
3338,563,3.0
1591,563,3.0
1563,563,3.0
1575,563,2.5
1577,563,2.0
1209,563,3.0
887,563,3.5
1339,563,1.0
1579,563,3.5
1186,563,2.5
67,563,3.5
1170,563,3.5
2434,563,2.0
706,563,3.0
798,563,3.0
888,563,2.0
1894,563,3.5
1594,563,3.5
1529,563,3.0
3267,563,3.5
710,563,3.5
2156,563,3.5
2733,563,4.0
1234,563,2.5
2419,563,3.5
1838,563,2.5
940,563,3.5
1134,563,3.0
1307,563,3.5
1502,563,4.0
1582,563,4.0
926,563,3.5
1387,563,3.0
1968,563,3.0
1428,563,3.5
427,563,3.5
1801,563,2.5
1331,563,3.0
599,563,4.0
904,563,4.0
2964,563,3.5
2074,563,3.5
1720,563,4.0
2774,563,3.0
2108,563,4.0
3575,563,3.5
184,563,3.5
2000,563,3.0
1389,563,4.0
401,563,3.5
3251,563,3.5
3067,563,2.5
2315,563,3.0
1073,563,3.5
82,563,3.5
3871,563,4.5
1224,563,3.0
2137,563,3.5
791,563,3.5
2550,563,3.5
29,563,3.5
2555,563,3.5
918,563,4.0
3222,563,3.0
4132,563,3.5
653,563,3.0
1374,563,4.5
78,563,4.0
547,563,3.5
2721,564,3.5
2993,564,3.0
810,564,3.0
1814,564,4.0
2662,564,5.0
2288,564,4.0
2458,564,5.0
2021,564,4.0
1154,564,4.0
1167,564,4.0
2742,564,3.0
1122,564,3.0
2813,564,4.0
2460,564,4.0
812,564,4.0
1834,564,3.5
3460,564,3.5
3597,564,3.5
1759,564,4.0
911,564,3.0
1969,564,4.5
2102,564,3.5
1497,564,3.5
1063,564,4.5
1124,564,3.5
1899,564,4.0
2333,564,5.0
1551,564,4.0
1849,564,4.5
248,564,3.5
816,564,3.5
4326,564,4.0
1873,564,3.0
555,564,4.5
1606,564,2.5
2318,564,3.0
1218,564,3.5
1747,564,3.0
112,564,2.0
2395,564,4.0
1870,564,3.0
2619,564,3.0
3349,564,3.0
1230,564,5.0
1373,564,3.5
1575,564,4.0
2826,564,3.5
640,564,5.0
1786,564,3.5
354,564,1.5
1706,564,3.5
2301,564,4.0
914,564,3.0
690,564,4.0
1181,564,3.0
3143,564,5.0
1186,564,4.0
307,564,4.5
3343,564,4.0
3485,564,4.5
1991,564,3.5
2359,564,4.0
2302,564,3.5
2161,564,4.0
820,564,3.5
624,564,3.5
3267,564,4.0
3280,564,3.5
642,564,4.0
1234,564,3.0
1838,564,3.0
446,564,4.0
1509,564,3.5
1502,564,2.0
1367,564,3.5
926,564,5.0
1387,564,5.0
3587,564,3.5
1724,564,3.5
3249,564,3.5
1402,564,2.0
1102,564,4.0
2831,564,3.5
654,564,2.5
1121,564,4.0
2816,564,3.0
904,564,3.5
30,564,3.0
2074,564,3.5
1503,564,2.5
520,564,4.0
701,564,4.5
1342,564,5.0
2865,564,4.0
1715,564,2.0
907,564,3.5
1833,564,4.0
2741,564,3.0
2315,564,4.0
1073,564,4.0
82,564,1.0
912,564,4.0
2409,564,3.0
89,564,1.0
1199,564,5.0
2843,564,3.0
1140,564,4.5
653,564,3.5
1168,564,4.0
617,564,3.0
1539,564,4.0
532,564,3.5
1175,564,3.5
917,564,4.0
1176,564,4.0
371,564,4.0
915,564,3.5
1553,565,3.0
1540,565,3.0
1573,565,4.0
636,565,3.0
300,565,2.0
356,565,3.0
3236,565,5.0
2819,565,3.0
810,565,4.0
3702,565,4.0
1545,565,4.0
283,565,4.0
953,565,3.0
1821,565,5.0
1698,565,3.0
2281,565,5.0
1361,565,2.0
1362,565,2.0
4273,565,2.0
4274,565,2.0
2671,565,3.0
696,566,3.0
2452,566,5.0
1540,566,4.0
3749,566,2.0
2721,566,4.0
2186,566,3.0
557,566,5.0
636,566,3.0
1729,566,4.0
824,566,4.0
356,566,3.0
76,566,1.0
1893,566,4.0
2371,566,2.0
2535,566,5.0
1567,566,4.0
930,566,3.0
3236,566,4.0
1305,566,3.0
2950,566,3.0
678,566,3.0
810,566,5.0
3702,566,3.0
1545,566,4.0
283,566,3.0
645,566,2.0
676,566,4.0
3254,566,4.0
1814,566,4.0
1821,566,5.0
1728,566,4.0
1839,566,1.0
2020,566,3.0
1698,566,3.0
2281,566,4.0
1361,566,3.0
1362,566,3.0
4273,566,3.0
4274,566,3.0
2671,566,3.0
426,566,4.0
384,566,4.0
902,566,2.0
1544,567,3.5
1573,567,2.5
3647,567,3.0
810,567,3.0
676,567,2.0
1728,567,3.5
426,567,2.5
453,567,2.0
4179,567,3.0
2970,567,1.0
4222,567,2.0
4609,567,4.5
2173,567,2.5
3300,567,0.5
1354,567,3.0
2979,567,3.0
353,567,1.5
4745,567,3.0
4646,567,1.0
486,567,2.0
234,567,0.5
344,567,3.5
269,567,2.0
3542,567,4.0
4003,567,4.5
4731,567,5.0
512,567,2.5
546,567,4.0
3577,567,3.5
3712,567,3.5
160,567,2.5
231,567,0.5
565,567,2.0
1898,567,3.5
329,567,3.0
166,567,0.5
2155,567,5.0
31,567,3.5
3601,567,2.5
3946,567,4.5
442,567,2.5
230,567,1.5
120,567,2.5
186,567,1.0
243,567,1.0
430,567,2.0
34,567,2.0
1254,567,3.0
143,567,2.5
386,567,2.5
432,567,2.5
119,567,4.0
218,567,1.0
2474,567,3.0
6,567,2.5
112,567,2.0
1858,567,5.0
69,567,3.0
54,567,1.0
182,567,2.5
58,567,3.0
1046,567,0.5
850,567,3.5
131,567,2.5
1780,567,0.5
123,567,1.5
159,567,1.0
67,567,3.0
36,567,1.0
1557,567,3.0
477,567,0.5
294,567,3.0
755,567,1.5
1,567,1.0
342,567,0.5
93,567,2.5
207,567,0.5
80,567,2.0
43,567,2.0
615,567,0.5
97,567,3.0
7,567,2.0
40,567,2.5
252,567,0.5
687,567,1.5
130,567,1.5
1582,567,1.5
138,567,2.5
102,567,2.5
909,567,1.5
42,567,1.0
53,567,1.5
461,567,0.5
170,567,1.5
336,567,1.5
1923,567,2.5
188,567,1.5
70,567,2.5
500,567,0.5
4650,567,1.0
586,567,1.5
427,567,1.0
154,567,2.5
801,567,1.5
496,567,0.5
806,567,1.5
5,567,1.0
2464,567,3.5
147,567,2.5
56,567,2.0
4181,567,3.0
30,567,3.0
1128,567,1.5
90,567,2.5
217,567,2.0
49,567,1.0
581,567,1.5
229,567,1.5
32,567,3.0
48,567,2.0
3941,567,2.5
194,567,0.5
520,567,2.0
15,567,2.0
35,567,2.5
46,567,1.5
507,567,0.5
3849,567,0.5
369,567,0.5
240,567,1.5
497,567,2.0
819,567,3.0
261,567,2.0
127,567,1.5
184,567,2.5
85,567,0.5
125,567,0.5
2955,567,4.0
1288,567,3.0
738,567,1.5
401,567,0.5
667,567,0.5
745,567,4.5
225,567,1.5
96,567,3.0
1730,567,0.5
931,567,2.0
2031,567,0.5
86,567,3.5
190,567,0.5
39,567,1.0
203,567,1.5
334,567,0.5
1155,567,1.0
47,567,3.0
75,567,2.5
135,567,2.5
161,567,2.5
3759,567,0.5
37,567,1.5
3871,567,3.5
83,567,2.0
95,567,3.5
305,567,1.5
89,567,2.0
2525,567,3.0
29,567,2.0
843,567,3.5
2118,567,2.0
643,567,2.0
918,567,1.0
109,567,1.5
128,567,4.0
358,567,0.5
8,567,2.0
183,567,3.0
27,567,2.5
65,567,1.5
250,567,0.5
2378,567,2.5
271,567,3.0
2277,567,0.5
78,567,2.0
103,567,1.5
363,567,1.0
505,567,1.5
73,567,0.5
57,567,2.5
547,567,0.5
55,567,1.0
3,567,1.0
10,567,1.5
532,567,3.0
177,567,3.0
1599,567,3.5
2763,567,3.0
3644,567,3.0
672,567,2.5
2126,567,2.5
1189,567,1.0
792,567,1.5
1427,567,1.5
1329,567,3.5
153,567,2.0
1176,567,0.5
1891,567,2.0
2145,567,0.5
162,567,0.5
3588,567,1.5
3560,567,3.0
740,567,0.5
238,567,0.5
1773,567,2.0
371,567,1.0
219,567,1.5
3236,568,4.5
810,568,5.0
676,568,3.0
3015,568,4.0
4474,568,4.0
2136,568,4.0
193,568,4.5
444,568,2.0
696,569,4.0
300,569,5.0
356,569,5.0
3236,569,5.0
1305,569,5.0
2819,569,4.0
678,569,4.0
810,569,3.0
1545,569,5.0
283,569,3.0
645,569,4.0
676,569,4.0
1698,569,4.0
2281,569,4.0
1361,569,3.0
1362,569,3.0
4273,569,3.0
4274,569,3.0
1544,570,4.0
696,570,3.5
3749,570,4.0
1573,570,3.5
2721,570,3.0
646,570,2.5
557,570,3.5
4344,570,3.0
636,570,4.0
300,570,2.5
921,570,2.5
824,570,3.0
356,570,4.0
76,570,2.5
930,570,3.5
1305,570,3.5
2950,570,3.0
678,570,4.0
810,570,4.0
3702,570,4.0
1545,570,3.5
283,570,3.5
645,570,2.5
2486,570,3.5
1821,570,4.5
2514,570,2.0
2020,570,3.5
280,570,4.0
2671,570,4.0
426,570,3.5
804,570,3.0
384,570,4.0
3893,570,4.0
3819,570,2.5
1705,570,4.0
2971,570,4.5
2517,570,3.0
3725,570,3.0
2608,570,3.5
2406,570,4.0
839,570,3.5
3162,570,3.5
2173,570,3.0
2331,570,3.0
2456,570,3.5
2662,570,4.0
2288,570,4.0
4056,570,3.0
1008,570,4.0
2458,570,3.5
3680,570,3.0
1753,570,3.0
2818,570,3.5
1962,570,3.0
2812,570,3.0
474,570,2.5
903,570,3.5
2285,570,2.5
1039,570,3.0
443,570,2.5
366,570,4.5
1354,570,4.0
2821,570,3.5
2979,570,3.5
26,570,3.0
905,570,4.0
150,570,3.0
2021,570,3.5
1815,570,3.5
1154,570,3.5
1167,570,3.0
629,570,4.0
1700,570,4.0
397,570,3.0
234,570,3.5
814,570,3.0
1360,570,2.5
2813,570,3.0
3831,570,3.0
2317,570,3.5
2845,570,4.0
2519,570,4.0
1014,570,3.5
208,570,3.0
663,570,4.0
2756,570,3.5
3008,570,3.5
344,570,3.5
2151,570,3.5
275,570,4.0
512,570,4.0
766,570,3.0
546,570,3.5
385,570,4.5
3577,570,4.0
900,570,4.0
3712,570,4.5
232,570,3.5
160,570,4.0
276,570,4.5
2310,570,4.0
884,570,3.5
1714,570,4.0
200,570,3.5
1063,570,4.5
2190,570,4.0
2746,570,4.0
2155,570,4.0
31,570,3.5
120,570,3.5
13,570,4.0
511,570,4.0
278,570,4.0
298,570,3.5
1277,570,3.5
2564,570,3.0
2,570,3.0
2184,571,2.0
3154,571,4.0
3743,571,5.0
839,571,2.0
3162,571,2.0
2173,571,4.0
2288,571,4.0
3993,571,4.0
1616,571,4.0
3739,571,1.0
2812,571,5.0
2097,571,2.0
2285,571,5.0
2408,571,3.0
1964,571,3.0
3908,571,3.0
3991,571,2.0
3596,571,3.0
2332,571,3.0
3171,571,4.0
2752,571,2.0
1399,571,3.0
2688,571,1.0
3883,571,4.0
2679,571,2.0
25,571,3.0
25,571,3.0
2911,571,5.0
1169,571,4.0
1612,571,3.0
1651,571,5.0
418,571,2.0
2589,571,2.0
1544,572,4.0
2452,572,5.0
1540,572,5.0
1530,572,4.0
4344,572,4.0
636,572,4.0
824,572,3.0
810,572,4.0
3702,572,4.0
676,572,4.0
1821,572,5.0
2281,572,5.0
426,572,2.0
384,572,2.0
4179,572,5.0
1498,572,3.0
3514,572,4.0
1067,572,3.0
4336,572,5.0
2970,572,5.0
3892,572,5.0
1107,572,5.0
4079,572,5.0
3464,572,1.0
4586,572,4.0
3725,572,5.0
2553,572,5.0
1528,572,5.0
839,572,4.0
3162,572,4.0
2331,572,5.0
2347,572,4.0
3745,572,5.0
3243,572,4.0
2662,572,1.0
2832,572,5.0
358,572,5.0
1008,572,4.0
2027,572,4.0
3451,572,5.0
2458,572,5.0
1036,572,4.0
2818,572,4.0
2812,572,5.0
903,572,4.0
3283,572,4.0
1033,572,4.0
2982,572,4.0
2821,572,4.0
1213,572,3.0
2979,572,5.0
458,572,3.0
150,572,3.0
4439,572,5.0
3829,572,5.0
4340,572,4.0
3453,572,5.0
1815,572,5.0
1960,572,5.0
629,572,5.0
2923,572,4.0
1878,572,5.0
1783,572,4.0
639,572,3.0
1585,572,2.0
1561,572,4.0
1122,572,4.0
568,572,4.0
1610,572,5.0
344,572,4.0
3889,572,3.0
3455,572,4.0
1544,573,5.0
696,573,4.5
2993,573,5.0
557,573,5.0
636,573,3.0
300,573,1.5
3353,573,5.0
356,573,5.0
3236,573,5.0
810,573,4.5
1545,573,5.0
283,573,4.5
676,573,5.0
1814,573,5.0
2514,573,5.0
1698,573,4.5
280,573,5.0
1361,573,4.5
1362,573,4.5
4273,573,4.5
4274,573,4.5
426,573,4.5
804,573,3.0
384,573,4.5
851,573,3.0
1705,573,5.0
3934,573,4.5
4307,573,4.5
3449,573,3.5
4586,573,4.5
3725,573,4.0
2406,573,4.0
1850,573,4.5
839,573,4.5
3162,573,4.5
2331,573,4.5
3243,573,4.0
2288,573,4.5
3993,573,4.5
1008,573,5.0
574,573,4.5
429,573,4.0
2812,573,4.5
474,573,1.5
2285,573,4.5
2376,573,3.0
1039,573,5.0
2327,573,4.5
211,573,0.5
443,573,4.5
26,573,1.5
3259,573,5.0
150,573,3.0
2021,573,4.5
1154,573,4.5
629,573,5.0
1700,573,5.0
1058,573,4.5
3061,573,5.0
3049,573,4.5
234,573,3.5
814,573,4.0
1360,573,4.0
71,573,0.5
2813,573,4.5
519,573,0.5
3831,573,5.0
2519,573,2.0
208,573,4.5
2089,573,4.5
663,573,5.0
225,573,4.5
3178,573,4.5
344,573,5.0
2178,573,1.5
2330,573,5.0
275,573,3.5
2460,573,4.0
1123,573,4.5
896,573,4.0
512,573,4.5
766,573,3.5
812,573,4.0
524,573,4.0
2909,573,4.5
385,573,3.5
3577,573,5.0
1584,573,5.0
1853,573,5.0
900,573,4.5
333,573,3.0
1056,573,4.0
1543,573,4.5
1054,573,4.5
1719,573,5.0
3712,573,4.5
232,573,4.0
321,573,5.0
1195,573,4.0
409,573,2.0
4299,573,5.0
632,573,4.0
865,573,4.5
160,573,5.0
231,573,3.0
276,573,4.5
565,573,3.0
2256,573,5.0
317,573,3.0
884,573,4.0
1969,573,4.5
2928,573,4.5
424,573,4.5
329,573,4.0
3244,573,4.5
200,573,5.0
2032,573,4.5
829,573,4.5
516,573,2.5
1899,573,4.5
1710,573,4.5
725,573,4.0
566,573,3.0
4582,573,0.5
1551,573,4.5
31,573,4.0
1849,573,5.0
715,573,4.0
3601,573,4.5
3639,573,5.0
4298,573,4.5
655,573,4.0
2400,573,3.5
1179,573,4.5
268,573,4.5
230,573,4.5
120,573,4.5
1296,573,3.0
1137,573,4.5
3559,573,4.0
25,573,4.5
3682,573,4.0
1842,573,4.0
919,573,0.5
1761,573,4.5
34,573,3.5
13,573,5.0
1201,573,4.0
2318,573,5.0
511,573,4.5
278,573,4.5
298,573,4.0
2760,573,3.0
2474,573,4.5
688,573,4.5
742,573,4.5
1282,573,3.5
6,573,2.5
1747,573,5.0
2564,573,4.5
2,573,4.5
262,573,4.5
112,573,3.0
2395,573,5.0
1575,573,4.5
69,573,4.5
1818,573,4.5
58,573,4.5
513,573,4.5
164,573,5.0
1786,573,5.0
2374,573,4.0
1706,573,4.0
1816,573,4.5
723,573,4.5
1181,573,4.0
572,573,5.0
123,573,2.0
159,573,4.5
67,573,4.5
749,573,3.0
36,573,1.5
1557,573,5.0
1991,573,4.5
1,573,5.0
440,573,4.5
1723,573,4.5
43,573,5.0
97,573,5.0
1509,573,4.5
130,573,4.5
102,573,5.0
2561,573,4.0
170,573,4.0
336,573,4.5
154,573,4.5
221,573,4.5
30,573,5.0
1571,573,5.0
288,573,5.0
32,573,5.0
48,573,5.0
96,573,5.0
47,573,5.0
95,573,4.5
557,574,5.0
636,574,4.0
300,574,3.0
824,574,4.0
827,574,4.0
930,574,4.0
3236,574,3.0
1305,574,4.0
2819,574,5.0
283,574,4.0
645,574,4.0
1698,574,5.0
1361,574,3.0
1362,574,3.0
4273,574,3.0
4274,574,3.0
3236,575,5.0
3243,575,5.0
2694,575,3.0
1417,575,3.0
1585,575,3.0
3939,575,1.0
3477,575,3.0
1222,575,3.0
1561,575,3.0
2931,575,3.0
2883,575,3.0
3584,575,1.0
781,575,4.0
2742,575,2.0
3429,575,4.0
1492,575,4.0
3220,575,4.0
626,575,3.0
2629,575,2.0
3921,575,1.0
1939,576,2.5
978,576,1.5
1616,576,4.0
1586,576,1.0
3429,576,4.5
871,576,2.5
619,576,4.0
2721,577,3.0
557,577,4.0
1305,577,3.0
678,577,3.0
810,577,5.0
1545,577,3.0
283,577,4.0
676,577,5.0
835,577,3.0
1821,577,5.0
1728,577,3.0
2281,577,5.0
1361,577,2.0
1362,577,2.0
4273,577,2.0
4274,577,2.0
4336,577,5.0
3819,577,5.0
2970,577,3.0
264,577,4.0
3572,577,4.0
3017,577,3.0
1705,577,3.0
4079,577,3.0
3449,577,3.0
2971,577,4.0
2517,577,4.0
3464,577,4.0
2406,577,3.0
4609,577,4.0
1850,577,4.0
839,577,4.0
3162,577,4.0
2331,577,4.0
3243,577,3.0
2288,577,5.0
2832,577,5.0
2493,577,4.0
358,577,5.0
1008,577,4.0
2027,577,4.0
3451,577,3.0
1036,577,3.0
2818,577,3.0
2320,577,3.0
2812,577,5.0
474,577,2.0
443,577,3.0
366,577,4.0
2821,577,3.0
741,577,3.0
4340,577,4.0
1532,577,4.0
1815,577,4.0
1960,577,4.0
629,577,5.0
1700,577,3.0
2219,577,2.0
25,577,3.0
468,577,3.0
3206,577,3.0
3354,577,4.0
279,577,5.0
3586,577,3.0
814,577,4.0
871,577,3.0
208,577,3.0
3342,577,2.0
3890,577,5.0
4346,577,4.0
225,577,3.0
1880,577,4.0
1417,578,4.5
537,578,4.5
2538,578,3.5
3444,578,4.0
1159,578,4.0
2972,578,4.0
3099,578,4.0
357,578,5.0
1723,578,4.5
1594,578,4.0
2351,578,5.0
1544,579,4.0
2452,579,5.0
1573,579,3.0
813,579,4.0
557,579,5.0
810,579,5.0
676,579,4.0
1814,579,5.0
1821,579,5.0
1110,579,3.0
2671,579,5.0
3514,579,5.0
327,579,4.0
33,579,3.0
474,579,3.0
1033,579,5.0
443,579,5.0
817,579,4.0
388,579,5.0
1354,579,5.0
3470,579,5.0
875,579,4.0
462,579,3.0
353,579,4.0
150,579,4.0
2021,579,5.0
4448,579,3.0
629,579,3.0
3052,579,1.0
1783,579,5.0
906,579,4.0
2672,579,4.0
2985,579,3.0
1417,579,4.0
3220,579,5.0
846,579,3.0
568,579,4.0
22,579,3.0
344,579,5.0
892,579,3.0
1166,579,4.0
1225,579,4.0
910,579,5.0
2607,579,2.0
1972,579,3.0
214,579,4.0
1544,580,3.0
696,580,3.5
893,580,4.5
2141,580,4.0
3749,580,4.0
1573,580,2.5
1530,580,2.0
2184,580,5.0
557,580,4.5
4344,580,4.0
300,580,2.0
76,580,4.0
4780,580,3.5
1893,580,3.5
930,580,3.0
3236,580,5.0
1939,580,2.0
1305,580,4.0
2950,580,4.0
810,580,4.0
676,580,4.0
404,580,2.5
2486,580,4.0
1821,580,3.0
2765,580,2.5
1728,580,5.0
2793,580,2.5
2020,580,1.5
1698,580,2.0
280,580,4.0
2281,580,4.0
1361,580,3.0
1362,580,3.0
4273,580,3.0
4274,580,3.0
804,580,3.0
384,580,3.5
3893,580,5.0
978,580,3.5
4336,580,0.5
2970,580,3.5
264,580,3.0
1705,580,4.0
4307,580,5.0
3449,580,4.0
2971,580,3.0
4586,580,5.0
3725,580,4.0
2608,580,4.0
2406,580,4.5
4609,580,0.5
4082,580,0.5
1528,580,3.5
1850,580,4.0
839,580,4.0
3162,580,4.0
2331,580,4.0
2456,580,4.0
2667,580,4.0
2288,580,3.5
1008,580,4.0
3451,580,3.0
1036,580,4.0
3533,580,4.0
2818,580,4.0
1962,580,3.5
429,580,3.0
3448,580,3.5
474,580,3.0
366,580,3.5
771,580,3.5
1377,580,4.0
1354,580,4.0
301,580,4.0
2979,580,4.5
26,580,4.0
2825,580,4.5
905,580,4.0
433,580,3.0
2313,580,5.0
150,580,3.5
4745,580,4.5
2021,580,4.0
1815,580,4.0
4231,580,3.5
1154,580,3.5
1167,580,3.0
1081,580,4.5
629,580,5.0
1700,580,3.5
1058,580,4.5
705,580,4.0
3061,580,4.0
582,580,3.5
3354,580,2.0
279,580,3.0
4199,580,2.5
1561,580,2.5
2087,580,4.0
234,580,4.0
814,580,3.0
871,580,2.5
1122,580,4.0
1360,580,3.0
2519,580,5.0
208,580,4.5
663,580,5.0
225,580,3.5
3008,580,3.5
344,580,3.5
376,580,2.5
1055,580,2.5
1977,580,4.0
1998,580,4.5
2090,580,4.0
2151,580,4.0
2330,580,3.5
3261,580,3.0
275,580,4.0
214,580,3.5
4731,580,2.5
1415,580,3.0
4677,580,4.5
512,580,4.5
1974,580,3.5
3707,580,3.5
546,580,4.5
2909,580,4.0
1835,580,4.0
1793,580,4.5
1007,580,4.0
3577,580,5.0
1584,580,4.0
1853,580,4.0
900,580,4.0
111,580,3.5
333,580,4.0
364,580,3.0
2319,580,1.0
2485,580,3.0
1054,580,3.5
2630,580,4.0
1017,580,4.5
3712,580,4.0
373,580,4.0
389,580,4.0
576,580,3.0
632,580,4.0
865,580,3.0
160,580,3.5
231,580,4.0
4339,580,3.0
431,580,3.0
276,580,4.5
674,580,3.5
565,580,4.5
602,580,2.5
3773,580,4.5
498,580,4.0
3897,580,4.0
1143,580,2.5
277,580,3.0
4427,580,2.5
1030,580,3.5
2310,580,3.5
2256,580,5.0
3705,580,4.0
1541,580,2.0
1691,580,3.5
895,580,4.0
329,580,4.5
3244,580,4.5
94,580,4.0
200,580,4.0
3744,580,5.0
4029,580,3.5
2102,580,3.0
829,580,5.0
172,580,4.5
1212,580,4.0
2190,580,3.0
2746,580,3.5
1710,580,4.0
2155,580,4.0
729,580,3.5
831,580,4.5
725,580,3.5
1081,580,4.5
566,580,4.0
4582,580,1.0
31,580,3.0
267,580,4.5
715,580,4.0
3327,580,4.5
2410,580,5.0
3639,580,4.5
1845,580,2.5
457,580,0.5
2871,580,2.5
3508,580,4.0
1560,580,4.5
2400,580,3.0
118,580,3.0
1179,580,5.0
3079,580,3.5
230,580,5.0
120,580,5.0
186,580,4.0
243,580,3.0
1296,580,5.0
1137,580,3.5
994,580,3.5
3352,580,4.0
2628,580,4.0
693,580,1.5
2572,580,3.0
25,580,4.0
933,580,4.5
3315,580,2.5
919,580,4.5
1761,580,4.0
4443,580,3.0
140,580,4.5
34,580,4.5
13,580,4.5
1254,580,4.0
11,580,3.0
2318,580,3.0
511,580,5.0
278,580,4.5
1963,580,2.0
688,580,5.0
742,580,5.0
2564,580,3.5
262,580,4.5
112,580,5.0
117,580,4.5
810,581,4.5
1821,581,5.0
2979,581,4.0
663,581,4.5
3707,581,4.5
385,581,4.5
3577,581,4.5
900,581,4.5
232,581,4.5
160,581,4.5
277,581,5.0
884,581,3.5
329,581,4.5
584,581,3.5
2155,581,5.0
192,581,4.5
933,581,4.5
69,581,4.0
58,581,4.0
67,581,4.0
97,581,4.5
96,581,4.5
3871,581,4.5
2525,581,4.0
271,581,4.0
663,582,4.0
3577,582,4.0
192,582,4.5
115,582,4.5
933,582,3.5
278,582,4.5
114,582,4.0
69,582,4.5
58,582,4.0
572,582,4.0
159,582,4.5
67,582,3.5
9,582,4.5
440,582,4.0
93,582,4.5
1723,582,2.5
80,582,2.5
615,582,5.0
97,582,5.0
712,582,4.0
197,582,4.0
1509,582,2.5
102,582,4.0
427,582,4.0
154,582,4.0
221,582,4.0
30,582,4.5
1571,582,2.5
302,582,3.0
90,582,3.0
288,582,4.5
32,582,4.5
240,582,4.5
96,582,4.5
89,582,3.5
2525,582,3.5
271,582,4.0
2721,583,5.0
2993,583,3.0
3236,583,4.0
810,583,4.0
1698,583,3.5
4265,583,2.0
3448,583,3.0
875,583,3.0
26,583,4.0
353,583,4.0
2985,583,2.0
2931,583,3.5
2742,583,5.0
1542,583,3.5
2813,583,3.0
2983,583,3.5
900,583,3.0
1301,583,4.0
1969,583,3.0
1063,583,3.5
516,583,4.0
2333,583,3.0
816,583,2.0
1873,583,3.5
3242,583,3.0
640,583,3.0
1706,583,2.5
914,583,3.0
1991,583,3.0
93,583,4.0
3267,583,4.0
1387,583,3.0
2425,583,4.0
1570,583,3.0
1391,583,2.0
125,583,3.0
1199,583,2.5
1686,583,4.0
1544,584,5.0
696,584,5.0
1553,584,3.0
2141,584,4.0
1573,584,3.0
2721,584,1.0
813,584,5.0
557,584,5.0
636,584,5.0
300,584,3.0
821,584,5.0
921,584,5.0
824,584,5.0
356,584,5.0
1253,584,1.0
1380,584,4.0
737,584,4.0
76,584,4.0
827,584,5.0
2535,584,5.0
930,584,5.0
3236,584,3.0
1305,584,4.0
2950,584,3.0
1628,584,4.0
2819,584,1.0
678,584,5.0
810,584,5.0
1545,584,5.0
283,584,5.0
953,584,4.0
645,584,5.0
2545,584,4.0
676,584,5.0
1814,584,5.0
2486,584,5.0
2514,584,4.0
2020,584,5.0
1698,584,4.0
280,584,5.0
2281,584,5.0
1361,584,3.0
1362,584,3.0
4273,584,3.0
4274,584,3.0
2671,584,3.0
384,584,5.0
893,585,5.0
4344,585,4.5
4223,585,3.5
4780,585,4.5
3236,585,5.0
3410,585,3.5
2793,585,5.0
4307,585,4.5
1850,585,5.0
2347,585,5.0
2824,585,4.0
1397,585,4.5
2148,585,4.0
3015,585,4.0
3061,585,5.0
2461,585,4.0
3049,585,4.0
2519,585,4.5
663,585,5.0
713,585,4.0
1390,585,4.0
3542,585,4.5
2909,585,5.0
1584,585,5.0
1853,585,3.0
2995,585,3.5
1054,585,4.0
3712,585,3.0
3705,585,4.0
2746,585,2.5
725,585,4.5
1179,585,4.0
2395,585,5.0
282,585,5.0
1832,585,4.5
1816,585,4.5
723,585,4.0
572,585,5.0
440,585,5.0
97,585,4.0
557,586,5.0
824,586,4.5
536,586,3.5
283,586,4.5
1821,586,2.5
1839,586,4.5
2020,586,4.0
1698,586,4.5
280,586,5.0
287,586,4.0
571,586,4.0
3934,586,4.5
2971,586,4.0
2406,586,5.0
2662,586,4.5
2288,586,4.5
1008,586,4.0
1036,586,4.0
2818,586,5.0
1962,586,4.5
1039,586,4.0
456,586,4.0
802,586,3.5
2979,586,5.0
905,586,4.0
763,586,4.0
1154,586,5.0
629,586,2.5
397,586,5.0
582,586,4.0
920,586,5.0
814,586,3.5
208,586,4.0
344,586,4.5
1055,586,5.0
2730,586,4.0
275,586,5.0
512,586,5.0
232,586,5.0
1190,586,4.0
389,586,4.0
276,586,4.0
306,586,3.5
756,586,4.0
934,586,4.0
424,586,4.0
200,586,5.0
192,586,5.0
267,586,3.0
230,586,4.5
510,586,5.0
120,586,4.0
1378,586,4.0
1112,586,4.5
430,586,5.0
34,586,5.0
567,586,5.0
119,586,5.0
114,586,4.5
59,586,4.5
69,586,5.0
1818,586,5.0
182,586,5.0
58,586,5.0
121,586,5.0
131,586,5.0
1393,586,4.5
68,586,4.0
572,586,4.0
67,586,5.0
349,586,3.5
348,586,4.0
1,586,4.0
440,586,3.0
93,586,5.0
80,586,5.0
43,586,4.5
615,586,5.0
7,586,4.5
179,586,4.5
375,586,5.0
18,586,5.0
138,586,5.0
41,586,4.0
427,586,3.5
154,586,4.0
56,586,5.0
30,586,3.5
1043,586,5.0
391,586,4.0
155,586,5.0
1200,586,3.5
581,586,4.5
32,586,4.5
48,586,4.0
35,586,5.0
507,586,4.5
261,586,4.5
184,586,3.5
125,586,5.0
745,586,4.5
86,586,5.0
47,586,4.5
82,586,3.0
135,586,4.5
95,586,5.0
201,586,4.5
180,586,5.0
20,586,5.0
1022,586,5.0
109,586,4.0
108,586,4.0
183,586,4.5
789,586,4.0
27,586,5.0
65,586,4.5
185,586,4.5
271,586,2.5
78,586,5.0
103,586,5.0
505,586,4.5
57,586,4.0
153,586,5.0
219,586,5.0
1544,587,5.0
1540,587,4.0
300,587,3.0
2371,587,4.0
3236,587,5.0
1305,587,4.0
2819,587,3.0
810,587,4.0
3702,587,3.0
283,587,4.0
3254,587,4.0
1814,587,5.0
2035,587,4.0
2020,587,5.0
2281,587,5.0
2671,587,4.0
1930,587,4.0
3514,587,4.0
3990,587,4.0
3452,587,4.0
3934,587,4.0
4079,587,4.0
2517,587,4.0
2526,587,4.0
3725,587,5.0
3745,587,5.0
3243,587,4.0
2288,587,5.0
2458,587,5.0
1616,587,1.0
1036,587,4.0
1370,587,4.0
1753,587,4.0
1586,587,4.0
2818,587,4.0
2320,587,4.0
1962,587,4.0
3448,587,3.0
456,587,4.0
1379,587,4.0
1421,587,5.0
2540,587,1.0
1625,587,4.0
4342,587,4.0
1364,587,4.0
1167,587,4.0
2923,587,3.0
1878,587,5.0
582,587,4.0
1783,587,5.0
2694,587,5.0
2336,587,4.0
3206,587,4.0
2672,587,4.0
1561,587,1.0
626,587,5.0
568,587,4.0
2317,587,5.0
2519,587,5.0
2756,587,4.0
344,587,4.0
1055,587,5.0
3274,587,5.0
4474,587,4.0
1271,587,4.0
26,587,5.0
3889,587,1.0
2730,587,4.0
4019,587,4.0
2090,587,4.0
696,588,3.0
893,588,4.0
616,588,2.0
1540,588,3.0
2141,588,3.0
3749,588,3.0
2930,588,2.0
557,588,5.0
636,588,3.0
824,588,4.0
3353,588,3.0
356,588,4.0
4223,588,4.0
737,588,2.0
76,588,2.0
4780,588,5.0
827,588,3.0
930,588,3.0
3236,588,5.0
2819,588,3.0
678,588,4.0
810,588,3.0
283,588,3.0
645,588,3.0
676,588,3.0
1821,588,4.0
280,588,3.0
2281,588,3.0
1361,588,2.0
1362,588,2.0
4273,588,2.0
4274,588,2.0
3893,588,5.0
3749,589,5.0
2930,589,5.0
4344,589,5.0
636,589,4.0
824,589,3.0
1253,589,3.0
2371,589,4.0
4487,589,5.0
3236,589,5.0
2950,589,5.0
810,589,5.0
3702,589,4.0
2486,589,4.0
1821,589,5.0
2514,589,3.0
2020,589,5.0
2281,589,5.0
384,589,5.0
2971,589,4.0
1544,590,4.0
696,590,3.5
2452,590,3.5
1553,590,2.0
2930,590,3.5
2993,590,3.5
557,590,4.0
4344,590,4.0
636,590,4.5
300,590,2.5
824,590,4.0
3353,590,3.0
356,590,3.0
536,590,3.0
1253,590,2.0
1380,590,2.5
3236,590,4.5
1305,590,3.0
2819,590,3.0
678,590,3.5
810,590,5.0
1545,590,3.0
1718,590,2.0
283,590,3.0
676,590,4.0
835,590,3.0
1814,590,2.5
2486,590,4.0
1821,590,5.0
1728,590,4.5
1839,590,4.0
2793,590,3.5
2514,590,3.0
1698,590,4.0
280,590,4.5
2281,590,3.0
1361,590,3.5
1362,590,3.5
4273,590,3.5
4274,590,3.5
4265,590,5.0
1110,590,4.0
2671,590,3.0
426,590,3.5
453,590,3.0
384,590,2.5
4179,590,4.5
966,590,2.0
1886,590,1.5
2751,590,2.0
1067,590,3.0
3990,590,5.0
4336,590,5.0
2407,590,4.0
3819,590,5.0
2970,590,5.0
4288,590,4.0
3892,590,5.0
4222,590,5.0
3743,590,3.0
2675,590,3.0
327,590,4.5
902,590,3.0
3452,590,3.5
33,590,4.0
1705,590,4.0
3934,590,3.0
4307,590,4.0
3449,590,3.5
2971,590,4.5
2517,590,3.0
4586,590,3.5
3725,590,4.5
2406,590,4.5
4609,590,5.0
2553,590,4.5
4082,590,5.0
1528,590,4.5
1850,590,4.0
839,590,4.5
3162,590,4.5
2173,590,5.0
2347,590,3.5
1665,590,4.0
2456,590,3.5
3243,590,3.5
2662,590,4.0
2667,590,4.5
2288,590,4.5
2832,590,4.5
3993,590,4.0
4486,590,5.0
358,590,4.5
1008,590,4.0
2027,590,4.0
3451,590,4.5
2458,590,3.0
1372,590,3.5
1616,590,3.5
1036,590,4.5
3680,590,4.0
728,590,2.0
1370,590,2.5
1753,590,4.0
1586,590,2.5
2818,590,4.5
2320,590,3.5
1962,590,3.5
429,590,2.5
3448,590,3.0
2812,590,4.5
2065,590,3.0
474,590,2.5
903,590,3.0
2285,590,2.5
1039,590,2.5
2327,590,3.5
447,590,3.0
211,590,2.0
1033,590,2.5
366,590,3.0
380,590,3.0
456,590,3.0
388,590,3.0
1377,590,3.5
2408,590,2.0
802,590,3.0
1354,590,3.0
2982,590,3.5
301,590,2.5
741,590,2.0
1964,590,2.0
26,590,3.5
246,590,2.5
433,590,3.0
458,590,3.0
150,590,2.5
2021,590,2.5
4439,590,5.0
3454,590,4.0
4342,590,3.0
4340,590,4.5
1815,590,4.0
3311,590,4.0
2412,590,4.0
2641,590,4.0
1154,590,3.0
1167,590,3.0
629,590,4.0
3241,590,3.5
1700,590,3.5
432,590,3.5
3883,590,4.0
2533,590,2.5
2111,590,3.5
2933,590,3.0
2923,590,4.0
3061,590,3.0
1971,590,1.0
408,590,3.5
2173,590,2.0
582,590,2.5
1783,590,4.0
639,590,3.0
3206,590,3.0
279,590,5.0
3905,590,3.0
1561,590,3.0
2931,590,2.0
3220,590,3.0
626,590,3.5
234,590,2.5
814,590,4.0
871,590,4.0
1298,590,2.0
2436,590,2.0
1360,590,2.5
1542,590,1.5
1537,590,3.0
71,590,2.5
2813,590,2.5
568,590,2.0
3831,590,3.0
2530,590,3.5
2317,590,4.5
2519,590,3.0
965,590,3.0
4085,590,3.5
208,590,3.0
3890,590,4.5
4077,590,4.0
4346,590,4.0
2089,590,2.5
663,590,3.5
225,590,3.0
1716,590,2.5
3347,590,3.0
3166,590,3.5
2018,590,4.0
22,590,3.5
3178,590,3.0
3008,590,2.5
2322,590,1.0
1055,590,2.5
3348,590,3.5
2095,590,3.5
1051,590,4.0
4474,590,3.5
1183,590,3.5
3889,590,3.5
239,590,3.0
1830,590,2.5
2090,590,4.5
573,590,3.0
3818,590,4.0
3622,590,3.5
2330,590,3.5
3455,590,4.0
275,590,4.5
214,590,2.5
834,590,3.0
3255,590,3.5
1534,590,2.5
4003,590,3.0
4677,590,3.0
2999,590,2.5
1123,590,3.5
512,590,3.0
644,590,3.0
766,590,3.5
812,590,2.5
1019,590,2.0
351,590,2.5
472,590,1.0
1505,590,3.0
3340,590,2.5
546,590,2.5
2909,590,4.0
2738,590,1.5
631,590,2.5
385,590,3.5
1045,590,2.5
1793,590,4.0
1925,590,4.0
1572,590,1.0
3577,590,3.5
1834,590,2.5
2472,590,1.5
1853,590,4.5
900,590,4.0
111,590,2.5
469,590,3.0
2516,590,4.5
333,590,2.0
2319,590,3.0
2521,590,3.0
2995,590,3.0
2926,590,4.0
279,590,2.5
346,590,2.5
1543,590,1.0
1054,590,3.5
1719,590,2.5
1717,590,2.5
1017,590,3.0
3712,590,3.0
1182,590,2.0
389,590,3.5
2547,590,0.5
321,590,3.5
2335,590,3.0
1195,590,3.5
632,590,4.0
1012,590,2.5
3597,590,3.5
2515,590,2.5
716,590,1.5
160,590,3.0
231,590,3.0
1035,590,3.5
1861,590,1.0
276,590,3.0
908,590,2.0
674,590,1.5
565,590,3.0
2817,590,3.0
277,590,3.5
148,590,2.0
756,590,2.0
317,590,3.5
884,590,3.5
1969,590,2.5
2093,590,1.5
2928,590,2.5
2106,590,2.5
424,590,2.5
329,590,3.5
166,590,2.0
94,590,3.0
200,590,4.0
383,590,3.5
1603,590,3.0
2102,590,3.0
1559,590,4.0
829,590,4.0
1497,590,2.5
1063,590,3.5
172,590,3.0
2326,590,2.5
584,590,3.0
1159,590,2.0
499,590,3.0
727,590,2.5
729,590,2.5
831,590,4.0
146,590,3.0
3147,590,3.0
1746,590,2.0
1345,590,2.5
566,590,3.5
192,590,4.0
4582,590,3.0
31,590,3.5
267,590,3.0
1580,590,0.5
1634,590,2.5
3601,590,3.0
292,590,2.5
457,590,4.0
1361,590,2.5
1362,590,2.5
4273,590,2.5
4274,590,2.5
1068,590,3.0
3435,590,3.5
1560,590,4.0
2400,590,4.0
118,590,3.0
816,590,3.5
1179,590,4.0
3079,590,4.0
230,590,3.5
510,590,3.0
120,590,4.0
186,590,2.5
243,590,2.0
1791,590,3.0
3352,590,3.5
2628,590,3.5
941,590,3.5
115,590,3.0
1687,590,3.5
25,590,3.5
944,590,2.5
933,590,3.5
1761,590,3.5
140,590,3.0
34,590,2.5
567,590,3.5
13,590,3.0
11,590,3.0
1487,590,2.5
2532,590,4.0
278,590,4.0
298,590,3.0
1963,590,3.0
2760,590,4.0
218,590,2.0
688,590,3.5
742,590,3.0
881,590,3.0
212,590,4.5
6,590,3.0
2,590,2.0
2017,590,2.5
262,590,3.0
114,590,4.0
2181,590,2.5
282,590,3.5
1832,590,4.0
525,590,3.5
1180,590,2.5
1575,590,3.0
69,590,3.5
1818,590,3.0
54,590,3.0
58,590,4.0
116,590,3.0
164,590,3.0
4173,590,4.0
354,590,3.0
1332,590,3.0
2669,590,4.5
12,590,3.0
1816,590,4.0
1690,590,4.0
572,590,4.5
159,590,4.0
67,590,4.0
9,590,4.0
1557,590,4.0
1568,590,4.0
750,590,4.0
1,590,3.5
3215,590,4.0
2733,590,4.0
1368,590,4.0
4780,591,4.0
810,591,4.0
3743,591,2.0
1783,591,4.0
2985,591,3.0
920,591,2.0
2931,591,2.0
234,591,5.0
1360,591,5.0
1542,591,4.0
2813,591,3.0
651,591,2.0
719,591,2.0
568,591,3.0
830,591,3.0
1504,591,2.0
965,591,4.0
2627,591,2.0
671,591,1.0
4085,591,2.0
663,591,2.0
2289,591,1.0
2756,591,2.0
344,591,5.0
1335,591,2.0
892,591,3.0
2587,591,1.0
910,591,4.0
1996,591,4.0
1538,591,3.0
275,591,5.0
195,591,3.0
214,591,3.0
512,591,4.0
347,591,5.0
1974,591,3.0
766,591,3.0
1548,591,4.0
696,592,3.0
341,592,4.0
1553,592,4.0
1540,592,3.0
2721,592,4.0
2103,592,3.0
2687,592,3.0
646,592,3.0
557,592,5.0
1994,592,3.0
636,592,5.0
300,592,3.0
821,592,4.0
921,592,3.0
824,592,4.0
3353,592,5.0
356,592,3.0
1380,592,3.0
737,592,3.0
76,592,4.0
827,592,3.0
3236,592,4.0
1305,592,3.0
2819,592,4.0
678,592,4.0
810,592,5.0
1545,592,3.0
283,592,5.0
953,592,3.0
645,592,3.0
676,592,5.0
404,592,3.0
1814,592,5.0
1839,592,5.0
2514,592,4.0
2020,592,4.0
1698,592,5.0
280,592,5.0
2281,592,4.0
1361,592,5.0
1362,592,5.0
4273,592,5.0
4274,592,5.0
4265,592,3.0
2671,592,3.0
3154,592,4.0
426,592,4.0
1573,593,4.0
3156,593,4.0
557,593,3.0
636,593,3.0
2819,593,1.5
810,593,4.0
3702,593,2.0
1545,593,2.5
1814,593,2.5
1821,593,3.5
1698,593,3.5
426,593,3.0
384,593,2.0
4336,593,5.0
2407,593,4.0
3934,593,2.5
2662,593,2.5
903,593,4.0
2376,593,4.0
3776,593,3.0
1377,593,4.0
2979,593,3.0
1421,593,3.0
26,593,4.0
905,593,3.5
2021,593,3.0
2111,593,3.0
1878,593,4.5
1783,593,5.0
234,593,2.5
1360,593,1.5
2813,593,2.5
2317,593,4.0
2519,593,4.5
663,593,4.0
3703,593,1.5
910,593,4.0
275,593,5.0
512,593,3.0
1007,593,3.5
900,593,3.0
389,593,2.5
3597,593,1.5
231,593,1.5
277,593,2.0
884,593,2.0
3524,593,5.0
329,593,3.0
200,593,1.0
3744,593,2.0
192,593,3.5
4022,593,2.5
3079,593,4.0
230,593,3.0
933,593,4.0
13,593,1.0
2318,593,3.0
278,593,3.0
2452,594,4.0
2721,594,4.5
813,594,4.5
2184,594,3.5
557,594,5.0
1994,594,4.0
636,594,3.5
821,594,4.5
921,594,5.0
356,594,4.5
1380,594,4.0
737,594,4.5
76,594,5.0
4780,594,4.0
1305,594,4.0
1545,594,4.5
283,594,4.5
1407,594,4.5
676,594,5.0
835,594,5.0
3254,594,4.0
2514,594,5.0
2020,594,5.0
1698,594,4.5
280,594,5.0
1361,594,4.5
1362,594,4.5
4273,594,4.5
4274,594,4.5
4265,594,4.0
2671,594,5.0
426,594,5.0
804,594,5.0
384,594,4.0
966,594,4.0
287,594,5.0
3819,594,4.5
1910,594,4.5
1705,594,5.0
1528,594,3.0
839,594,4.0
3162,594,4.0
2331,594,4.0
2458,594,5.0
574,594,4.5
903,594,5.0
2285,594,0.5
1344,594,3.5
1033,594,4.5
388,594,4.5
301,594,4.5
26,594,4.5
905,594,3.0
828,594,5.0
433,594,4.5
150,594,4.5
2021,594,4.0
1364,594,5.0
629,594,4.0
1787,594,4.5
464,594,4.5
1450,594,5.0
408,594,4.0
3027,594,4.0
1783,594,4.0
639,594,5.0
916,594,4.5
3487,594,4.5
234,594,4.0
814,594,4.0
1122,594,5.0
2813,594,3.5
719,594,4.0
1272,594,5.0
671,594,5.0
225,594,4.5
275,594,4.5
2193,594,4.5
512,594,4.5
1217,594,4.5
812,594,4.5
1045,594,5.0
2735,594,4.5
1243,594,5.0
2473,594,4.5
1717,594,5.0
1314,594,4.0
2417,594,4.5
3597,594,3.5
2515,594,5.0
939,594,4.5
1301,594,4.5
823,594,4.5
704,594,5.0
2293,594,5.0
911,594,5.0
424,594,5.0
2484,594,5.0
3034,594,2.0
1169,594,4.5
2032,594,5.0
2334,594,5.0
2638,594,0.5
439,594,4.5
1658,594,5.0
1800,594,4.0
729,594,0.5
1518,594,4.5
275,594,4.5
31,594,5.0
1438,594,4.5
4297,595,4.0
2608,595,5.0
3993,595,5.0
1033,595,2.0
1421,595,3.0
1023,595,5.0
4579,595,4.0
1878,595,4.0
397,595,4.0
1783,595,5.0
234,595,4.0
830,595,3.0
1544,596,4.0
1573,596,4.0
2721,596,4.0
636,596,3.5
300,596,2.5
1305,596,3.0
810,596,3.5
2486,596,3.5
1821,596,4.0
1728,596,4.0
280,596,3.0
1361,596,3.5
1362,596,3.5
4273,596,3.5
4274,596,3.5
1498,596,3.5
2970,596,4.0
3452,596,4.0
1705,596,4.0
2971,596,4.0
4586,596,4.0
2406,596,3.5
839,596,4.0
3162,596,4.0
2662,596,3.0
2288,596,4.0
2493,596,3.5
1008,596,3.5
2458,596,3.5
1036,596,4.5
1753,596,3.5
2818,596,4.0
2320,596,4.0
1962,596,4.0
429,596,3.0
241,596,2.0
1397,596,3.0
1061,596,1.0
211,596,2.0
1033,596,3.0
1379,596,3.0
2408,596,2.5
1354,596,3.5
875,596,4.5
741,596,3.0
2979,596,4.0
246,596,2.0
1765,596,4.5
2148,596,3.0
462,596,2.5
828,596,3.0
433,596,2.5
353,596,4.0
1023,596,3.5
1815,596,3.0
1787,596,3.5
1058,596,3.5
705,596,3.0
408,596,3.5
486,596,3.0
582,596,4.0
639,596,2.5
2985,596,2.5
814,596,3.5
871,596,3.0
1298,596,2.5
2436,596,2.0
71,596,1.5
619,596,3.5
3831,596,3.5
1014,596,3.0
663,596,4.0
225,596,3.0
3008,596,4.0
4006,596,4.0
344,596,3.5
1998,596,3.5
910,596,3.5
239,596,3.0
2072,596,2.5
3261,596,4.0
275,596,3.0
214,596,2.5
834,596,3.5
1123,596,2.0
4305,596,4.0
512,596,4.0
3580,596,4.0
351,596,3.0
546,596,3.5
1835,596,3.5
2738,596,2.0
631,596,2.5
385,596,3.0
1045,596,3.5
1793,596,3.5
3577,596,4.5
900,596,4.0
876,596,3.5
111,596,1.5
359,596,4.0
364,596,3.0
3712,596,5.0
232,596,3.5
389,596,3.5
632,596,3.5
865,596,3.0
160,596,3.5
431,596,4.5
276,596,3.5
445,596,3.0
674,596,2.5
565,596,2.5
2256,596,4.0
317,596,2.0
884,596,3.0
1541,596,3.5
329,596,4.0
3244,596,4.0
166,596,3.0
94,596,2.5
200,596,3.0
3540,596,3.0
2102,596,3.0
1559,596,3.0
829,596,3.5
1063,596,3.5
4450,596,3.5
516,596,1.5
2155,596,3.5
729,596,3.5
831,596,3.5
146,596,2.5
31,596,3.0
304,596,1.5
3601,596,4.5
1560,596,2.5
118,596,2.0
669,596,2.5
3854,596,3.5
1179,596,3.5
230,596,3.0
4026,596,5.0
120,596,4.0
243,596,3.0
1378,596,3.5
1296,596,4.0
1597,596,4.0
2628,596,4.5
2720,596,4.0
115,596,3.5
1237,596,3.5
4353,596,3.5
3305,596,3.5
1636,596,2.5
933,596,3.5
34,596,1.5
11,596,2.5
278,596,3.0
298,596,2.5
218,596,3.0
2474,596,4.5
6,596,2.5
114,596,3.5
2619,596,5.0
69,596,3.5
182,596,4.0
58,596,4.5
164,596,3.5
1332,596,3.5
2144,596,3.0
723,596,4.0
572,596,3.0
123,596,2.5
159,596,4.0
67,596,3.5
9,596,3.5
1557,596,4.5
1620,596,4.0
1991,596,3.5
880,596,3.0
1,596,3.0
357,596,3.5
440,596,3.5
93,596,4.5
1723,596,3.5
80,596,3.0
43,596,3.5
615,596,3.5
97,596,4.0
412,596,3.5
3267,596,3.5
197,596,4.0
1368,596,3.0
1509,596,3.5
130,596,3.5
102,596,3.5
3887,596,3.5
170,596,4.0
206,596,3.5
806,596,2.0
1121,596,3.5
56,596,4.0
30,596,3.0
731,596,4.0
2425,596,3.5
416,596,4.0
302,596,3.0
90,596,4.0
155,596,4.0
32,596,4.0
48,596,3.0
520,596,4.0
15,596,3.0
127,596,3.0
125,596,3.5
1288,596,4.5
745,596,3.5
96,596,3.5
86,596,5.0
39,596,2.5
47,596,3.0
75,596,4.0
135,596,3.5
2841,596,3.5
95,596,3.5
89,596,4.0
201,596,3.5
128,596,5.0
8,596,3.0
183,596,3.5
243,596,3.0
789,596,4.0
27,596,3.5
65,596,2.5
271,596,4.0
78,596,4.5
73,596,3.0
57,596,4.5
10,596,3.0
532,596,4.5
1599,596,3.5
2126,596,4.0
153,596,4.0
4128,596,2.5
219,596,3.5
1544,597,4.0
696,597,3.0
2452,597,3.0
1540,597,5.0
1573,597,4.0
2721,597,4.0
2169,597,5.0
3833,597,4.0
2184,597,2.0
3647,597,5.0
2993,597,5.0
557,597,5.0
3360,597,4.0
1994,597,2.0
300,597,3.0
4780,597,3.0
2371,597,4.0
4487,597,5.0
930,597,4.0
2204,597,5.0
678,597,3.0
810,597,5.0
3702,597,5.0
1545,597,4.0
283,597,2.0
645,597,2.0
3410,597,5.0
676,597,5.0
404,597,1.0
3834,597,5.0
1814,597,4.0
1728,597,4.0
2793,597,5.0
4461,597,4.0
2020,597,4.0
1698,597,4.0
280,597,5.0
1361,597,4.0
1362,597,4.0
4273,597,4.0
4274,597,4.0
2671,597,4.0
3154,597,4.0
426,597,4.0
3893,597,5.0
1886,597,3.0
287,597,1.0
1067,597,2.0
4012,597,4.0
3892,597,5.0
3169,597,2.0
3017,597,2.0
1705,597,4.0
4016,597,4.0
2220,597,4.0
4678,597,5.0
3934,597,5.0
4079,597,4.0
4147,597,4.0
4307,597,4.0
3449,597,5.0
2971,597,5.0
707,597,1.0
2517,597,5.0
3464,597,5.0
2526,597,4.0
4586,597,4.0
4297,597,5.0
3725,597,5.0
2406,597,5.0
2553,597,5.0
4082,597,5.0
1528,597,5.0
839,597,5.0
3162,597,5.0
2331,597,5.0
1666,597,4.0
2347,597,5.0
3745,597,5.0
2456,597,5.0
3243,597,5.0
2662,597,5.0
2288,597,5.0
2832,597,5.0
2493,597,4.0
3993,597,5.0
1008,597,5.0
3451,597,5.0
2458,597,5.0
1372,597,4.0
1616,597,5.0
574,597,4.0
429,597,3.0
3448,597,5.0
2812,597,5.0
3776,597,5.0
1039,597,2.0
2568,597,5.0
2327,597,5.0
1344,597,5.0
447,597,4.0
211,597,1.0
1033,597,3.0
443,597,3.0
946,597,4.0
456,597,3.0
388,597,3.0
1379,597,4.0
1377,597,5.0
2982,597,5.0
2575,597,5.0
2821,597,5.0
2216,597,5.0
2979,597,5.0
26,597,4.0
246,597,3.0
2540,597,4.0
1765,597,3.0
905,597,4.0
3638,597,4.0
1625,597,4.0
1023,597,5.0
150,597,1.0
165,597,4.0
2021,597,5.0
4439,597,4.0
4340,597,5.0
3453,597,5.0
3531,597,4.0
1532,597,4.0
1815,597,5.0
3311,597,4.0
4231,597,4.0
2412,597,5.0
1364,597,2.0
1167,597,3.0
1781,597,4.0
629,597,5.0
4720,597,5.0
3241,597,4.0
1700,597,3.0
549,597,2.0
4365,597,3.0
2533,597,4.0
2741,597,3.0
2111,597,4.0
2933,597,4.0
2923,597,5.0
397,597,2.0
25,597,5.0
25,597,5.0
3052,597,4.0
3027,597,5.0
1783,597,5.0
1108,597,2.0
2349,597,4.0
2438,597,4.0
3206,597,4.0
2672,597,2.0
920,597,3.0
3049,597,4.0
3477,597,3.0
1222,597,2.0
279,597,5.0
1561,597,3.0
2931,597,3.0
781,597,3.0
2742,597,3.0
3429,597,4.0
1492,597,2.0
3220,597,5.0
234,597,3.0
3586,597,4.0
814,597,4.0
1360,597,5.0
2813,597,5.0
2066,597,3.0
651,597,3.0
619,597,2.0
1612,597,4.0
830,597,2.0
3831,597,5.0
2530,597,5.0
2317,597,5.0
2519,597,5.0
1014,597,4.0
208,597,5.0
3535,597,5.0
3890,597,4.0
4077,597,5.0
4346,597,5.0
410,597,4.0
225,597,4.0
1716,597,4.0
3347,597,5.0
3166,597,4.0
3595,597,4.0
2018,597,3.0
3178,597,5.0
3577,598,1.0
900,598,1.0
389,598,4.0
277,598,5.0
2155,598,5.0
566,598,1.0
3242,598,5.0
114,598,5.0
3338,598,5.0
2669,598,4.0
97,598,5.0
250,598,5.0
1544,599,3.0
696,599,3.5
341,599,1.5
893,599,3.0
2452,599,3.5
3772,599,3.0
1553,599,3.0
616,599,1.5
1540,599,4.0
970,599,1.0
2721,599,3.0
3156,599,2.5
2382,599,3.0
2103,599,2.5
2169,599,2.5
2186,599,2.5
2153,599,2.5
3833,599,2.5
2184,599,3.5
2643,599,2.5
2687,599,1.5
646,599,2.0
1252,599,2.0
3647,599,2.5
2993,599,2.5
557,599,3.5
4344,599,3.5
1994,599,3.0
636,599,2.5
300,599,2.0
821,599,1.0
921,599,2.5
824,599,3.5
3353,599,3.5
356,599,3.0
536,599,1.5
1283,599,3.0
4223,599,2.5
3447,599,3.0
1253,599,1.5
1380,599,2.5
76,599,2.5
4023,599,4.5
4780,599,3.5
4228,599,3.0
2371,599,3.5
983,599,1.0
930,599,3.0
3236,599,5.0
1939,599,2.5
1305,599,4.0
2950,599,2.0
1628,599,3.0
2819,599,2.5
2204,599,3.0
678,599,3.0
810,599,3.5
3702,599,2.5
1545,599,3.0
1718,599,2.5
283,599,3.0
585,599,1.5
677,599,3.0
1407,599,2.5
953,599,2.0
645,599,2.0
3410,599,3.5
2545,599,2.0
676,599,4.0
404,599,3.0
835,599,2.0
3254,599,3.0
1814,599,3.0
2486,599,3.0
1246,599,2.5
2049,599,2.0
1728,599,4.5
1136,599,2.0
1839,599,2.5
2793,599,3.5
4461,599,2.0
2514,599,3.0
2020,599,2.5
1698,599,3.0
280,599,4.5
1361,599,3.5
1362,599,3.5
4273,599,3.5
4274,599,3.5
4265,599,3.5
1110,599,3.5
2671,599,3.0
3154,599,3.5
1303,599,2.0
1038,599,3.0
426,599,3.0
804,599,2.0
453,599,2.5
1087,599,3.0
384,599,2.5
2695,599,1.0
2341,599,1.0
4179,599,5.0
966,599,2.5
3893,599,3.5
1886,599,2.5
287,599,2.0
1498,599,2.5
1639,599,1.5
571,599,2.5
851,599,2.0
3514,599,3.0
978,599,1.5
3940,599,3.5
1067,599,2.0
1522,599,2.0
4012,599,3.0
3990,599,2.5
4336,599,4.0
3819,599,3.0
2970,599,5.0
4288,599,4.0
4227,599,3.0
3892,599,3.5
3743,599,3.0
1924,599,3.5
1316,599,2.0
2675,599,2.5
327,599,3.5
902,599,3.0
3452,599,2.5
33,599,3.5
3950,599,2.5
1705,599,4.0
4016,599,2.0
2220,599,2.5
4678,599,3.5
3934,599,3.0
4079,599,3.0
4307,599,5.0
3449,599,3.5
2795,599,4.0
2971,599,4.0
707,599,2.5
2517,599,2.5
3464,599,4.5
4586,599,4.5
4297,599,3.0
2608,599,3.5
2406,599,5.0
2553,599,4.0
1528,599,5.0
1850,599,4.0
839,599,5.0
3162,599,5.0
2948,599,4.5
2173,599,3.0
3181,599,3.5
2331,599,4.0
2347,599,3.5
3745,599,4.0
3795,599,4.0
1665,599,4.0
2456,599,4.0
3243,599,3.0
2662,599,4.0
2667,599,3.0
2288,599,3.5
3300,599,5.0
2493,599,3.5
3993,599,3.5
4056,599,4.0
4486,599,5.0
1008,599,4.0
2458,599,3.0
1372,599,2.5
3648,599,2.5
3739,599,3.0
1036,599,3.5
3533,599,3.0
728,599,2.5
574,599,2.5
1370,599,3.0
1753,599,3.0
1586,599,3.0
2818,599,3.0
2320,599,3.0
1962,599,3.5
429,599,4.5
2739,599,1.5
3448,599,3.0
2812,599,3.5
2065,599,1.0
474,599,3.0
903,599,4.0
1351,599,2.0
2824,599,3.0
2285,599,2.5
2376,599,4.0
241,599,1.5
3776,599,3.5
945,599,1.5
1397,599,3.0
1460,599,2.5
1039,599,2.5
2134,599,2.0
1061,599,2.0
377,599,1.5
2327,599,3.5
447,599,3.0
211,599,1.5
443,599,3.5
366,599,2.0
380,599,3.5
2546,599,3.0
771,599,3.0
1194,599,2.5
456,599,2.5
2495,599,1.0
388,599,2.5
1377,599,3.5
593,599,3.0
3996,599,3.0
4638,599,3.5
2408,599,2.0
802,599,3.0
1354,599,3.5
2982,599,2.5
990,599,2.5
2575,599,4.0
2821,599,2.5
301,599,3.0
1614,599,1.5
741,599,3.0
1213,599,2.5
2216,599,3.0
2979,599,4.5
1421,599,3.5
26,599,3.0
246,599,2.5
2825,599,4.0
1741,599,3.0
2540,599,3.0
1765,599,2.5
604,599,2.0
3259,599,2.5
1095,599,2.0
550,599,2.5
905,599,3.5
1339,599,3.0
3738,599,3.0
2148,599,3.0
657,599,3.5
828,599,2.5
1892,599,2.5
3638,599,2.5
433,599,2.0
1625,599,4.0
2313,599,4.0
458,599,1.5
3015,599,2.5
1023,599,2.5
150,599,3.0
165,599,2.5
1193,599,2.0
4745,599,4.0
2021,599,3.0
4439,599,4.5
3454,599,3.0
2996,599,2.0
3829,599,2.5
4340,599,4.0
1532,599,3.0
1815,599,3.5
4231,599,2.5
2412,599,3.0
3171,599,2.0
2752,599,1.5
1399,599,2.5
1364,599,2.0
2915,599,3.0
954,599,3.5
1154,599,3.5
1167,599,1.5
4448,599,3.0
629,599,3.5
1721,599,1.0
4720,599,4.0
3241,599,2.5
1700,599,3.5
549,599,3.0
432,599,2.0
2129,599,2.0
3883,599,3.0
1058,599,3.5
4365,599,2.5
2533,599,3.5
2768,599,2.0
2842,599,3.0
4646,599,2.0
1138,599,3.0
4123,599,1.5
841,599,3.0
2111,599,4.0
471,599,2.5
2933,599,3.0
2923,599,2.5
790,599,1.5
542,599,2.5
4379,599,2.5
2172,599,2.0
3061,599,4.0
1878,599,3.5
397,599,2.5
2873,599,2.5
4795,599,0.5
25,599,3.0
1917,599,2.5
3700,599,2.5
3052,599,1.5
582,599,2.5
3027,599,5.0
1783,599,4.0
1108,599,3.0
795,599,2.0
639,599,2.5
1250,599,2.0
2461,599,2.0
1646,599,2.0
3206,599,3.5
2672,599,3.0
2985,599,2.5
920,599,3.5
1417,599,2.5
1585,599,1.5
3049,599,4.0
1222,599,1.5
279,599,4.0
3905,599,3.0
4018,599,2.5
1561,599,2.5
2931,599,2.5
781,599,2.5
2742,599,3.0
3429,599,3.0
1492,599,2.0
3220,599,3.0
2087,599,2.5
626,599,2.0
2629,599,3.0
1026,599,4.0
234,599,3.0
814,599,4.0
871,599,4.0
1298,599,1.5
2436,599,1.5
1122,599,2.5
846,599,1.5
1360,599,3.5
1542,599,2.5
71,599,1.0
2813,599,2.5
2066,599,3.0
1979,599,2.5
3050,599,1.5
719,599,2.0
619,599,2.0
1612,599,3.0
3831,599,3.5
2530,599,2.5
2317,599,3.5
1214,599,2.5
3372,599,2.0
2845,599,1.5
2519,599,5.0
2627,599,2.5
1014,599,3.5
208,599,3.0
3937,599,3.0
3342,599,3.5
3890,599,4.0
4077,599,3.0
4346,599,2.5
2089,599,2.5
663,599,5.0
2829,599,3.0
1519,599,3.5
225,599,4.0
1716,599,2.0
1133,599,2.0
3347,599,2.5
3166,599,3.0
2289,599,1.5
2756,599,4.0
418,599,2.0
2018,599,4.0
3178,599,3.0
3008,599,2.5
1500,599,4.5
1610,599,2.5
297,599,1.5
1525,599,3.0
2322,599,1.0
1335,599,5.0
713,599,2.5
892,599,3.5
1055,599,3.0
1977,599,3.0
776,599,2.0
3703,599,3.0
1510,599,2.0
2095,599,2.5
1051,599,3.5
833,599,2.5
3177,599,2.0
1998,599,2.5
1430,599,3.0
4528,599,3.5
4104,599,3.0
374,599,1.5
1183,599,3.5
910,599,2.5
1996,599,1.5
3889,599,2.5
3465,599,2.0
3542,599,4.0
239,599,3.5
1830,599,3.0
2072,599,2.5
4221,599,2.5
2730,599,2.5
1840,599,3.0
2614,599,2.5
2090,599,3.5
2178,599,3.0
2151,599,3.0
573,599,3.0
1538,599,2.5
1981,599,0.5
2330,599,4.0
3455,599,3.0
275,599,3.5
2376,599,2.5
2460,599,2.5
834,599,2.5
4003,599,3.5
1789,599,2.0
3741,599,1.0
1415,599,3.0
4677,599,3.5
2999,599,3.5
2376,599,3.0
3898,599,3.0
1921,599,4.0
896,599,1.5
3582,599,0.5
1968,599,2.0
512,599,3.5
347,599,1.5
1062,599,1.5
367,599,1.5
644,599,2.0
3792,599,2.5
2983,599,2.0
766,599,3.5
3463,599,2.5
4348,599,3.0
3084,599,1.5
1256,599,3.5
812,599,2.5
3707,599,5.0
1019,599,2.5
1228,599,2.5
2570,599,0.5
351,599,2.0
472,599,1.5
488,599,1.5
3340,599,2.5
546,599,2.5
2451,599,3.0
2674,599,3.5
2909,599,3.0
1835,599,2.5
2738,599,2.0
3476,599,2.5
1114,599,2.0
385,599,2.5
1793,599,3.5
1007,599,2.0
3269,599,2.5
652,599,2.5
1925,599,3.0
3469,599,1.5
2092,599,3.5
2513,599,3.5
1243,599,2.5
1135,599,2.0
2473,599,2.0
2010,599,2.0
402,599,2.5
3577,599,4.5
1584,599,3.0
1276,599,2.0
2472,599,1.5
1885,599,0.5
1853,599,3.5
1441,599,2.5
900,599,2.5
876,599,2.5
111,599,2.0
469,599,2.5
309,599,3.0
2516,599,3.5
333,599,2.5
364,599,2.5
3732,599,3.5
702,599,1.0
1863,599,3.5
1056,599,1.5
169,599,1.5
3627,599,2.5
3755,599,3.5
2521,599,2.5
2995,599,2.5
2926,599,2.5
1034,599,2.0
3536,599,3.0
3011,599,2.5
2366,599,1.5
346,599,2.5
1543,599,1.5
605,599,1.5
1016,599,2.0
2769,599,1.5
2042,599,2.5
1099,599,1.5
1054,599,3.0
937,599,2.5
2935,599,0.5
2630,599,4.5
1017,599,2.5
3712,599,3.5
2356,599,3.0
232,599,2.5
1182,599,2.5
3492,599,2.5
373,599,2.5
4200,599,2.5
4120,599,3.5
2350,599,2.0
389,599,4.0
2547,599,2.5
576,599,3.5
2130,599,2.5
2837,599,2.0
1018,599,1.5
321,599,2.5
2335,599,3.0
3747,599,2.5
2346,599,2.0
3033,599,3.5
2641,599,3.0
2949,599,2.0
2770,599,2.0
991,599,1.0
4299,599,3.0
1414,599,2.5
580,599,2.0
1398,599,2.5
865,599,3.5
2864,599,2.5
998,599,2.5
1012,599,2.5
3460,599,2.5
2515,599,3.5
160,599,3.5
2681,599,2.0
1759,599,2.5
231,599,3.0
1035,599,2.5
276,599,2.5
4639,599,2.0
747,599,2.5
445,599,3.0
674,599,1.5
565,599,2.0
2833,599,2.5
207,599,2.5
3185,599,3.0
3910,599,1.5
3773,599,2.5
2511,599,3.0
498,599,2.5
2599,599,2.5
2479,599,2.0
3897,599,4.5
1898,599,3.5
3252,599,3.0
1143,599,2.5
277,599,3.0
2957,599,2.0
1030,599,2.5
2310,599,3.0
2256,599,2.5
756,599,2.5
1569,599,1.5
3705,599,3.5
317,599,3.0
3320,599,2.5
2449,599,3.0
884,599,3.0
1541,599,2.0
2124,599,2.5
1691,599,3.0
3396,599,3.5
2612,599,2.5
1969,599,3.0
530,599,2.0
3364,599,2.5
1204,599,2.0
2600,599,2.0
2268,599,2.5
541,599,2.5
3244,599,3.0
166,599,3.0
94,599,2.5
200,599,2.5
187,599,1.5
383,599,2.5
872,599,1.5
1781,599,2.5
1826,599,2.5
4093,599,2.5
3034,599,3.0
3000,599,3.0
1704,599,2.0
3744,599,5.0
2390,599,1.5
1261,599,2.0
2032,599,2.5
4375,599,2.5
3515,599,2.5
3186,599,3.0
1559,599,3.5
757,599,2.5
829,599,5.0
4617,599,3.5
1044,599,1.5
3491,599,2.5
1497,599,3.0
172,599,3.0
2326,599,3.0
2820,599,2.5
1424,599,3.0
665,599,2.0
1785,599,3.5
2831,599,2.0
1798,599,2.5
1458,599,2.5
3489,599,3.0
2746,599,1.5
4096,599,3.0
1710,599,3.0
2155,599,3.0
1419,599,2.5
729,599,3.5
1710,599,4.5
831,599,4.0
725,599,2.5
1746,599,2.5
1345,599,2.5
4622,599,4.5
2083,599,4.0
1245,599,2.5
2830,599,1.5
1776,599,2.0
3115,599,1.0
1551,599,2.0
2104,599,2.0
3450,599,3.5
31,599,3.5
4094,599,3.0
1849,599,2.5
4022,599,3.0
715,599,3.0
1632,599,1.5
1078,599,3.0
957,599,2.0
3601,599,3.0
2048,599,2.5
4803,599,3.0
2139,599,3.0
2242,599,2.0
1411,599,2.5
248,599,2.5
655,599,1.5
3821,599,2.0
1361,599,3.0
1362,599,3.0
4273,599,3.0
4274,599,3.0
3972,599,3.0
3010,599,3.0
2969,599,1.5
3946,599,4.0
3435,599,3.0
3109,599,2.5
669,599,1.5
816,599,2.5
3854,599,2.0
1179,599,3.5
268,599,3.0
3079,599,2.0
230,599,3.0
4322,599,2.5
249,599,2.5
4125,599,3.5
120,599,3.0
780,599,2.0
243,599,2.5
1378,599,2.0
1296,599,3.5
1516,599,3.0
994,599,2.5
4326,599,2.0
826,599,1.5
3781,599,2.5
2628,599,3.5
3318,599,2.5
941,599,2.5
2033,599,2.5
156,599,2.5
4317,599,2.5
3624,599,2.5
1112,599,2.5
1466,599,1.0
2537,599,1.0
4135,599,3.0
2438,599,2.5
1636,599,0.5
933,599,3.5
3315,599,2.5
919,599,2.5
2163,599,0.5
2512,599,2.5
2392,599,2.5
3430,599,2.5
4443,599,3.0
948,599,2.5
140,599,3.0
2167,599,2.5
3287,599,2.5
34,599,2.5
13,599,2.5
1254,599,3.0
11,599,3.0
3242,599,2.5
2136,599,3.0
555,599,2.5
1606,599,2.5
2856,599,2.5
2823,599,2.0
4492,599,3.0
2318,599,3.0
511,599,4.0
2872,599,1.5
278,599,3.0
1673,599,1.0
119,599,3.0
218,599,2.5
2611,599,3.0
2474,599,3.0
422,599,3.0
692,599,1.5
688,599,3.0
2180,599,3.0
881,599,3.0
1277,599,4.0
6,599,2.5
1747,599,2.5
2,599,2.5
399,599,2.5
3292,599,3.0
3172,599,3.0
112,599,3.0
2884,599,3.0
2395,599,2.5
1072,599,2.5
1607,599,2.5
1832,599,3.0
117,599,2.5
2246,599,3.0
1858,599,3.0
1829,599,3.0
421,599,3.5
2157,599,2.5
69,599,3.0
3379,599,3.0
1818,599,2.5
54,599,2.0
58,599,4.0
116,599,2.0
164,599,3.0
640,599,2.5
354,599,2.5
1332,599,2.5
3007,599,2.5
2669,599,3.5
12,599,2.5
752,599,2.5
3143,599,3.0
572,599,3.5
2203,599,1.5
3628,599,3.0
123,599,2.5
159,599,3.5
1601,599,2.5
67,599,3.0
3343,599,2.5
1557,599,3.0
4671,599,3.5
4363,599,3.0
3226,599,3.5
477,599,2.5
1991,599,3.0
1568,599,3.0
1259,599,3.0
1318,599,3.0
1,599,2.5
357,599,3.0
894,599,2.0
1520,599,2.0
1769,599,0.5
1346,599,2.0
93,599,2.5
1723,599,3.0
80,599,3.5
3823,599,2.5
51,599,2.0
43,599,2.5
1203,599,2.5
615,599,3.0
97,599,3.0
412,599,2.5
2806,599,3.0
2211,599,3.5
2061,599,2.5
712,599,3.0
2351,599,4.0
2733,599,4.0
345,599,2.5
3391,599,3.0
1368,599,3.0
40,599,3.5
861,599,2.5
1197,599,2.5
1219,599,1.5
446,599,2.5
1509,599,3.0
548,599,2.0
3948,599,2.5
1613,599,3.5
130,599,2.5
18,599,2.5
1582,599,3.5
2784,599,3.0
102,599,2.5
3887,599,3.5
909,599,3.5
1615,599,1.5
2561,599,3.5
170,599,3.0
926,599,3.5
336,599,3.0
1247,599,3.0
721,599,2.5
929,599,3.5
2083,599,3.0
2462,599,2.5
3684,599,3.0
1402,599,2.5
2717,599,3.0
1943,599,3.0
206,599,3.0
3108,599,2.5
154,599,3.0
922,599,2.5
2005,599,3.0
1121,599,2.5
3953,599,1.5
134,599,2.0
221,599,3.5
2464,599,4.0
625,599,2.5
904,599,2.0
3345,599,2.0
30,599,3.5
1571,599,3.5
4028,599,2.5
416,599,3.5
2725,599,3.0
302,599,3.0
2074,599,3.0
4738,599,3.0
1570,599,2.5
288,599,3.5
3860,599,3.0
229,599,3.0
32,599,3.0
48,599,3.0
3254,599,3.0
15,599,2.5
52,599,3.0
2338,599,3.0
240,599,3.0
2108,599,3.5
127,599,2.5
2955,599,3.0
1151,599,3.5
2000,599,3.0
1288,599,3.5
225,599,2.5
96,599,3.5
86,599,3.0
1155,599,3.0
47,599,3.5
1231,599,1.0
75,599,3.5
3871,599,3.0
694,599,3.5
83,599,3.0
95,599,3.5
89,599,2.0
2755,599,3.5
2715,599,2.5
2228,599,3.0
4080,599,3.5
128,599,4.0
8,599,2.5
183,599,2.5
789,599,3.5
27,599,2.5
65,599,2.5
685,599,3.0
1475,599,1.0
271,599,3.5
57,599,3.0
2357,599,3.5
3888,599,3.0
1599,599,3.0
3275,599,3.0
3644,599,3.0
2126,599,3.5
502,599,3.0
1378,599,2.0
2831,599,2.0
3193,599,3.0
252,599,2.0
1544,600,2.5
2452,600,3.5
1553,600,3.0
1573,600,2.0
2721,600,3.0
1530,600,2.5
3647,600,4.5
2993,600,3.0
557,600,2.0
1994,600,2.5
636,600,2.0
1729,600,3.0
921,600,2.5
824,600,1.0
356,600,2.5
1253,600,1.0
76,600,2.0
4780,600,2.5
827,600,2.0
3635,600,4.5
2535,600,3.0
1567,600,3.5
930,600,2.5
3236,600,4.5
1939,600,1.5
1305,600,3.0
2950,600,4.0
2819,600,3.0
678,600,2.0
810,600,4.0
3702,600,1.0
1545,600,2.0
283,600,3.0
676,600,3.0
1814,600,4.0
2486,600,2.0
1821,600,3.0
4461,600,4.0
2020,600,3.0
1698,600,3.5
280,600,3.0
1361,600,2.5
1362,600,2.5
4273,600,2.5
4274,600,2.5
4265,600,3.0
1110,600,2.5
426,600,3.0
453,600,1.0
1087,600,2.5
384,600,2.5
4179,600,4.5
966,600,0.5
3893,600,3.5
2751,600,3.5
4012,600,4.5
4336,600,2.5
2407,600,4.5
2970,600,4.0
3892,600,2.0
2675,600,2.0
327,600,3.0
3452,600,3.0
3017,600,3.0
33,600,3.0
3950,600,2.5
1705,600,3.0
4016,600,2.5
2220,600,4.5
4678,600,1.0
3934,600,5.0
4079,600,3.5
2971,600,2.0
4586,600,4.5
4297,600,0.5
2608,600,5.0
2406,600,2.0
1850,600,2.0
839,600,2.5
3162,600,2.5
2173,600,4.0
3745,600,5.0
2456,600,2.5
3243,600,3.0
2662,600,4.0
2288,600,4.5
3300,600,3.5
3993,600,4.0
4056,600,2.5
1008,600,4.0
2458,600,2.5
1616,600,4.0
1036,600,4.0
574,600,3.0
1370,600,3.5
3448,600,3.5
474,600,2.0
903,600,3.5
2824,600,2.0
2285,600,3.0
3776,600,4.0
1039,600,3.5
1061,600,2.0
2327,600,3.0
447,600,1.0
1033,600,2.5
443,600,2.5
366,600,2.0
946,600,1.0
388,600,2.5
1379,600,3.0
1377,600,3.0
4638,600,2.5
2408,600,2.0
2575,600,3.5
2821,600,3.0
301,600,0.5
1213,600,1.0
2216,600,4.0
1421,600,1.0
1964,600,2.5
26,600,3.0
905,600,3.0
828,600,2.0
3015,600,2.5
150,600,2.0
4745,600,3.5
2021,600,3.0
4340,600,2.0
1815,600,3.5
3311,600,2.0
3171,600,2.0
1399,600,3.0
2641,600,4.0
1154,600,4.5
1167,600,4.5
1781,600,3.0
4448,600,3.0
1081,600,3.0
2584,600,2.0
1700,600,3.5
1787,600,3.0
564,600,4.0
432,600,4.0
3883,600,3.5
1058,600,1.5
2533,600,4.5
2679,600,2.5
2111,600,4.5
705,600,2.5
471,600,3.5
2923,600,3.0
3943,600,2.5
4379,600,3.5
3061,600,4.0
408,600,3.5
486,600,1.5
639,600,1.0
906,600,2.5
1250,600,2.5
3206,600,3.0
2985,600,1.5
1417,600,4.0
3939,600,1.0
3049,600,4.5
2911,600,3.5
279,600,2.5
3905,600,2.0
2931,600,1.0
2742,600,3.0
3429,600,3.0
2629,600,2.0
1026,600,2.5
234,600,1.0
814,600,3.5
1298,600,3.5
1360,600,2.5
1537,600,2.5
71,600,2.0
2813,600,1.5
651,600,3.0
3050,600,2.5
619,600,3.5
568,600,1.5
1612,600,3.5
2482,600,3.5
2766,600,2.5
3831,600,3.5
2530,600,3.5
2317,600,4.0
1504,600,1.0
2519,600,4.5
1153,600,2.5
3257,600,1.5
2682,600,3.0
208,600,2.0
517,600,4.0
2089,600,3.0
663,600,4.5
2829,600,5.0
225,600,2.0
2756,600,4.5
3008,600,3.5
344,600,2.0
269,600,3.0
1335,600,3.5
892,600,3.0
1977,600,4.0
1510,600,2.5
1051,600,2.5
910,600,2.0
1996,600,2.5
239,600,4.0
1830,600,3.0
2090,600,4.0
2151,600,3.0
3818,600,2.0
3261,600,3.5
4003,600,4.0
874,600,1.0
896,600,3.5
512,600,3.0
4081,600,4.0
414,600,1.0
1062,600,1.0
367,600,1.0
2983,600,2.0
766,600,3.5
2802,600,3.5
3463,600,4.5
3707,600,3.5
1019,600,4.0
472,600,3.5
546,600,2.0
1045,600,2.0
1793,600,4.0
652,600,2.5
3577,600,4.0
1366,600,3.5
1584,600,4.0
1834,600,4.0
1441,600,3.0
900,600,3.5
876,600,4.0
111,600,2.0
2516,600,4.5
364,600,3.5
2319,600,2.5
2521,600,3.0
2995,600,4.0
1034,600,2.0
3536,600,4.0
3488,600,5.0
279,600,2.0
2366,600,3.5
1543,600,1.5
2042,600,2.5
2994,600,0.5
937,600,1.0
1719,600,4.5
3165,600,1.0
232,600,3.0
1182,600,3.0
389,600,1.0
576,600,3.5
1195,600,1.5
991,600,1.5
1414,600,2.5
4302,600,1.0
3460,600,2.0
160,600,3.5
231,600,1.0
674,600,2.5
2833,600,3.0
207,600,3.5
3773,600,4.0
3897,600,3.5
1898,600,3.0
277,600,4.0
2310,600,5.0
823,600,3.0
1569,600,0.5
317,600,2.5
2449,600,3.0
1541,600,4.0
1691,600,3.0
911,600,2.5
329,600,4.0
3244,600,3.0
3307,600,3.0
4093,600,3.0
3034,600,3.0
2379,600,3.5
829,600,4.5
4786,600,2.0
1785,600,3.0
584,600,3.5
3571,600,3.5
1159,600,1.0
1978,600,0.5
516,600,3.0
3444,600,2.5
2155,600,5.0
1159,600,1.5
831,600,4.5
1581,600,3.0
2333,600,3.5
566,600,3.0
192,600,4.0
4582,600,3.0
4749,600,3.0
31,600,3.0
267,600,0.5
3601,600,4.5
2048,600,5.0
2410,600,3.5
1845,600,2.0
292,600,1.0
1411,600,3.5
248,600,1.0
2400,600,2.0
118,600,3.0
689,600,3.0
2987,600,3.0
746,600,1.5
1179,600,2.0
230,600,1.0
249,600,2.0
120,600,2.5
1597,600,3.0
3781,600,3.0
1727,600,2.0
115,600,4.0
2572,600,4.0
933,600,0.5
948,600,2.0
140,600,3.0
13,600,4.0
3242,600,4.5
2136,600,2.5
3760,600,3.5
1606,600,4.0
2318,600,4.5
511,600,4.0
879,600,1.0
298,600,1.0
212,600,4.0
2,600,4.0
399,600,1.0
2017,600,2.0
1593,600,1.5
2181,600,1.5
2213,600,4.0
723,600,4.0
1544,601,4.0
1821,601,5.0
4336,601,4.0
3892,601,4.5
4586,601,4.0
3725,601,4.0
4609,601,5.0
4082,601,4.0
366,601,3.5
2979,601,4.5
26,601,4.0
150,601,4.0
629,601,5.0
663,601,5.0
344,601,3.5
275,601,4.5
3577,601,5.0
900,601,4.0
232,601,5.0
389,601,4.5
276,601,4.0
884,601,4.5
329,601,5.0
2155,601,4.5
120,601,4.5
933,601,4.0
3242,601,3.5
278,601,4.0
119,601,5.0
69,601,5.0
58,601,5.0
2669,601,4.0
572,601,4.0
67,601,5.0
1557,601,4.5
60,601,4.0
1,601,4.0
440,601,4.5
2161,601,4.0
93,601,5.0
43,601,4.0
97,601,5.0
3267,601,4.0
56,601,4.0
288,601,4.0
96,601,5.0
694,601,4.0
95,601,4.0
89,601,4.5
2525,601,4.0
78,601,5.0
3871,601,5.0
696,602,3.0
1093,602,5.0
893,602,3.0
1553,602,2.0
1540,602,4.0
2141,602,3.0
3749,602,4.0
1573,602,1.0
2930,602,3.0
2721,602,5.0
2169,602,5.0
646,602,3.0
1252,602,3.0
557,602,5.0
3360,602,3.0
636,602,4.0
1729,602,4.0
300,602,4.0
821,602,3.0
921,602,3.0
824,602,4.0
3353,602,3.0
356,602,5.0
1283,602,3.0
1253,602,2.0
737,602,4.0
76,602,3.0
4023,602,3.0
1893,602,3.0
827,602,3.0
2371,602,4.0
4487,602,3.0
1567,602,4.0
930,602,3.0
3236,602,5.0
1305,602,3.0
2950,602,5.0
2819,602,2.0
678,602,4.0
810,602,3.0
3702,602,4.0
1545,602,4.0
283,602,3.0
645,602,3.0
676,602,4.0
4236,602,3.0
835,602,4.0
1814,602,4.0
2486,602,3.0
1821,602,5.0
1839,602,2.0
2793,602,3.0
2514,602,1.0
2020,602,4.0
280,602,5.0
2281,602,3.0
1361,602,4.0
1362,602,4.0
4273,602,4.0
4274,602,4.0
2671,602,2.0
1038,602,3.0
426,602,4.0
287,602,4.0
1544,603,4.0
893,603,4.0
2452,603,3.0
1540,603,5.0
3749,603,4.0
1573,603,4.0
2930,603,4.0
2721,603,5.0
2169,603,4.0
2186,603,2.0
1530,603,1.0
2184,603,4.0
3647,603,4.0
557,603,1.0
4344,603,5.0
3360,603,4.0
1994,603,4.0
300,603,1.0
3353,603,5.0
4223,603,5.0
1491,603,3.0
1253,603,4.0
4023,603,5.0
4780,603,3.0
4228,603,4.0
2371,603,4.0
4487,603,4.0
2535,603,4.0
3236,603,5.0
769,603,3.0
2204,603,5.0
810,603,3.0
3702,603,4.0
1545,603,5.0
283,603,2.0
3410,603,5.0
404,603,1.0
2486,603,4.0
4462,603,3.0
1821,603,3.0
2765,603,2.0
2035,603,4.0
1728,603,3.0
2793,603,4.0
4461,603,4.0
2020,603,3.0
2281,603,3.0
1361,603,2.0
1362,603,2.0
4273,603,2.0
4274,603,2.0
2671,603,3.0
3154,603,1.0
426,603,2.0
3218,603,5.0
3893,603,2.0
1886,603,3.0
3603,603,4.0
4372,603,4.0
3843,603,2.0
3514,603,4.0
978,603,4.0
3940,603,4.0
1067,603,1.0
3706,603,5.0
4012,603,4.0
3990,603,4.0
4336,603,5.0
2407,603,5.0
3819,603,4.0
2970,603,5.0
4288,603,4.0
4227,603,5.0
4502,603,4.0
264,603,4.0
3743,603,5.0
3452,603,4.0
1705,603,4.0
4016,603,3.0
4278,603,4.0
2220,603,3.0
4678,603,4.0
1107,603,3.0
3934,603,3.0
4079,603,4.0
4147,603,2.0
4307,603,5.0
2971,603,4.0
707,603,1.0
2517,603,1.0
3464,603,4.0
2526,603,3.0
4297,603,4.0
3725,603,4.0
2608,603,5.0
2406,603,4.0
1528,603,5.0
1850,603,4.0
839,603,5.0
3162,603,5.0
2173,603,5.0
3181,603,2.0
2331,603,4.0
1666,603,4.0
2347,603,5.0
3745,603,4.0
3795,603,5.0
2456,603,3.0
2662,603,5.0
2288,603,2.0
3300,603,1.0
3993,603,5.0
4486,603,5.0
358,603,4.0
1008,603,3.0
3451,603,4.0
2458,603,4.0
1372,603,4.0
1372,603,5.0
1616,603,3.0
2797,603,4.0
3680,603,4.0
2818,603,1.0
1962,603,1.0
429,603,2.0
2739,603,1.0
3448,603,4.0
2812,603,4.0
474,603,5.0
2285,603,5.0
3776,603,2.0
1397,603,3.0
3932,603,4.0
1460,603,3.0
2568,603,4.0
2327,603,4.0
1033,603,1.0
443,603,5.0
2546,603,3.0
4783,603,4.0
4021,603,4.0
1377,603,5.0
4638,603,5.0
802,603,3.0
1354,603,4.0
2982,603,3.0
2575,603,5.0
2821,603,4.0
301,603,5.0
3470,603,4.0
741,603,4.0
2216,603,5.0
2979,603,3.0
1421,603,1.0
1964,603,3.0
26,603,3.0
2825,603,3.0
2540,603,5.0
1765,603,2.0
2148,603,2.0
4371,603,2.0
3638,603,5.0
4118,603,4.0
1625,603,3.0
2313,603,3.0
1023,603,5.0
4092,603,2.0
2021,603,4.0
4439,603,5.0
3454,603,5.0
4342,603,4.0
4340,603,4.0
3453,603,4.0
3531,603,4.0
1532,603,3.0
4579,603,4.0
2412,603,4.0
1399,603,4.0
2915,603,1.0
1154,603,1.0
1781,603,2.0
1960,603,4.0
629,603,5.0
4720,603,4.0
3241,603,4.0
1700,603,3.0
564,603,4.0
3883,603,4.0
1058,603,4.0
4365,603,4.0
2533,603,4.0
3911,603,3.0
2741,603,3.0
841,603,1.0
2111,603,4.0
882,603,4.0
3943,603,4.0
3061,603,3.0
1878,603,4.0
3192,603,3.0
2873,603,1.0
1917,603,1.0
3484,603,4.0
3027,603,5.0
1783,603,2.0
639,603,2.0
906,603,1.0
2336,603,1.0
3206,603,1.0
2985,603,2.0
3939,603,4.0
3477,603,3.0
3354,603,4.0
279,603,4.0
3905,603,4.0
4182,603,4.0
4199,603,4.0
4018,603,4.0
1561,603,4.0
781,603,2.0
2742,603,3.0
3429,603,4.0
1492,603,1.0
3220,603,5.0
2087,603,5.0
626,603,3.0
1026,603,1.0
234,603,1.0
814,603,2.0
871,603,1.0
1122,603,4.0
3229,603,4.0
1360,603,4.0
2041,603,4.0
2813,603,2.0
2066,603,4.0
651,603,3.0
619,603,4.0
568,603,2.0
4534,603,2.0
863,603,4.0
2940,603,3.0
2492,603,2.0
2317,603,3.0
1504,603,1.0
2845,603,3.0
2519,603,5.0
4652,603,4.0
1651,603,1.0
1695,603,3.0
1014,603,3.0
4202,603,4.0
4085,603,5.0
208,603,4.0
517,603,4.0
1480,603,3.0
3937,603,4.0
3890,603,4.0
4077,603,3.0
4346,603,4.0
663,603,4.0
2829,603,2.0
410,603,4.0
1519,603,3.0
225,603,4.0
1716,603,1.0
3347,603,3.0
3166,603,3.0
2756,603,5.0
2640,603,3.0
2670,603,2.0
1610,603,4.0
297,603,3.0
1775,603,4.0
1335,603,4.0
892,603,1.0
1055,603,4.0
1352,603,3.0
3703,603,3.0
1390,603,4.0
2095,603,1.0
3274,603,4.0
1166,603,1.0
3177,603,4.0
1998,603,4.0
1430,603,5.0
2481,603,1.0
4474,603,4.0
1183,603,3.0
910,603,4.0
3889,603,4.0
4704,603,4.0
3542,603,5.0
3032,603,3.0
2730,603,2.0
1840,603,3.0
2090,603,3.0
2151,603,1.0
1368,603,3.0
3261,603,5.0
3606,603,5.0
3455,603,2.0
275,603,4.0
2352,603,3.0
214,603,3.0
3255,603,3.0
1534,603,1.0
4677,603,4.0
2999,603,2.0
1921,603,3.0
874,603,4.0
896,603,1.0
3462,603,5.0
4081,603,3.0
351,603,4.0
4303,603,3.0
2724,603,2.0
546,603,1.0
661,603,4.0
2909,603,4.0
1835,603,2.0
3476,603,4.0
1793,603,3.0
1725,603,1.0
1007,603,4.0
1243,603,1.0
402,603,3.0
3577,603,5.0
1366,603,1.0
1584,603,2.0
3732,603,4.0
4069,603,4.0
2892,603,4.0
3536,603,4.0
279,603,1.0
1835,603,1.0
4240,603,4.0
2956,603,4.0
1317,603,2.0
4489,603,4.0
1054,603,4.0
3152,603,4.0
1536,603,1.0
1717,603,1.0
1544,604,3.0
1093,604,4.0
2452,604,4.0
1553,604,1.0
2141,604,3.0
970,604,4.0
3749,604,3.0
1573,604,4.0
2721,604,3.0
1530,604,4.0
1032,604,3.0
646,604,4.0
2993,604,3.0
557,604,3.0
4344,604,4.0
1729,604,3.0
300,604,3.0
821,604,4.0
356,604,4.0
536,604,3.0
1283,604,3.0
1253,604,3.0
1380,604,3.0
76,604,3.0
4780,604,4.0
1893,604,3.0
4228,604,3.0
2371,604,3.0
2535,604,4.0
930,604,3.0
3236,604,5.0
1939,604,5.0
1305,604,3.0
3471,604,3.0
2819,604,2.0
283,604,3.0
953,604,3.0
645,604,4.0
1839,604,4.0
1698,604,3.0
1361,604,4.0
1362,604,4.0
4273,604,4.0
4274,604,4.0
3154,604,5.0
1303,604,4.0
2695,604,4.0
1544,605,4.0
557,605,3.0
636,605,5.0
300,605,4.0
3236,605,2.0
810,605,3.0
283,605,3.0
676,605,3.0
2020,605,3.0
1698,605,3.5
280,605,3.5
2281,605,3.0
1361,605,3.0
1362,605,3.0
4273,605,3.0
4274,605,3.0
4265,605,3.0
1110,605,2.5
804,605,2.0
327,605,3.0
3452,605,4.0
33,605,1.0
3934,605,4.0
2288,605,4.0
2493,605,3.0
429,605,4.0
2376,605,3.0
2327,605,4.0
211,605,3.0
817,605,4.0
388,605,3.0
3470,605,3.5
1248,605,3.0
150,605,3.0
1154,605,4.0
1167,605,4.0
1721,605,3.0
3241,605,3.0
1787,605,3.5
1912,605,3.0
2533,605,3.5
2111,605,3.5
744,605,2.0
468,605,3.0
2742,605,5.0
871,605,3.0
2436,605,2.0
1360,605,4.0
2766,605,4.0
3831,605,5.0
2317,605,4.5
517,605,3.0
3008,605,2.0
344,605,3.5
537,605,3.0
573,605,3.5
1688,605,3.5
394,605,3.0
900,605,3.5
359,605,3.0
364,605,1.0
2995,605,3.0
1034,605,4.0
232,605,3.0
1405,605,2.5
1414,605,3.0
674,605,3.0
2580,605,3.0
277,605,3.5
424,605,3.0
200,605,5.0
1781,605,2.5
1851,605,3.0
2032,605,3.5
1124,605,2.0
516,605,2.0
729,605,3.0
1426,605,3.5
1581,605,3.0
192,605,4.0
304,605,2.0
860,605,3.0
113,605,1.0
1361,605,3.0
1362,605,3.0
4273,605,3.0
4274,605,3.0
3729,605,4.5
118,605,2.5
230,605,2.0
120,605,3.5
243,605,3.5
793,605,1.0
1597,605,3.0
115,605,3.5
1112,605,3.0
1852,605,3.0
2849,605,1.0
13,605,3.0
11,605,3.0
244,605,4.0
1454,605,2.5
293,605,3.0
2631,605,2.0
688,605,3.0
2453,605,3.0
212,605,3.0
2,605,2.5
114,605,3.5
1082,605,4.0
592,605,4.0
1593,605,3.0
1877,605,3.0
392,605,3.5
1563,605,4.0
1324,605,3.5
193,605,3.0
1339,605,3.0
782,605,3.0
3664,605,3.5
129,605,3.5
9,605,4.5
1268,605,2.0
1,605,3.5
342,605,3.0
93,605,4.0
207,605,2.5
51,605,3.5
1544,606,2.5
341,606,3.5
2452,606,4.0
3772,606,4.0
1553,606,2.0
2930,606,3.5
2184,606,4.0
1032,606,3.5
557,606,3.5
4344,606,3.5
536,606,2.5
4223,606,3.5
4023,606,4.0
4780,606,4.5
1893,606,4.0
827,606,3.0
2371,606,3.5
2535,606,3.5
1567,606,3.0
3236,606,5.0
2950,606,4.0
810,606,4.0
3702,606,4.0
585,606,2.5
676,606,2.5
3254,606,4.5
1814,606,3.0
2486,606,3.5
1821,606,5.0
1728,606,5.0
2020,606,4.0
280,606,3.5
2281,606,4.0
1361,606,3.5
1362,606,3.5
4273,606,3.5
4274,606,3.5
4265,606,3.5
1110,606,3.0
2671,606,4.0
2876,606,4.0
426,606,2.5
4179,606,4.0
3893,606,4.0
978,606,1.5
4012,606,4.0
4611,606,5.0
3990,606,5.0
4336,606,4.5
2407,606,5.0
3819,606,4.0
2970,606,5.0
4288,606,4.5
4227,606,5.0
3892,606,4.0
1924,606,4.0
3452,606,4.0
2220,606,3.5
1107,606,4.5
1192,606,4.0
4307,606,5.0
3449,606,4.0
2971,606,3.5
2517,606,2.5
4586,606,4.0
4297,606,4.0
3725,606,4.5
2608,606,4.0
2406,606,3.5
2553,606,4.0
1528,606,4.5
839,606,4.0
3162,606,4.0
2173,606,4.5
2331,606,4.0
1666,606,4.0
3745,606,4.5
2456,606,4.0
3243,606,4.0
2288,606,3.5
3300,606,4.0
2493,606,3.5
3993,606,3.5
4056,606,4.5
1008,606,4.0
2027,606,4.0
2458,606,4.5
1372,606,3.5
3533,606,4.0
3448,606,3.5
903,606,3.5
2007,606,4.0
2376,606,4.0
840,606,3.5
1397,606,4.0
1460,606,3.5
3079,606,2.5
1039,606,2.5
4647,606,3.5
1033,606,4.0
366,606,3.5
946,606,2.5
4021,606,4.5
1379,606,4.0
593,606,3.5
802,606,3.5
1354,606,3.5
2982,606,2.0
2821,606,4.0
3470,606,4.5
2216,606,4.0
2979,606,4.5
26,606,4.0
2825,606,4.0
905,606,4.0
828,606,3.5
2313,606,4.0
1023,606,3.5
165,606,0.5
4745,606,3.5
2021,606,3.0
4342,606,3.5
4340,606,3.5
1532,606,3.5
1815,606,4.0
3311,606,4.0
1399,606,2.5
2688,606,1.5
1364,606,0.5
2641,606,5.0
1154,606,3.5
1167,606,2.5
1960,606,4.0
1081,606,4.0
863,606,3.0
629,606,4.0
3241,606,3.5
1700,606,3.5
1787,606,4.0
3883,606,4.0
2533,606,4.0
3911,606,3.5
2842,606,4.5
4646,606,4.0
2111,606,4.0
3943,606,4.0
3061,606,4.0
408,606,4.0
397,606,3.0
2873,606,3.0
25,606,3.5
3052,606,3.0
1783,606,4.0
795,606,2.0
639,606,3.5
906,606,3.5
916,606,3.5
2694,606,3.5
1250,606,3.0
3206,606,2.5
2672,606,1.5
1561,606,3.0
2931,606,4.0
234,606,3.5
1122,606,4.0
2041,606,3.5
2813,606,1.0
651,606,4.0
568,606,3.0
2940,606,4.0
2317,606,3.0
1214,606,4.0
2519,606,4.5
4085,606,4.0
3342,606,3.0
3890,606,3.5
4077,606,4.0
663,606,5.0
1229,606,3.0
2756,606,5.0
2018,606,4.0
4006,606,4.0
2670,606,3.5
537,606,3.5
1335,606,4.0
1915,606,4.0
1977,606,4.0
1390,606,4.0
833,606,2.0
3274,606,4.5
1430,606,3.5
4474,606,3.5
1183,606,4.0
910,606,4.0
3542,606,4.5
2730,606,4.0
4244,606,4.0
2178,606,3.5
573,606,3.5
3261,606,3.0
3930,606,4.0
2705,606,3.0
275,606,3.5
3873,606,4.0
4731,606,3.5
2376,606,3.5
1968,606,4.0
347,606,2.0
4081,606,4.0
1217,606,3.0
766,606,3.5
3273,606,3.0
2802,606,4.0
3580,606,4.5
351,606,1.5
2451,606,4.0
2674,606,3.5
1835,606,4.5
631,606,3.5
1114,606,4.0
385,606,3.5
1793,606,4.5
2735,606,3.5
3469,606,3.5
2092,606,2.0
2513,606,2.5
1243,606,4.0
3577,606,4.0
1366,606,1.5
1584,606,3.5
1834,606,4.0
1853,606,4.0
900,606,4.0
876,606,4.0
111,606,3.0
309,606,4.0
2516,606,4.0
333,606,2.0
364,606,3.5
169,606,2.5
1902,606,2.5
2521,606,2.5
1595,606,2.0
2603,606,3.0
335,606,2.5
832,606,1.0
1543,606,1.0
807,606,3.5
2956,606,2.5
1717,606,2.5
2630,606,3.5
232,606,4.0
1182,606,3.0
373,606,3.5
2535,606,4.0
2350,606,4.0
389,606,4.0
576,606,3.5
1018,606,3.0
2030,606,4.0
2641,606,3.5
4302,606,4.5
632,606,4.5
3597,606,4.0
2515,606,2.5
160,606,4.0
939,606,3.0
1759,606,4.0
231,606,3.5
1754,606,3.5
276,606,4.0
3620,606,3.5
4356,606,3.5
3277,606,4.0
3773,606,4.0
2082,606,3.5
2511,606,2.5
3897,606,4.0
2362,606,3.5
1143,606,4.0
2722,606,3.5
277,606,4.0
1030,606,3.0
823,606,3.0
3705,606,4.0
317,606,4.0
884,606,3.0
1110,606,3.5
1541,606,4.0
1969,606,1.5
3524,606,4.0
1204,606,4.0
424,606,2.5
329,606,4.0
3734,606,4.0
875,606,3.5
200,606,3.0
370,606,2.0
3744,606,4.0
3515,606,4.0
2102,606,3.0
1559,606,4.5
757,606,2.0
829,606,4.5
2877,606,3.0
1063,606,2.5
172,606,4.5
2190,606,4.0
2820,606,3.5
1009,606,3.5
584,606,4.0
439,606,4.0
2862,606,4.5
649,606,3.5
3571,606,4.0
1978,606,2.5
3444,606,4.5
2155,606,4.0
831,606,4.5
3147,606,4.0
566,606,4.0
192,606,4.0
4749,606,4.0
3450,606,4.0
31,606,2.5
1192,606,3.5
2947,606,3.5
958,606,2.5
1411,606,4.0
3063,606,4.0
1361,606,3.5
1362,606,3.5
4273,606,3.5
4274,606,3.5
2888,606,4.0
1684,606,4.0
3946,606,3.5
1560,606,4.0
2400,606,3.5
118,606,4.0
1796,606,3.0
3505,606,4.0
1179,606,4.0
230,606,4.0
510,606,4.0
249,606,3.5
4101,606,4.5
1296,606,2.5
1597,606,4.5
2720,606,4.5
869,606,3.5
3351,606,4.5
2668,606,4.0
941,606,3.5
1727,606,3.5
115,606,3.5
2572,606,4.0
405,606,4.0
4353,606,4.0
3315,606,4.0
919,606,4.0
1617,606,2.5
3153,606,4.5
609,606,2.5
567,606,3.5
13,606,2.0
3579,606,4.0
577,606,3.5
1629,606,3.5
3242,606,4.0
2136,606,3.5
1487,606,1.0
2532,606,4.0
2318,606,3.0
4109,606,3.5
879,606,3.5
673,606,4.0
298,606,3.5
293,606,2.5
2760,606,4.0
119,606,4.0
1197,606,3.0
6,606,2.0
2,606,2.0
114,606,3.5
1593,606,3.5
2181,606,4.0
3332,606,4.5
1832,606,3.0
1442,606,3.0
117,606,2.5
58,606,4.0
121,606,3.0
2669,606,5.0
1816,606,4.5
2624,606,3.0
349,606,4.0
9,606,4.0
1,606,3.0
93,606,4.0
427,606,4.5
147,606,2.5
391,606,3.5
155,606,3.0
1544,607,4.0
3749,607,3.0
1573,607,3.0
2930,607,4.0
1319,607,4.0
557,607,5.0
636,607,5.0
300,607,3.0
356,607,4.0
737,607,3.0
76,607,3.0
930,607,4.0
3236,607,3.0
2950,607,3.0
1545,607,5.0
283,607,4.0
585,607,5.0
645,607,4.0
676,607,4.0
1821,607,5.0
1839,607,4.0
280,607,4.0
1361,607,3.0
1362,607,3.0
4273,607,3.0
4274,607,3.0
384,607,5.0
479,607,5.0
978,607,3.0
3819,607,2.0
1705,607,5.0
2971,607,5.0
2517,607,4.0
4082,607,4.0
1850,607,4.0
839,607,3.0
3162,607,3.0
2173,607,3.0
3243,607,5.0
2662,607,3.0
2288,607,3.0
4056,607,3.0
1008,607,4.0
3451,607,4.0
2458,607,4.0
1036,607,1.0
574,607,5.0
2818,607,1.0
429,607,3.0
2812,607,4.0
2285,607,5.0
1344,607,4.0
447,607,5.0
1964,607,5.0
150,607,5.0
165,607,4.0
4340,607,4.0
4289,607,4.0
2412,607,5.0
1399,607,4.0
954,607,3.0
629,607,5.0
1700,607,3.0
279,607,5.0
1026,607,3.0
234,607,3.0
1537,607,3.0
3831,607,4.0
2317,607,4.0
2519,607,3.0
1153,607,5.0
1735,607,4.0
2682,607,3.0
225,607,3.0
2289,607,3.0
418,607,4.0
3835,607,3.0
22,607,2.0
344,607,3.0
376,607,2.0
269,607,3.0
1055,607,2.0
3703,607,3.0
2095,607,2.0
1166,607,4.0
4474,607,5.0
1183,607,4.0
3889,607,5.0
239,607,3.0
2072,607,3.0
512,607,3.0
546,607,3.0
2738,607,1.0
385,607,4.0
2735,607,3.0
1544,608,2.5
696,608,4.0
893,608,4.5
1553,608,2.0
1540,608,3.5
1573,608,3.5
2721,608,3.0
2103,608,0.5
813,608,0.5
2184,608,3.0
2687,608,2.5
646,608,2.0
2993,608,3.0
557,608,4.0
4344,608,3.0
1994,608,3.5
636,608,2.0
300,608,2.5
821,608,0.5
921,608,2.5
3353,608,3.0
536,608,0.5
1283,608,4.5
3447,608,2.5
1253,608,3.0
1380,608,3.0
76,608,3.0
4780,608,2.5
930,608,2.5
3236,608,5.0
1939,608,3.5
1305,608,3.0
2819,608,3.5
810,608,3.0
3702,608,3.0
1545,608,2.5
1718,608,3.0
283,608,3.0
677,608,4.0
1407,608,1.5
953,608,2.5
3410,608,4.5
676,608,3.0
1814,608,2.0
2486,608,4.0
2049,608,1.0
1821,608,4.0
1728,608,3.5
1136,608,0.5
1839,608,3.5
2793,608,3.5
2514,608,1.0
2020,608,2.5
1698,608,3.0
280,608,3.0
2281,608,3.0
1361,608,3.0
1362,608,3.0
4273,608,3.0
4274,608,3.0
4265,608,2.5
1110,608,0.5
2671,608,2.5
3154,608,3.5
426,608,3.5
804,608,3.5
453,608,3.0
1087,608,1.0
384,608,3.0
2341,608,1.5
4179,608,4.0
966,608,2.0
3893,608,3.0
1886,608,2.5
287,608,3.0
1498,608,3.0
1639,608,3.5
571,608,3.5
978,608,3.0
1067,608,2.0
2970,608,3.0
3892,608,0.5
2675,608,2.5
1705,608,3.0
4016,608,3.0
4678,608,4.0
1107,608,3.0
3934,608,3.5
4307,608,4.0
2971,608,2.5
2517,608,3.0
3464,608,3.0
4586,608,3.0
3725,608,3.5
2406,608,4.5
1528,608,3.0
1850,608,4.5
839,608,4.0
3162,608,4.0
2948,608,3.5
2173,608,3.0
2662,608,3.5
2288,608,2.0
3300,608,4.0
2493,608,2.5
4056,608,2.0
1008,608,4.0
429,608,2.5
2812,608,2.5
474,608,3.5
903,608,3.0
2824,608,1.5
2285,608,3.0
1397,608,4.5
1039,608,3.0
1061,608,3.0
2568,608,4.0
2327,608,3.0
447,608,3.0
260,608,2.0
211,608,2.0
305,608,4.0
443,608,2.5
366,608,2.5
946,608,2.5
2546,608,4.0
771,608,4.0
1194,608,3.0
456,608,3.5
388,608,3.0
1377,608,3.0
1755,608,3.0
4638,608,1.0
2408,608,3.0
802,608,4.5
1354,608,5.0
2575,608,3.5
301,608,3.5
1614,608,0.5
741,608,4.0
451,608,2.0
2979,608,4.5
1964,608,3.5
26,608,2.0
246,608,3.0
2825,608,4.5
1765,608,5.0
3259,608,4.0
3790,608,4.5
1881,608,0.5
550,608,3.5
905,608,3.5
462,608,3.5
763,608,3.5
353,608,3.5
150,608,3.5
165,608,3.0
4745,608,4.5
2021,608,3.5
4340,608,4.5
1815,608,4.5
3171,608,3.0
1399,608,3.0
1364,608,3.0
2915,608,2.5
954,608,2.0
1154,608,2.5
1167,608,2.5
1081,608,3.5
629,608,4.5
1721,608,1.0
1700,608,3.0
549,608,4.0
1058,608,4.0
2533,608,3.0
2768,608,2.0
2842,608,5.0
4646,608,4.0
841,608,3.0
2679,608,3.0
2111,608,3.5
705,608,4.0
4379,608,2.5
3061,608,4.0
1971,608,1.5
397,608,4.0
486,608,3.5
906,608,4.0
3206,608,1.5
920,608,5.0
3049,608,5.0
1222,608,3.5
279,608,3.5
2931,608,3.0
1653,608,2.5
2883,608,3.5
3429,608,4.0
2087,608,4.5
2629,608,2.0
1026,608,3.5
234,608,4.0
814,608,2.5
846,608,4.0
1360,608,3.0
1537,608,1.5
71,608,2.5
2813,608,2.5
2066,608,3.0
651,608,3.0
619,608,1.0
2317,608,2.5
1227,608,3.5
1504,608,4.0
2845,608,3.5
2519,608,5.0
1735,608,3.0
1014,608,3.5
4085,608,1.0
208,608,2.0
2089,608,1.0
663,608,5.0
225,608,2.0
2289,608,3.0
2756,608,2.0
22,608,3.0
3008,608,4.0
1500,608,2.5
344,608,2.5
2322,608,2.0
1335,608,4.0
1055,608,4.0
1977,608,3.0
3703,608,3.0
2095,608,3.0
833,608,3.0
1166,608,3.0
3177,608,4.5
1998,608,4.5
1348,608,2.5
374,608,2.5
910,608,2.5
1996,608,3.0
3889,608,3.5
239,608,2.0
1830,608,2.0
2072,608,0.5
2730,608,3.5
2090,608,2.5
2151,608,4.5
573,608,3.0
1538,608,4.5
2330,608,3.0
1115,608,2.5
3455,608,3.0
275,608,4.0
481,608,2.0
2460,608,3.0
214,608,3.5
1483,608,2.0
1789,608,3.5
3741,608,1.5
540,608,4.0
1123,608,2.0
896,608,4.0
512,608,4.0
347,608,3.0
1062,608,3.5
766,608,4.0
3463,608,3.0
4348,608,3.0
812,608,4.0
3707,608,5.0
1019,608,3.0
351,608,3.5
472,608,2.5
546,608,4.5
2909,608,5.0
2738,608,2.5
631,608,4.0
1114,608,3.5
385,608,3.0
1045,608,2.5
1793,608,4.5
1007,608,4.5
1664,608,4.5
2735,608,3.0
2513,608,2.5
402,608,4.5
3577,608,4.5
1702,608,3.0
1584,608,4.0
1834,608,3.0
2472,608,1.0
2592,608,0.5
1853,608,4.0
900,608,4.5
876,608,0.5
111,608,3.0
475,608,4.0
469,608,4.5
359,608,3.0
333,608,3.5
364,608,4.5
702,608,2.0
1056,608,2.0
169,608,4.5
2319,608,2.0
3627,608,3.0
2521,608,2.0
2995,608,3.5
2926,608,2.5
335,608,3.0
3536,608,3.0
3488,608,2.5
279,608,3.0
3623,608,0.5
605,608,3.5
4240,608,2.5
2042,608,1.5
1054,608,4.5
1719,608,3.0
2001,608,2.5
1065,608,4.0
1017,608,3.0
3712,608,4.5
232,608,4.0
1182,608,4.0
373,608,4.0
389,608,4.5
2547,608,3.0
576,608,4.0
2130,608,2.5
1018,608,3.5
1195,608,4.0
2641,608,4.5
632,608,4.0
1398,608,4.5
865,608,4.5
1012,608,4.5
1060,608,4.5
2945,608,4.5
3597,608,3.0
2515,608,1.5
716,608,3.0
160,608,3.0
231,608,4.5
1035,608,4.0
1861,608,2.0
431,608,3.5
276,608,4.5
908,608,3.0
445,608,4.0
565,608,4.0
569,608,3.5
2833,608,4.5
498,608,4.5
2479,608,3.5
3897,608,3.5
3561,608,2.0
277,608,3.0
148,608,3.5
2310,608,4.0
2256,608,5.0
756,608,2.5
1569,608,3.0
3705,608,4.0
317,608,4.0
3320,608,4.0
884,608,4.0
1541,608,4.0
1691,608,4.5
1969,608,3.5
3786,608,4.5
2928,608,4.0
895,608,4.0
1714,608,4.0
4227,608,2.0
424,608,4.5
329,608,4.0
3244,608,3.5
220,608,3.5
166,608,2.0
94,608,4.0
200,608,4.0
575,608,4.0
3034,608,3.0
1704,608,3.5
2032,608,4.5
3424,608,3.5
2102,608,4.5
3541,608,2.0
1559,608,3.0
829,608,4.0
1044,608,1.5
1497,608,4.0
2190,608,2.5
2326,608,4.0
2820,608,3.0
1785,608,0.5
584,608,4.0
2455,608,3.5
733,608,4.0
2746,608,4.0
499,608,4.0
727,608,4.0
1205,608,4.0
1710,608,4.0
2155,608,4.5
729,608,5.0
831,608,4.0
725,608,4.5
2333,608,3.5
275,608,4.5
566,608,4.5
3618,608,4.0
192,608,4.0
4582,608,3.0
4749,608,3.5
1551,608,3.5
3450,608,3.0
31,608,3.5
267,608,4.5
3438,608,3.5
4022,608,4.0
715,608,4.0
578,608,5.0
3601,608,5.0
4298,608,3.5
2947,608,4.0
1845,608,4.5
292,608,4.5
248,608,4.5
1796,608,4.0
669,608,4.0
539,608,4.0
442,608,4.0
1179,608,5.0
249,608,4.5
4125,608,4.0
186,608,4.5
1296,608,4.0
558,608,4.5
1112,608,4.0
1636,608,2.0
933,608,4.0
1761,608,4.0
34,608,4.0
2474,608,4.5
688,608,5.0
2698,608,2.5
742,608,4.0
686,608,3.0
112,608,5.0
2395,608,4.5
1544,609,3.0
696,609,4.0
557,609,3.0
2131,609,3.0
636,609,3.0
824,609,3.0
76,609,3.0
930,609,3.0
3236,609,4.0
1305,609,3.0
810,609,4.0
645,609,3.0
676,609,3.0
280,609,3.0
2281,609,4.0
1361,609,3.0
1362,609,3.0
4273,609,3.0
4274,609,3.0
2695,609,3.0
287,609,3.0
1544,610,5.0
893,610,4.5
2184,610,4.0
646,610,3.5
557,610,4.5
4344,610,5.0
300,610,3.0
4023,610,5.0
3236,610,5.0
2819,610,3.0
810,610,3.0
1545,610,5.0
283,610,5.0
3410,610,5.0
676,610,5.0
2049,610,2.0
1821,610,3.5
1728,610,5.0
280,610,5.0
1361,610,4.5
1362,610,4.5
4273,610,4.5
4274,610,4.5
4179,610,4.5
3893,610,5.0
1886,610,4.0
978,610,3.0
4336,610,3.5
2970,610,4.5
3743,610,4.0
1705,610,5.0
4043,610,2.0
4307,610,5.0
3449,610,4.0
2971,610,4.5
3464,610,4.0
4586,610,5.0
2608,610,4.5
2406,610,5.0
1528,610,5.0
1850,610,5.0
839,610,4.5
3162,610,4.5
2948,610,4.5
1666,610,4.0
2347,610,5.0
3745,610,3.0
2662,610,4.5
2288,610,5.0
3300,610,5.0
4486,610,3.0
1008,610,4.5
1372,610,3.5
3680,610,4.5
1039,610,3.0
443,610,3.5
2982,610,4.5
301,610,5.0
26,610,3.0
1741,610,2.0
905,610,4.0
1892,610,4.0
2313,610,5.0
2021,610,5.0
2412,610,4.5
629,610,5.0
1912,610,3.5
2172,610,3.0
234,610,3.0
2041,610,3.5
3831,610,3.5
2519,610,3.5
208,610,5.0
663,610,5.0
2829,610,5.0
1519,610,4.0
225,610,5.0
418,610,4.5
2018,610,3.5
3178,610,4.5
344,610,5.0
892,610,4.0
1390,610,5.0
1166,610,3.0
3177,610,4.0
1998,610,4.0
4104,610,5.0
1996,610,3.0
3889,610,3.0
4704,610,3.0
3465,610,3.0
3542,610,5.0
3032,610,4.5
1840,610,3.0
2151,610,4.0
2330,610,5.0
3261,610,4.5
3455,610,3.0
2705,610,2.0
275,610,5.0
2193,610,2.0
2460,610,3.5
214,610,3.0
834,610,3.5
1483,610,1.0
4003,610,5.0
1637,610,4.5
1921,610,4.5
874,610,3.0
540,610,3.0
1123,610,4.0
896,610,3.5
512,610,3.5
347,610,3.5
414,610,3.0
1062,610,1.5
367,610,3.0
2983,610,2.5
1974,610,3.5
766,610,5.0
2579,610,2.5
3463,610,4.5
1548,610,3.5
4348,610,4.0
3084,610,2.5
3617,610,3.0
812,610,4.0
3707,610,3.5
3580,610,4.5
1019,610,2.5
2570,610,2.5
351,610,2.0
472,610,2.5
488,610,2.0
546,610,4.5
524,610,3.0
2909,610,4.5
631,610,3.0
385,610,3.5
1045,610,2.5
1793,610,4.5
1725,610,2.0
1007,610,3.5
2735,610,2.0
1572,610,3.0
684,610,2.5
3577,610,5.0
1311,610,3.0
1366,610,3.5
1834,610,3.5
2472,610,3.0
1853,610,4.5
900,610,3.5
876,610,2.5
111,610,2.5
475,610,3.0
469,610,2.5
333,610,2.0
556,610,2.0
364,610,3.5
3732,610,4.0
1863,610,3.5
1056,610,2.5
169,610,3.0
4069,610,1.0
3755,610,4.0
335,610,3.0
3536,610,3.5
279,610,2.0
346,610,3.0
1543,610,3.5
1446,610,1.0
4240,610,4.0
1016,610,3.5
1738,610,2.5
2994,610,3.5
1054,610,4.5
1536,610,3.5
1719,610,4.0
2001,610,4.0
2630,610,5.0
3712,610,5.0
232,610,4.0
1182,610,3.5
1405,610,1.0
373,610,3.5
1190,610,3.5
389,610,4.0
576,610,3.5
1828,610,3.5
321,610,4.5
1195,610,4.0
409,610,2.5
1340,610,2.5
4299,610,4.0
1414,610,2.0
1398,610,2.5
865,610,4.0
1012,610,3.5
3460,610,2.5
2945,610,4.0
716,610,2.0
2699,610,2.0
160,610,4.5
1759,610,3.5
231,610,3.5
1035,610,3.0
237,610,3.0
431,610,3.5
276,610,4.0
908,610,2.5
747,610,2.5
445,610,3.5
674,610,3.5
565,610,4.0
1304,610,3.0
569,610,2.0
2833,610,4.0
3185,610,4.0
3773,610,4.0
498,610,4.0
3897,610,4.0
1898,610,5.0
277,610,4.0
2310,610,4.0
2256,610,3.5
3705,610,5.0
317,610,3.5
3320,610,3.5
884,610,3.5
1691,610,4.0
3346,610,2.0
1792,610,3.0
4196,610,4.0
934,610,3.5
633,610,3.0
2928,610,3.5
3364,610,3.0
895,610,2.0
1714,610,3.0
424,610,3.5
329,610,4.0
3244,610,5.0
220,610,1.5
94,610,3.5
200,610,4.0
187,610,3.0
2645,610,3.0
575,610,3.5
1826,610,3.0
1788,610,3.5
4093,610,4.0
4219,610,3.5
1704,610,3.5
3744,610,5.0
2390,610,4.0
1261,610,2.0
2032,610,3.0
4375,610,4.0
2102,610,4.5
757,610,3.0
829,610,4.5
1497,610,3.5
1063,610,3.5
172,610,4.0
2326,610,4.5
4786,610,4.0
584,610,4.0
847,610,3.0
733,610,1.5
1124,610,3.0
516,610,3.5
3239,610,3.0
499,610,3.0
1710,610,4.0
2155,610,5.0
1824,610,2.5
729,610,4.0
1710,610,5.0
831,610,4.5
725,610,4.0
2333,610,4.0
1245,610,4.0
3618,610,4.0
192,610,4.5
1776,610,2.5
4582,610,3.0
264,610,3.0
31,610,5.0
1849,610,4.5
267,610,3.0
4022,610,3.5
715,610,4.5
578,610,2.5
1078,610,3.0
957,610,2.0
608,610,2.5
3601,610,5.0
2048,610,3.5
4803,610,4.0
2139,610,4.0
2410,610,4.0
3639,610,4.5
4298,610,3.0
655,610,2.5
2696,610,2.5
3946,610,5.0
533,610,3.5
3435,610,3.5
118,610,3.0
689,610,3.0
1637,610,3.0
816,610,3.0
1433,610,2.5
539,610,3.0
1179,610,4.5
1229,610,3.5
768,610,1.5
268,610,3.0
230,610,4.0
249,610,3.0
120,610,4.0
186,610,4.0
1576,610,3.0
1791,610,3.0
1516,610,3.5
596,610,2.0
994,610,3.0
1597,610,3.5
2628,610,5.0
3559,610,2.5
558,610,4.0
4327,610,5.0
115,610,3.5
25,610,3.5
529,610,3.5
3682,610,4.0
1112,610,2.5
1842,610,3.5
1636,610,2.0
1084,610,3.0
933,610,3.5
3315,610,3.5
919,610,4.0
1761,610,3.0
2512,610,4.0
4443,610,3.5
948,610,3.0
140,610,4.0
2339,610,4.0
34,610,3.0
567,610,3.0
417,610,3.0
13,610,3.5
3579,610,3.5
577,610,3.0
11,610,3.5
3242,610,5.0
1487,610,2.0
555,610,4.0
1606,610,4.0
2856,610,3.0
3112,610,3.0
4045,610,3.5
2318,610,4.5
3888,610,3.0
511,610,5.0
278,610,5.0
298,610,3.0
2415,610,3.0
119,610,5.0
218,610,2.0
2474,610,5.0
422,610,5.0
688,610,4.0
742,610,3.0
686,610,3.5
881,610,4.0
1277,610,4.0
1282,610,3.0
6,610,3.5
4047,610,5.0
1747,610,5.0
2564,610,4.0
2,610,3.5
3316,610,3.5
3292,610,3.0
2017,610,4.0
262,610,4.0
112,610,3.0
114,610,4.0
592,610,4.0
2395,610,5.0
59,610,1.5
2412,610,3.0
1021,610,3.5
985,610,4.0
1072,610,2.5
2181,610,3.5
2800,610,4.0
1607,610,3.0
282,610,3.5
1832,610,5.0
2213,610,3.5
152,610,3.0
2401,610,2.0
117,610,4.0
3338,610,4.0
1858,610,5.0
3528,610,4.0
4072,610,4.0
1829,610,4.0
4243,610,4.0
421,610,4.0
2619,610,5.0
420,610,2.5
1180,610,3.0
3994,610,2.0
1575,610,4.0
2826,610,4.0
69,610,4.0
1818,610,3.5
54,610,3.0
182,610,3.5
58,610,4.5
513,610,2.0
116,610,3.0
164,610,3.5
4173,610,4.5
1786,610,4.0
354,610,4.5
1413,610,1.5
1332,610,3.5
448,610,2.5
1973,610,3.5
2374,610,3.0
2669,610,5.0
12,610,3.5
361,610,3.0
723,610,4.0
553,610,3.5
1181,610,4.0
923,610,3.0
572,610,5.0
2203,610,4.0
3628,610,4.0
123,610,1.0
159,610,4.0
44,610,3.0
1601,610,4.5
67,610,3.5
36,610,2.0
3343,610,3.5
9,610,4.0
1557,610,4.5
2554,610,4.5
1620,610,3.0
1273,610,3.5
996,610,3.0
348,610,4.0
4584,610,3.0
1991,610,3.5
294,610,4.0
1568,610,4.0
1259,610,4.0
60,610,3.0
2033,610,0.5
1799,610,3.5
1,610,4.5
357,610,3.5
4251,610,4.0
2160,610,3.5
2718,610,1.0
2906,610,4.5
440,610,4.5
3528,610,3.5
4072,610,3.5
313,610,3.0
125,610,3.5
1346,610,3.5
93,610,5.0
1723,610,3.5
80,610,3.5
3823,610,4.5
4352,610,4.0
4168,610,3.5
43,610,5.0
2502,610,5.0
1203,610,3.5
615,610,4.0
97,610,4.0
189,610,3.0
412,610,4.0
2806,610,3.0
800,610,2.5
2211,610,3.5
3002,610,3.0
4546,610,4.0
712,610,3.0
3895,610,3.0
2351,610,4.0
2733,610,3.5
345,610,3.5
1368,610,4.0
40,610,3.5
1219,610,3.5
179,610,3.5
620,610,3.0
1509,610,3.0
548,610,3.0
4230,610,3.5
1613,610,3.5
1221,610,3.0
3159,610,3.5
130,610,3.5
1502,610,4.0
769,610,2.5
18,610,3.0
138,610,3.5
102,610,4.0
909,610,3.5
53,610,2.5
988,610,2.5
1367,610,3.5
41,610,2.5
2561,610,5.0
926,610,4.0
336,610,4.0
1896,610,3.5
3801,610,4.0
2083,610,4.0
4479,610,4.5
3249,610,4.0
3563,610,3.5
70,610,3.5
427,610,4.0
206,610,3.5
154,610,4.5
4143,610,3.5
2827,610,5.0
393,610,3.5
5,610,3.5
4755,610,3.5
221,610,3.5
3474,610,4.0
2464,610,4.0
4477,610,4.0
56,610,3.5
625,610,2.5
904,610,4.0
4181,610,3.5
208,610,4.0
30,610,4.0
1571,610,5.0
2548,610,4.0
3788,610,5.0
1043,610,2.0
3902,610,4.0
1104,610,4.0
2725,610,3.5
3567,610,3.0
302,610,3.5
90,610,4.0
2074,610,4.5
217,610,4.0
656,610,2.0
1570,610,3.0
718,610,3.5
288,610,4.5
1391,610,4.0
2140,610,1.5
3057,610,3.5
938,610,3.0
1621,610,3.5
2887,610,3.5
38,610,3.0
2433,610,3.5
2498,610,3.5
229,610,2.5
3553,610,3.0
1503,610,4.0
32,610,5.0
48,610,3.0
4779,610,4.0
520,610,3.0
15,610,3.0
35,610,3.5
4603,610,3.5
52,610,4.5
46,610,3.0
223,610,3.5
3849,610,2.5
434,610,3.0
1743,610,3.0
1321,610,3.5
2865,610,4.0
1053,610,4.0
3558,610,3.0
1334,610,3.5
819,610,3.0
4496,610,3.0
261,610,3.5
127,610,3.5
3575,610,4.0
184,610,4.0
2955,610,4.0
1151,610,4.0
2000,610,5.0
1160,610,3.5
907,610,3.5
1288,610,5.0
745,610,4.0
96,610,3.5
931,610,3.5
86,610,4.5
39,610,2.0
3578,610,4.5
1155,610,3.0
47,610,4.0
1231,610,3.0
75,610,4.0
135,610,4.0
912,610,4.5
161,610,5.0
3759,610,5.0
694,610,4.0
83,610,4.5
1630,610,3.0
95,610,4.5
4255,610,4.5
62,610,2.5
239,610,2.5
670,610,3.0
3590,610,3.0
3945,610,3.5
590,610,2.5
457,610,4.0
3238,610,4.5
89,610,4.0
2228,610,4.5
201,610,4.0
1173,610,3.0
29,610,3.5
643,610,3.0
1010,610,3.5
1022,610,1.0
109,610,2.5
4080,610,5.0
128,610,5.0
3004,610,3.0
8,610,4.0
183,610,3.5
789,610,3.0
27,610,5.0
65,610,3.5
3362,610,4.5
685,610,4.5
984,610,3.0
45,610,4.5
88,610,3.0
4296,610,2.0
3916,610,4.0
4360,610,3.5
271,610,3.5
1374,610,3.5
78,610,3.5
103,610,4.0
2543,610,3.5
73,610,2.5
57,610,3.5
55,610,3.5
3,610,3.5
1539,610,2.5
10,610,3.5
79,610,4.0
532,610,3.5
4730,610,1.5
177,610,4.5
1599,610,4.5
2763,610,4.0
3046,610,3.5
3841,610,4.0
2126,610,3.5
1189,610,4.0
2044,610,4.0
153,610,3.5
3982,610,3.0
3560,610,4.0
3335,610,3.5
1685,610,3.5
371,610,3.0
149,610,3.0
3562,610,3.0
1,611,5
7,611,5
125,611,5
29,611,4
33,611,3
82,611,5
26,611,3
1,613,1
